{
"type": "FeatureCollection",
"name": "lakes_existing",
"crs": { "type": "name", "properties": { "name": "urn:ogc:def:crs:OGC:1.3:CRS84" } },
"features": [
{ "type": "Feature", "properties": { "fid": 1, "year": "present", "condition": true, "Overlap": 0, "custodian": "BBMP", "status": "Work in progress", "name": "Anjanapura / Alahalli Kere", "bbmp_id": 90, "Category": "kere", "area": 59694.213527766056, "perimeter": 1224.2911242284965, "area_acres": 14.75, "valley": "Suvarnamukhi Valley", "Corporation": "South", "ward_name": "41 - Kothanur", "subvalley": "SV_1", "area_m": 59627 }, "geometry": { "type": "MultiPolygon", "coordinates": [ [ [ [ 77.56685671224102, 12.864419632045559, 0.0 ], [ 77.566725393449929, 12.864202750274039, 0.0 ], [ 77.566444803816736, 12.864187346531798, 0.0 ], [ 77.566080377811204, 12.86411427007673, 0.0 ], [ 77.565983127453933, 12.864052025003161, 0.0 ], [ 77.565673347810531, 12.86367587454825, 0.0 ], [ 77.565403019217001, 12.863220341009889, 0.0 ], [ 77.565287320568572, 12.863258981015241, 0.0 ], [ 77.565347309577319, 12.863348957018262, 0.0 ], [ 77.565448331582502, 12.863717575144609, 0.0 ], [ 77.565815833320372, 12.864344470367801, 0.0 ], [ 77.565836671433829, 12.8646933296793, 0.0 ], [ 77.565855584219932, 12.864969631984948, 0.0 ], [ 77.56581097526302, 12.86533345219978, 0.0 ], [ 77.565781343049665, 12.86558653082075, 0.0 ], [ 77.565750746862292, 12.865744823183212, 0.0 ], [ 77.565671926756352, 12.865911487288098, 0.0 ], [ 77.565608726019363, 12.866030600627051, 0.0 ], [ 77.565522417325141, 12.866252635525489, 0.0 ], [ 77.565427736489156, 12.866443153803081, 0.0 ], [ 77.565485939067614, 12.86662427582954, 0.0 ], [ 77.565557034199344, 12.866849011643044, 0.0 ], [ 77.565979230120846, 12.86711888329603, 0.0 ], [ 77.566344569238311, 12.867155092480299, 0.0 ], [ 77.566553135091468, 12.867056206067309, 0.0 ], [ 77.566970416493206, 12.866969299035388, 0.0 ], [ 77.567065408070405, 12.866758902014768, 0.0 ], [ 77.567213468572291, 12.866275574021788, 0.0 ], [ 77.56736120714902, 12.86576065065557, 0.0 ], [ 77.567576268113598, 12.865597878636748, 0.0 ], [ 77.567673254646905, 12.865568002517167, 0.0 ], [ 77.567669503619413, 12.865552525993801, 0.0 ], [ 77.567774473785775, 12.865518414344958, 0.0 ], [ 77.567822916483323, 12.865083929419251, 0.0 ], [ 77.567828394216647, 12.86503479934918, 0.0 ], [ 77.567854065473071, 12.86480455250633, 0.0 ], [ 77.567734677942141, 12.864734718086959, 0.0 ], [ 77.567416311192915, 12.864781274368699, 0.0 ], [ 77.567233250312142, 12.864579530418737, 0.0 ], [ 77.566930801900412, 12.864424342654532, 0.0 ], [ 77.56685671224102, 12.864419632045559, 0.0 ] ] ] ] } },
{ "type": "Feature", "properties": { "fid": 2, "year": "present", "condition": true, "Overlap": 0, "custodian": "BBMP", "status": "To Be Developed", "name": "Doddakallasandra  kere", "bbmp_id": 94, "Category": "kere", "area": 52044.165136374533, "perimeter": 1122.2714205769469, "area_acres": 12.86, "valley": "Suvarnamukhi Valley", "Corporation": "South", "ward_name": "40 - Anjanapura", "subvalley": "SV_1", "area_m": 51986 }, "geometry": { "type": "MultiPolygon", "coordinates": [ [ [ [ 77.562340234631876, 12.883522407976837, 0.0 ], [ 77.562429176704967, 12.883565759471088, 0.0 ], [ 77.562489803155358, 12.883595309543738, 0.0 ], [ 77.562751686470037, 12.88361195891852, 0.0 ], [ 77.562899707473974, 12.883417716143992, 0.0 ], [ 77.562843133150992, 12.88331031857942, 0.0 ], [ 77.56284902307651, 12.882989785904391, 0.0 ], [ 77.562535867925632, 12.88267278602911, 0.0 ], [ 77.562472556117882, 12.882577296799186, 0.0 ], [ 77.562421325544506, 12.882065617531849, 0.0 ], [ 77.56257562512441, 12.881960674852909, 0.0 ], [ 77.562807932393795, 12.881887631233939, 0.0 ], [ 77.56298337270384, 12.881679049172199, 0.0 ], [ 77.563082023149136, 12.881558319696799, 0.0 ], [ 77.563041911908698, 12.881433504992421, 0.0 ], [ 77.562854489437484, 12.881555103536169, 0.0 ], [ 77.562709153943587, 12.881530977310598, 0.0 ], [ 77.562669348749523, 12.881355495296461, 0.0 ], [ 77.562596003631043, 12.881236449606996, 0.0 ], [ 77.562462458214981, 12.881199650189179, 0.0 ], [ 77.562184879804548, 12.881186035618821, 0.0 ], [ 77.561884499610684, 12.881112762024822, 0.0 ], [ 77.56173195941669, 12.881031644933149, 0.0 ], [ 77.561525925729399, 12.880773310911138, 0.0 ], [ 77.561381437157337, 12.88080565531674, 0.0 ], [ 77.56023449601247, 12.882089111976528, 0.0 ], [ 77.560120396960883, 12.882246000944381, 0.0 ], [ 77.560109301467364, 12.882317346404067, 0.0 ], [ 77.560075922168238, 12.882341053462632, 0.0 ], [ 77.560075922168238, 12.882518647625661, 0.0 ], [ 77.560098910246822, 12.882563466542251, 0.0 ], [ 77.560122261176261, 12.882608992871869, 0.0 ], [ 77.56015562578574, 12.88267404241504, 0.0 ], [ 77.560776175379132, 12.88266294279042, 0.0 ], [ 77.561077910502519, 12.88259079521843, 0.0 ], [ 77.561271476430733, 12.882546396702258, 0.0 ], [ 77.561328407586089, 12.88268514203917, 0.0 ], [ 77.561397431859646, 12.882747788424728, 0.0 ], [ 77.561421264491926, 12.882850809293458, 0.0 ], [ 77.561985105912697, 12.883246074898992, 0.0 ], [ 77.562340234631876, 12.883522407976837, 0.0 ] ] ] ] } },
{ "type": "Feature", "properties": { "fid": 3, "year": "present", "condition": true, "Overlap": 0, "custodian": "BBMP", "status": "To Be Developed", "name": "Talaghattapura Kere", "bbmp_id": 121, "Category": "kere", "area": 48694.189011264592, "perimeter": 1098.6901266696566, "area_acres": 12.03, "valley": "Suvarnamukhi Valley", "Corporation": "South", "ward_name": "52 - Talagattapura", "subvalley": "SV_1", "area_m": 48642 }, "geometry": { "type": "MultiPolygon", "coordinates": [ [ [ [ 77.529832988491293, 12.86586535949878, 0.0 ], [ 77.53046114255396, 12.866480355444608, 0.0 ], [ 77.530634734272994, 12.866738308472533, 0.0 ], [ 77.530543022963883, 12.866928299098921, 0.0 ], [ 77.530477527482361, 12.867070646735137, 0.0 ], [ 77.530778896893608, 12.86738527639193, 0.0 ], [ 77.531035713170155, 12.867733991051551, 0.0 ], [ 77.531166154485703, 12.868110941044831, 0.0 ], [ 77.531557923149933, 12.868033457135352, 0.0 ], [ 77.531826312831782, 12.867980374737689, 0.0 ], [ 77.532056506961965, 12.867934846468501, 0.0 ], [ 77.53206438871301, 12.867635775482629, 0.0 ], [ 77.532118702588434, 12.86755715956642, 0.0 ], [ 77.532246566399692, 12.866988014217828, 0.0 ], [ 77.532242181745445, 12.866551202872042, 0.0 ], [ 77.532295310918045, 12.866188657902088, 0.0 ], [ 77.532935060251148, 12.866035308593307, 0.0 ], [ 77.532916066331538, 12.865917077348181, 0.0 ], [ 77.53289341264859, 12.865776064976229, 0.0 ], [ 77.53288219476957, 12.865706236953171, 0.0 ], [ 77.532727781639679, 12.86569680284823, 0.0 ], [ 77.532347701797889, 12.865673580896738, 0.0 ], [ 77.532174511556576, 12.865426716432051, 0.0 ], [ 77.531752910235994, 12.865668521190489, 0.0 ], [ 77.53115467172654, 12.865868807391077, 0.0 ], [ 77.53058791332667, 12.865870928998339, 0.0 ], [ 77.530372772140666, 12.865876357595578, 0.0 ], [ 77.529842213477053, 12.865686971310218, 0.0 ], [ 77.529771281168351, 12.865752492035908, 0.0 ], [ 77.529832988491293, 12.86586535949878, 0.0 ] ] ] ] } },
{ "type": "Feature", "properties": { "fid": 4, "year": "present", "condition": true, "Overlap": 0, "custodian": "BBMP", "status": null, "name": "Kembathahali kere", "bbmp_id": 91, "Category": "kere", "area": 14499.97650542669, "perimeter": 533.82142445125339, "area_acres": 3.58, "valley": "Suvarnamukhi Valley", "Corporation": "South", "ward_name": "40 - Anjanapura", "subvalley": "SV_1", "area_m": 14484 }, "geometry": { "type": "MultiPolygon", "coordinates": [ [ [ [ 77.576966313384276, 12.859542943928158, 0.0 ], [ 77.577271970003636, 12.858974052671769, 0.0 ], [ 77.577429429474194, 12.858080078092287, 0.0 ], [ 77.577225658394624, 12.857664694881047, 0.0 ], [ 77.576716230695695, 12.857420882676049, 0.0 ], [ 77.57656803354692, 12.857727905414061, 0.0 ], [ 77.576734755339288, 12.859308163565908, 0.0 ], [ 77.576966313384276, 12.859542943928158, 0.0 ] ] ] ] } },
{ "type": "Feature", "properties": { "fid": 5, "year": "present", "condition": true, "Overlap": 0, "custodian": "BBMP", "status": null, "name": "Agrahara Kere", "bbmp_id": 156, "Category": "kere", "area": 45267.02128906548, "perimeter": 945.95499336278431, "area_acres": 11.19, "valley": "Hebbal Nagawara Valley", "Corporation": "North", "ward_name": "20 - Sampigehalli", "subvalley": "HN_1", "area_m": 45213 }, "geometry": { "type": "MultiPolygon", "coordinates": [ [ [ [ 77.62393220604369, 13.088422521545599, 0.0 ], [ 77.623976288677511, 13.088823342809656, 0.0 ], [ 77.623978310234222, 13.089014274396439, 0.0 ], [ 77.623989767433926, 13.089240635963769, 0.0 ], [ 77.623977588618644, 13.08937398230024, 0.0 ], [ 77.623952666809572, 13.089587391743532, 0.0 ], [ 77.623866686796191, 13.089745237242299, 0.0 ], [ 77.623720739387934, 13.089931688916108, 0.0 ], [ 77.623685770603302, 13.09005194487384, 0.0 ], [ 77.623578748613284, 13.090212900582888, 0.0 ], [ 77.623517259260836, 13.090395596816318, 0.0 ], [ 77.623487149195839, 13.09054688858701, 0.0 ], [ 77.623510597251837, 13.090622142778809, 0.0 ], [ 77.623533716245248, 13.090666315072257, 0.0 ], [ 77.623641490613679, 13.090576403666049, 0.0 ], [ 77.623699202333484, 13.090464797817699, 0.0 ], [ 77.623887195954637, 13.090249729261021, 0.0 ], [ 77.624129612884829, 13.090315681895271, 0.0 ], [ 77.624364450092543, 13.090314606845826, 0.0 ], [ 77.624451560929714, 13.090303854858458, 0.0 ], [ 77.624942158297415, 13.090342543654128, 0.0 ], [ 77.625364993600982, 13.090294557569496, 0.0 ], [ 77.625898297046177, 13.09015808230563, 0.0 ], [ 77.626079527474502, 13.09006052479031, 0.0 ], [ 77.626028199738116, 13.08922432964739, 0.0 ], [ 77.626018001574181, 13.08894190572455, 0.0 ], [ 77.626015376259971, 13.088869200919969, 0.0 ], [ 77.625978667896305, 13.0888251672535, 0.0 ], [ 77.625829175130804, 13.088788752025987, 0.0 ], [ 77.625207178059284, 13.088637237479496, 0.0 ], [ 77.625113368426327, 13.08862628674505, 0.0 ], [ 77.624976426141771, 13.088557580539028, 0.0 ], [ 77.624752347245931, 13.088526797851921, 0.0 ], [ 77.624411347700359, 13.08841036763403, 0.0 ], [ 77.624214923672739, 13.08825694003032, 0.0 ], [ 77.62393220604369, 13.088422521545599, 0.0 ] ] ] ] } },
{ "type": "Feature", "properties": { "fid": 6, "year": "present", "condition": true, "Overlap": 0, "custodian": "BBMP", "status": null, "name": "Allasandra Kere", "bbmp_id": 143, "Category": "kere", "area": 147537.06466054916, "perimeter": 2063.7089314912982, "area_acres": 36.46, "valley": "Hebbal Nagawara Valley", "Corporation": "North", "ward_name": "4 - Nyayanga Badavane", "subvalley": "HN_1", "area_m": 147368 }, "geometry": { "type": "MultiPolygon", "coordinates": [ [ [ [ 77.588749881121473, 13.092245136267367, 0.0 ], [ 77.588860813190792, 13.092265728141012, 0.0 ], [ 77.589715584503224, 13.092255153287036, 0.0 ], [ 77.590190764461525, 13.092405130789208, 0.0 ], [ 77.590873298524869, 13.092879053153542, 0.0 ], [ 77.591164076414998, 13.092985338467752, 0.0 ], [ 77.59120520946631, 13.092657303030798, 0.0 ], [ 77.591047424662364, 13.092484156872079, 0.0 ], [ 77.590800293193467, 13.092290066850722, 0.0 ], [ 77.590441307338011, 13.092053417295439, 0.0 ], [ 77.589768353236721, 13.091623347175988, 0.0 ], [ 77.589340932859201, 13.091234492505411, 0.0 ], [ 77.589181780980198, 13.09093030949556, 0.0 ], [ 77.589043311728886, 13.090473028112951, 0.0 ], [ 77.588884617189237, 13.090212523183029, 0.0 ], [ 77.588746605413647, 13.089798919886286, 0.0 ], [ 77.588719991240538, 13.089384198279308, 0.0 ], [ 77.588718166134527, 13.089209484486348, 0.0 ], [ 77.588672694831175, 13.08912257484077, 0.0 ], [ 77.588382150429766, 13.089038124869562, 0.0 ], [ 77.587827902536461, 13.08930578508531, 0.0 ], [ 77.587394164393302, 13.089515246976408, 0.0 ], [ 77.587164874111224, 13.08988212410695, 0.0 ], [ 77.586460645176274, 13.09004913814934, 0.0 ], [ 77.586321335138877, 13.090129035135918, 0.0 ], [ 77.586232445019746, 13.090151768137938, 0.0 ], [ 77.586043053906465, 13.090233589836469, 0.0 ], [ 77.585504549071487, 13.09041507156323, 0.0 ], [ 77.585120477368662, 13.09054450691762, 0.0 ], [ 77.584421387428421, 13.090780104321807, 0.0 ], [ 77.584404268477542, 13.091098123191978, 0.0 ], [ 77.584283006844416, 13.09124154823281, 0.0 ], [ 77.583708035924985, 13.091444943614981, 0.0 ], [ 77.584130674159738, 13.092233807033999, 0.0 ], [ 77.585941500970051, 13.092164108752851, 0.0 ], [ 77.586520545090153, 13.092136459427595, 0.0 ], [ 77.587278510417377, 13.092172538189738, 0.0 ], [ 77.588325883041776, 13.092183868220639, 0.0 ], [ 77.588749881121473, 13.092245136267367, 0.0 ] ] ] ] } },
{ "type": "Feature", "properties": { "fid": 7, "year": "present", "condition": true, "Overlap": 0, "custodian": "BBMP", "status": null, "name": "Amruthahalli Kere", "bbmp_id": 147, "Category": "kere", "area": 82154.999887239188, "perimeter": 1343.7601043917405, "area_acres": 20.3, "valley": "Hebbal Nagawara Valley", "Corporation": "North", "ward_name": "16 - Amruthahalli", "subvalley": "HN_1", "area_m": 82059 }, "geometry": { "type": "MultiPolygon", "coordinates": [ [ [ [ 77.596228932501162, 13.061700433141359, 0.0 ], [ 77.596177494173887, 13.061860299767201, 0.0 ], [ 77.596243720672362, 13.062429186435359, 0.0 ], [ 77.596247616612587, 13.062425120227438, 0.0 ], [ 77.596248104221615, 13.062444032493893, 0.0 ], [ 77.59669498396056, 13.062394169513309, 0.0 ], [ 77.597184094682234, 13.062562988439771, 0.0 ], [ 77.598471050935984, 13.062767218012599, 0.0 ], [ 77.599361670771486, 13.062840542556557, 0.0 ], [ 77.599840090074736, 13.063021761989429, 0.0 ], [ 77.600069427123685, 13.062669964540477, 0.0 ], [ 77.599723665782562, 13.062402623656592, 0.0 ], [ 77.599639333866676, 13.062147675670579, 0.0 ], [ 77.599591169140524, 13.061801651582579, 0.0 ], [ 77.599543004414343, 13.061508410450479, 0.0 ], [ 77.599543004414343, 13.061244493133909, 0.0 ], [ 77.599476777915882, 13.061068548099508, 0.0 ], [ 77.599473445487817, 13.06106426899766, 0.0 ], [ 77.599461608133879, 13.06082751854558, 0.0 ], [ 77.599465450379583, 13.06078909608936, 0.0 ], [ 77.599524942642049, 13.060681468582619, 0.0 ], [ 77.599639333866676, 13.060511387996986, 0.0 ], [ 77.599824657249201, 13.060415105652554, 0.0 ], [ 77.599902783322108, 13.060374516213848, 0.0 ], [ 77.599910260451352, 13.060370631561691, 0.0 ], [ 77.599901343746737, 13.0603638337861, 0.0 ], [ 77.59990106479313, 13.06036176379923, 0.0 ], [ 77.599970466359053, 13.06028852360406, 0.0 ], [ 77.599873161424497, 13.060154705389394, 0.0 ], [ 77.599819920661986, 13.0600814861582, 0.0 ], [ 77.599765766272853, 13.060007010399229, 0.0 ], [ 77.599564952688198, 13.060214366865397, 0.0 ], [ 77.599265593322002, 13.060370382631557, 0.0 ], [ 77.596877513481445, 13.060956009439961, 0.0 ], [ 77.596406380202211, 13.061070223568272, 0.0 ], [ 77.596220782243904, 13.061384312420962, 0.0 ], [ 77.59622551819173, 13.061568002601918, 0.0 ], [ 77.596228932501162, 13.061700433141359, 0.0 ] ] ] ] } },
{ "type": "Feature", "properties": { "fid": 8, "year": "present", "condition": true, "Overlap": 0, "custodian": "BBMP", "status": "Work in progress", "name": "Chikkabasavanapura Kere", "bbmp_id": 34, "Category": "kere", "area": 38051.631716463715, "perimeter": 829.62601393583134, "area_acres": 9.4, "valley": "Hebbal Nagawara Valley", "Corporation": "East", "ward_name": "11 - Basavanapura", "subvalley": "HN_2", "area_m": 38001 }, "geometry": { "type": "MultiPolygon", "coordinates": [ [ [ [ 77.712442898597601, 13.0108026387253, 0.0 ], [ 77.71339404537531, 13.010997530586909, 0.0 ], [ 77.713587697276239, 13.011044353455647, 0.0 ], [ 77.713965753641446, 13.01113576326623, 0.0 ], [ 77.714060420169744, 13.010849689395858, 0.0 ], [ 77.714190754851813, 13.010455829521902, 0.0 ], [ 77.714446402486828, 13.009710147535152, 0.0 ], [ 77.712471772449376, 13.009365689917725, 0.0 ], [ 77.7116516023234, 13.009302467708547, 0.0 ], [ 77.712277383394849, 13.010488848406792, 0.0 ], [ 77.712442898597601, 13.0108026387253, 0.0 ] ] ] ] } },
{ "type": "Feature", "properties": { "fid": 9, "year": "present", "condition": true, "Overlap": 0, "custodian": "BBMP", "status": "Work in progress", "name": "Bhattarahalli kere", "bbmp_id": 49, "Category": "kere", "area": 31752.62797521241, "perimeter": 789.08598896758758, "area_acres": 7.85, "valley": "Hebbal Nagawara Valley", "Corporation": "East", "ward_name": "9 - Bhattarahalli", "subvalley": "HN_2", "area_m": 31710 }, "geometry": { "type": "MultiPolygon", "coordinates": [ [ [ [ 77.70966183317401, 13.02338849833561, 0.0 ], [ 77.709653279708107, 13.023357575190348, 0.0 ], [ 77.709094441754985, 13.023460360005522, 0.0 ], [ 77.708975468704693, 13.02357933305575, 0.0 ], [ 77.708844598349287, 13.023733998021051, 0.0 ], [ 77.708749419909054, 13.02387676568145, 0.0 ], [ 77.708689933383994, 13.024114711781978, 0.0 ], [ 77.708618549553762, 13.02420989022221, 0.0 ], [ 77.70854716572353, 13.024269376747437, 0.0 ], [ 77.708356808843078, 13.0243407605775, 0.0 ], [ 77.708147801143753, 13.024414149874081, 0.0 ], [ 77.708135172121018, 13.024430607664069, 0.0 ], [ 77.708077014275474, 13.024425750938967, 0.0 ], [ 77.707971812519332, 13.024532188388591, 0.0 ], [ 77.707886841870177, 13.024646510042791, 0.0 ], [ 77.707814009885169, 13.024733236779749, 0.0 ], [ 77.707809963663777, 13.024768715890659, 0.0 ], [ 77.707809963663777, 13.024957937729688, 0.0 ], [ 77.70782614854933, 13.025021011643908, 0.0 ], [ 77.707889629731682, 13.025150892261797, 0.0 ], [ 77.707890823019625, 13.025184264187549, 0.0 ], [ 77.708035581607305, 13.025363928810117, 0.0 ], [ 77.708344911538063, 13.025363928810121, 0.0 ], [ 77.709023057924753, 13.02507839348943, 0.0 ], [ 77.709261004025279, 13.025030804269369, 0.0 ], [ 77.709546539345979, 13.025030804269369, 0.0 ], [ 77.709940627391006, 13.024983036021348, 0.0 ], [ 77.70991829676052, 13.024930986518878, 0.0 ], [ 77.710141404597437, 13.024888036608898, 0.0 ], [ 77.709891561191924, 13.02437645249268, 0.0 ], [ 77.709832074666679, 13.024162301002212, 0.0 ], [ 77.709760690836447, 13.02374589532622, 0.0 ], [ 77.709749145554625, 13.02370415610916, 0.0 ], [ 77.70976833481609, 13.023337721052801, 0.0 ], [ 77.70966183317401, 13.02338849833561, 0.0 ] ] ] ] } },
{ "type": "Feature", "properties": { "fid": 10, "year": "present", "condition": true, "Overlap": 0, "custodian": "BBMP", "status": "Developed lake", "name": "Chelekere", "bbmp_id": 38, "Category": "kere", "area": 48312.67346220091, "perimeter": 1202.0840184655913, "area_acres": 11.94, "valley": "Hebbal Nagawara Valley", "Corporation": "East", "ward_name": "3 - Chellakere", "subvalley": "HN_2", "area_m": 48253 }, "geometry": { "type": "MultiPolygon", "coordinates": [ [ [ [ 77.646396583910374, 13.026662089841258, 0.0 ], [ 77.646287046977847, 13.026495899017521, 0.0 ], [ 77.646212962215614, 13.026285317107774, 0.0 ], [ 77.645802785316675, 13.025717130769898, 0.0 ], [ 77.645706532886493, 13.025110514799946, 0.0 ], [ 77.645534605564592, 13.02498898943972, 0.0 ], [ 77.645292709390588, 13.02504429400194, 0.0 ], [ 77.644373000576806, 13.02649138862856, 0.0 ], [ 77.644341973592034, 13.026582515059129, 0.0 ], [ 77.64366240325144, 13.027619842327319, 0.0 ], [ 77.643538483028323, 13.027808998894058, 0.0 ], [ 77.643348435313953, 13.028014079360041, 0.0 ], [ 77.643296330919895, 13.028181921175332, 0.0 ], [ 77.64336580228634, 13.028263266242048, 0.0 ], [ 77.643548612884473, 13.028258598776688, 0.0 ], [ 77.643655625432814, 13.02818706028545, 0.0 ], [ 77.643780597957928, 13.028115338455329, 0.0 ], [ 77.643875675054247, 13.02793027225016, 0.0 ], [ 77.644152523455261, 13.027618417933338, 0.0 ], [ 77.644624229250937, 13.027441394140519, 0.0 ], [ 77.645065502775594, 13.027275790160108, 0.0 ], [ 77.645503264993181, 13.027111503025969, 0.0 ], [ 77.645835617479079, 13.027116914512961, 0.0 ], [ 77.646302053985593, 13.027293465500488, 0.0 ], [ 77.646609559248986, 13.027558166534069, 0.0 ], [ 77.646800123443697, 13.027450486827258, 0.0 ], [ 77.646830873238102, 13.027431966836884, 0.0 ], [ 77.646623234685663, 13.026862307232937, 0.0 ], [ 77.646396583910374, 13.026662089841258, 0.0 ] ] ] ] } },
{ "type": "Feature", "properties": { "fid": 11, "year": "present", "condition": true, "Overlap": 0, "custodian": "BBMP", "status": "Developed lake", "name": "Chokkanahalli Kere", "bbmp_id": 158, "Category": "kere", "area": 21815.085597577505, "perimeter": 703.69545557895333, "area_acres": 5.39, "valley": "Hebbal Nagawara Valley", "Corporation": "North", "ward_name": "20 - Sampigehalli", "subvalley": "HN_1", "area_m": 21789 }, "geometry": { "type": "MultiPolygon", "coordinates": [ [ [ [ 77.629712087404911, 13.084175626297169, 0.0 ], [ 77.629650845933526, 13.084073059061367, 0.0 ], [ 77.629521782787222, 13.08395644139077, 0.0 ], [ 77.629416416926233, 13.083901313438332, 0.0 ], [ 77.629212945329513, 13.083946508707559, 0.0 ], [ 77.628688148802127, 13.084063076135781, 0.0 ], [ 77.628518260194681, 13.084233110511638, 0.0 ], [ 77.628262601287446, 13.084337812673468, 0.0 ], [ 77.628027295225579, 13.084483940733589, 0.0 ], [ 77.627941497647655, 13.08454746669268, 0.0 ], [ 77.627957706326669, 13.084657863975936, 0.0 ], [ 77.628048669433554, 13.084726960239969, 0.0 ], [ 77.628098007872509, 13.084770682598471, 0.0 ], [ 77.628176833981854, 13.08475882337056, 0.0 ], [ 77.62836855341267, 13.084756870250676, 0.0 ], [ 77.628473928337627, 13.084766852929176, 0.0 ], [ 77.628606360069142, 13.084846582700656, 0.0 ], [ 77.628799095470157, 13.084940439569991, 0.0 ], [ 77.629072656401874, 13.084962642044681, 0.0 ], [ 77.629435651797536, 13.08505188563637, 0.0 ], [ 77.629692059532616, 13.085122980334068, 0.0 ], [ 77.629889922886846, 13.085345773264237, 0.0 ], [ 77.630005613430583, 13.085468207589109, 0.0 ], [ 77.630083597330227, 13.085528069204999, 0.0 ], [ 77.630185643392082, 13.085578624521299, 0.0 ], [ 77.630286047295201, 13.085474409464078, 0.0 ], [ 77.630254800650846, 13.085364165849029, 0.0 ], [ 77.630124841118487, 13.08517313040279, 0.0 ], [ 77.630140612888766, 13.084565477795429, 0.0 ], [ 77.63008381100741, 13.08448509682998, 0.0 ], [ 77.630009256500543, 13.084447089929217, 0.0 ], [ 77.62987302244133, 13.084461447714553, 0.0 ], [ 77.629807552555036, 13.084314698748647, 0.0 ], [ 77.629712087404911, 13.084175626297169, 0.0 ] ] ] ] } },
{ "type": "Feature", "properties": { "fid": 12, "year": "present", "condition": true, "Overlap": 0, "custodian": "BBMP", "status": "Developed lake", "name": "Dodda Bommasandra Kere", "bbmp_id": 148, "Category": "kere", "area": 376117.66372446343, "perimeter": 3010.4690181904639, "area_acres": 92.94, "valley": "Hebbal Nagawara Valley", "Corporation": "North", "ward_name": "11 - Doddabommasandra", "subvalley": "HN_1", "area_m": 375700 }, "geometry": { "type": "MultiPolygon", "coordinates": [ [ [ [ 77.565645436896261, 13.064276205166149, 0.0 ], [ 77.56581895558719, 13.06430535707603, 0.0 ], [ 77.565912340795251, 13.063959831806471, 0.0 ], [ 77.566293054556184, 13.063731403549861, 0.0 ], [ 77.566692804005186, 13.06357911804548, 0.0 ], [ 77.567819376131808, 13.063359092010391, 0.0 ], [ 77.567606517031322, 13.063027083092271, 0.0 ], [ 77.566430500652814, 13.06263026612368, 0.0 ], [ 77.565855233731099, 13.062227584194259, 0.0 ], [ 77.565645841162564, 13.062037227313786, 0.0 ], [ 77.565208020337423, 13.061409049608361, 0.0 ], [ 77.564894887319781, 13.06063605626275, 0.0 ], [ 77.564636949696194, 13.06066665777451, 0.0 ], [ 77.563990763439847, 13.061540547064849, 0.0 ], [ 77.56350359229873, 13.061829325406508, 0.0 ], [ 77.56315098592745, 13.062204136126923, 0.0 ], [ 77.562619708160582, 13.062537034588788, 0.0 ], [ 77.562243469967825, 13.062781027056978, 0.0 ], [ 77.561845404056726, 13.063068919444451, 0.0 ], [ 77.561445309791452, 13.063160253724853, 0.0 ], [ 77.560911324630865, 13.063231072470218, 0.0 ], [ 77.560266626635951, 13.06336851315109, 0.0 ], [ 77.559889934097967, 13.063568823303738, 0.0 ], [ 77.559654022214147, 13.063863982935571, 0.0 ], [ 77.559741818907469, 13.064129919280846, 0.0 ], [ 77.560468134013831, 13.06409308162279, 0.0 ], [ 77.560982097591136, 13.067195898774459, 0.0 ], [ 77.560262606640947, 13.067300110872049, 0.0 ], [ 77.560310541067508, 13.067627265547179, 0.0 ], [ 77.560423958091931, 13.067822719213046, 0.0 ], [ 77.560715597958449, 13.068718753818127, 0.0 ], [ 77.563628058229654, 13.068756825194381, 0.0 ], [ 77.564165748047969, 13.067698234868258, 0.0 ], [ 77.564293324478115, 13.067107236497641, 0.0 ], [ 77.564445434213042, 13.066734413830151, 0.0 ], [ 77.564731210137793, 13.066360264152312, 0.0 ], [ 77.564838537867047, 13.065966044090601, 0.0 ], [ 77.565014954625042, 13.065789557241256, 0.0 ], [ 77.565322780774522, 13.06539334639314, 0.0 ], [ 77.565473760046984, 13.064911325216711, 0.0 ], [ 77.565514027973393, 13.064495929107411, 0.0 ], [ 77.565645436896261, 13.064276205166149, 0.0 ] ] ] ] } },
{ "type": "Feature", "properties": { "fid": 13, "year": "present", "condition": true, "Overlap": 0, "custodian": "BBMP", "status": "Work in progress", "name": "Hoodi kere", "bbmp_id": 25, "Category": "kere", "area": 90731.639344733208, "perimeter": 1425.7203048636093, "area_acres": 22.42, "valley": "Hebbal Nagawara Valley", "Corporation": "East", "ward_name": "34 - Kaveri Nagara", "subvalley": "HN_2", "area_m": 90608 }, "geometry": { "type": "MultiPolygon", "coordinates": [ [ [ [ 77.721652994671373, 12.98862551678784, 0.0 ], [ 77.721674668479693, 12.988923461274441, 0.0 ], [ 77.72174905444588, 12.988919293675057, 0.0 ], [ 77.721867522143114, 12.988918052293556, 0.0 ], [ 77.722027445423151, 12.988895625360449, 0.0 ], [ 77.722014129905233, 12.988651090260937, 0.0 ], [ 77.722042825015919, 12.98837628065974, 0.0 ], [ 77.722138077887735, 12.988163409413991, 0.0 ], [ 77.722428453051577, 12.987948493291478, 0.0 ], [ 77.722936792487886, 12.98790899218365, 0.0 ], [ 77.723501178766682, 12.987896240928608, 0.0 ], [ 77.723794309087594, 12.987934175103668, 0.0 ], [ 77.723899732998234, 12.988015084923418, 0.0 ], [ 77.724012572739497, 12.988136924552359, 0.0 ], [ 77.724083451611946, 12.988245534944856, 0.0 ], [ 77.72411214598435, 12.988320414679219, 0.0 ], [ 77.724253233259219, 12.988476130936821, 0.0 ], [ 77.724427598848351, 12.988487971382469, 0.0 ], [ 77.724525011025534, 12.9884732804589, 0.0 ], [ 77.724643478236729, 12.988472037854148, 0.0 ], [ 77.724677427064478, 12.988389666533671, 0.0 ], [ 77.724727775430054, 12.988217585648728, 0.0 ], [ 77.724736268929263, 12.98803365003797, 0.0 ], [ 77.724679178104012, 12.987911226038946, 0.0 ], [ 77.724608448197372, 12.987816283480452, 0.0 ], [ 77.724551208438641, 12.987680191787332, 0.0 ], [ 77.724591306034853, 12.987522575371338, 0.0 ], [ 77.724610348652988, 12.9873515105837, 0.0 ], [ 77.724616422913556, 12.987269431645288, 0.0 ], [ 77.724551991132174, 12.987112911547339, 0.0 ], [ 77.724466728119495, 12.986963444486976, 0.0 ], [ 77.724304476384432, 12.986144993513106, 0.0 ], [ 77.724221151278485, 12.986173205682732, 0.0 ], [ 77.724121047416816, 12.986219141934708, 0.0 ], [ 77.724085557320976, 12.98617889105833, 0.0 ], [ 77.723907787861449, 12.986196995208497, 0.0 ], [ 77.723920681995352, 12.986101175525608, 0.0 ], [ 77.723873008061915, 12.985937829177567, 0.0 ], [ 77.723618424932042, 12.98586513313311, 0.0 ], [ 77.723581386120316, 12.9857443309314, 0.0 ], [ 77.723462583233555, 12.98563439011992, 0.0 ], [ 77.723434038492073, 12.985573177857177, 0.0 ], [ 77.72319517006008, 12.98539798178996, 0.0 ], [ 77.722832431393144, 12.985367610467408, 0.0 ], [ 77.721597159140231, 12.985852141792153, 0.0 ], [ 77.721389664124075, 12.985997842342581, 0.0 ], [ 77.721336694962545, 12.986148343654767, 0.0 ], [ 77.721288261154996, 12.986285958545031, 0.0 ], [ 77.721214881383546, 12.986587450456826, 0.0 ], [ 77.721357901377118, 12.986920848690866, 0.0 ], [ 77.721690147398718, 12.987990403003328, 0.0 ], [ 77.721652994671373, 12.98862551678784, 0.0 ] ] ] ] } },
{ "type": "Feature", "properties": { "fid": 14, "year": "present", "condition": true, "Overlap": 0, "custodian": "BBMP", "status": "Work in progress", "name": "Horamavu Agara Kere", "bbmp_id": 42, "Category": "kere", "area": 144812.45516186953, "perimeter": 1589.5204405402169, "area_acres": 35.78, "valley": "Hebbal Nagawara Valley", "Corporation": "East", "ward_name": "2 - Horamavu", "subvalley": "HN_2", "area_m": 144630 }, "geometry": { "type": "MultiPolygon", "coordinates": [ [ [ [ 77.657403260734242, 13.03574841110289, 0.0 ], [ 77.657408160860129, 13.03621623592355, 0.0 ], [ 77.65733967293427, 13.03670553621604, 0.0 ], [ 77.657488063440269, 13.03716147425415, 0.0 ], [ 77.657465854544995, 13.037453565985262, 0.0 ], [ 77.657994511637767, 13.03767285947675, 0.0 ], [ 77.658321333204768, 13.037706374709881, 0.0 ], [ 77.659942214116512, 13.03797326429121, 0.0 ], [ 77.660227580474213, 13.037984384684178, 0.0 ], [ 77.660247601013012, 13.037915035677406, 0.0 ], [ 77.660182385969875, 13.037184082134811, 0.0 ], [ 77.659984623677843, 13.035289097859479, 0.0 ], [ 77.659796164741564, 13.034264208377792, 0.0 ], [ 77.659677029040367, 13.033081971929541, 0.0 ], [ 77.659177652902642, 13.032860850804756, 0.0 ], [ 77.658253799229001, 13.032783317096753, 0.0 ], [ 77.657862773675021, 13.032735119319391, 0.0 ], [ 77.657671255343317, 13.033085162054109, 0.0 ], [ 77.657628971489828, 13.034112423378359, 0.0 ], [ 77.657403260734242, 13.03574841110289, 0.0 ] ] ] ] } },
{ "type": "Feature", "properties": { "fid": 15, "year": "present", "condition": true, "Overlap": 0, "custodian": "BBMP", "status": "Work in progress", "name": "Harohalli kere", "bbmp_id": 140, "Category": "kere", "area": 228115.90360407904, "perimeter": 2458.9371834949229, "area_acres": 56.37, "valley": "Hebbal Nagawara Valley", "Corporation": "North", "ward_name": "1 - Raja Kempegowda Ward", "subvalley": "HN_1", "area_m": 227858 }, "geometry": { "type": "MultiPolygon", "coordinates": [ [ [ [ 77.579193158111011, 13.134283221310959, 0.0 ], [ 77.578136315210756, 13.1348858255253, 0.0 ], [ 77.577635328210008, 13.135247962605041, 0.0 ], [ 77.576871238193334, 13.135627427082758, 0.0 ], [ 77.57676761152878, 13.135954135152128, 0.0 ], [ 77.576373134060788, 13.136407897171829, 0.0 ], [ 77.576093828063406, 13.136884240669332, 0.0 ], [ 77.575906401176624, 13.13740999592839, 0.0 ], [ 77.575809195389951, 13.138054435555929, 0.0 ], [ 77.575634901729032, 13.13867558859685, 0.0 ], [ 77.575509069413513, 13.139300398364716, 0.0 ], [ 77.575501775923911, 13.140063017899511, 0.0 ], [ 77.575319834318123, 13.140503673995571, 0.0 ], [ 77.575030137445566, 13.141096771942461, 0.0 ], [ 77.575227012665138, 13.14116368461934, 0.0 ], [ 77.575776562767544, 13.1413178682321, 0.0 ], [ 77.576363287956738, 13.141378266376508, 0.0 ], [ 77.57681141775511, 13.141485968420229, 0.0 ], [ 77.577349010724504, 13.141494703177438, 0.0 ], [ 77.577479458090096, 13.141282583180351, 0.0 ], [ 77.577498648304996, 13.141102711587427, 0.0 ], [ 77.57756859611986, 13.14063485004818, 0.0 ], [ 77.577848690764171, 13.140253636971561, 0.0 ], [ 77.578037133845442, 13.13964515827435, 0.0 ], [ 77.578519184304398, 13.139235215201479, 0.0 ], [ 77.579423025166633, 13.138910739169987, 0.0 ], [ 77.579918396547839, 13.138911501964998, 0.0 ], [ 77.580623684314446, 13.1389896865102, 0.0 ], [ 77.580974687481557, 13.138961470878089, 0.0 ], [ 77.581097408162435, 13.138781940934772, 0.0 ], [ 77.581003223734541, 13.138699779723458, 0.0 ], [ 77.580649241025668, 13.138601322999479, 0.0 ], [ 77.579863622886052, 13.137996653783429, 0.0 ], [ 77.579135707133247, 13.137355946048688, 0.0 ], [ 77.578661686015934, 13.136920763207089, 0.0 ], [ 77.578804580626866, 13.136169529083258, 0.0 ], [ 77.579194656493627, 13.13511835526795, 0.0 ], [ 77.579218429914377, 13.135060139336998, 0.0 ], [ 77.579218341831478, 13.135014020429887, 0.0 ], [ 77.57949866932681, 13.134384336923677, 0.0 ], [ 77.579193158111011, 13.134283221310959, 0.0 ] ] ] ] } },
{ "type": "Feature", "properties": { "fid": 16, "year": "present", "condition": true, "Overlap": 0, "custodian": "BBMP", "status": "Work in progress", "name": "Hoodi Giddanakere", "bbmp_id": 23, "Category": "kere", "area": 31828.55805888772, "perimeter": 1003.5602447781844, "area_acres": 7.86, "valley": "Hebbal Nagawara Valley", "Corporation": "East", "ward_name": "29 - Hoodi", "subvalley": "HN_2", "area_m": 31786 }, "geometry": { "type": "MultiPolygon", "coordinates": [ [ [ [ 77.715502563829546, 12.999425123021188, 0.0 ], [ 77.715548026915656, 12.999485499751978, 0.0 ], [ 77.715667358986991, 12.999591572704158, 0.0 ], [ 77.715780061498663, 12.999691016096898, 0.0 ], [ 77.715836412754584, 12.999810348168236, 0.0 ], [ 77.715889449230758, 12.999952883697912, 0.0 ], [ 77.716300481920783, 13.00025121387608, 0.0 ], [ 77.716103618393902, 13.000517231936437, 0.0 ], [ 77.716055188218661, 13.000658931786347, 0.0 ], [ 77.716065132558015, 13.00081804121476, 0.0 ], [ 77.716114854254329, 13.000957261964684, 0.0 ], [ 77.716240815885101, 13.001136260071521, 0.0 ], [ 77.716317055819502, 13.001451164148532, 0.0 ], [ 77.716350203617083, 13.001673254392362, 0.0 ], [ 77.716396610533764, 13.001729605648274, 0.0 ], [ 77.716608756438347, 13.001636791815031, 0.0 ], [ 77.716625330337024, 13.00144784936885, 0.0 ], [ 77.716711514610779, 13.00129205472019, 0.0 ], [ 77.716817587563014, 13.001328517297511, 0.0 ], [ 77.716950178753279, 13.001434590249859, 0.0 ], [ 77.717016474348611, 13.00139481289262, 0.0 ], [ 77.716966752652183, 13.001278795601202, 0.0 ], [ 77.716619006411122, 13.000745785815919, 0.0 ], [ 77.716784439765604, 13.000363916387926, 0.0 ], [ 77.717192157675882, 12.999906476781229, 0.0 ], [ 77.717361845920664, 12.999788619865678, 0.0 ], [ 77.717632085563082, 12.999600925009419, 0.0 ], [ 77.717931904420652, 12.999392685918741, 0.0 ], [ 77.717931904420652, 12.999221877088528, 0.0 ], [ 77.717302066538366, 12.999131627498336, 0.0 ], [ 77.71678337651764, 12.99902332794659, 0.0 ], [ 77.716550916186634, 12.99899948549449, 0.0 ], [ 77.715502563829546, 12.999425123021188, 0.0 ] ] ] ] } },
{ "type": "Feature", "properties": { "fid": 17, "year": "present", "condition": true, "Overlap": 0, "custodian": "BBMP", "status": null, "name": "Horamavu kere", "bbmp_id": 45, "Category": "kere", "area": 60108.5824646689, "perimeter": 1471.2807480700835, "area_acres": 14.85, "valley": "Hebbal Nagawara Valley", "Corporation": "East", "ward_name": "5 - Hoysala Nagara East", "subvalley": "HN_2", "area_m": 60032 }, "geometry": { "type": "MultiPolygon", "coordinates": [ [ [ [ 77.666807533228337, 13.0249120493362, 0.0 ], [ 77.666280433758288, 13.025743695166804, 0.0 ], [ 77.665950927266181, 13.026263583187419, 0.0 ], [ 77.666619292980045, 13.025779582896179, 0.0 ], [ 77.666984889846617, 13.025473939362771, 0.0 ], [ 77.668013940874289, 13.024225860858387, 0.0 ], [ 77.668371894738527, 13.02369108540177, 0.0 ], [ 77.668647083261703, 13.023163750407999, 0.0 ], [ 77.668833729368828, 13.022877330961418, 0.0 ], [ 77.668311352584112, 13.022475481266207, 0.0 ], [ 77.667816424694877, 13.022532588330369, 0.0 ], [ 77.667435710933944, 13.022627766770599, 0.0 ], [ 77.666703447559371, 13.022847054011947, 0.0 ], [ 77.666119076979498, 13.022974894116148, 0.0 ], [ 77.665374417271039, 13.023052170720968, 0.0 ], [ 77.664770714607357, 13.02337015860445, 0.0 ], [ 77.665513106441267, 13.02335112291644, 0.0 ], [ 77.666350676715183, 13.023712800989362, 0.0 ], [ 77.666845604604418, 13.024474228511108, 0.0 ], [ 77.666807533228337, 13.0249120493362, 0.0 ] ] ] ] } },
{ "type": "Feature", "properties": { "fid": 18, "year": "present", "condition": true, "Overlap": 0, "custodian": "BBMP", "status": "Developed lake", "name": "Jakkur Kere", "bbmp_id": 155, "Category": "kere", "area": 530690.329149778, "perimeter": 4497.133184962865, "area_acres": 131.13, "valley": "Hebbal Nagawara Valley", "Corporation": "North", "ward_name": "17 - Jakkur", "subvalley": "HN_1", "area_m": 530063 }, "geometry": { "type": "MultiPolygon", "coordinates": [ [ [ [ 77.606892032323472, 13.091740470992573, 0.0 ], [ 77.606339411992636, 13.093585916471822, 0.0 ], [ 77.606664906434361, 13.094114302605901, 0.0 ], [ 77.60796688420119, 13.0942199796967, 0.0 ], [ 77.608238129569287, 13.093453819761208, 0.0 ], [ 77.608462041737567, 13.092864974279518, 0.0 ], [ 77.608602189490469, 13.092913486648252, 0.0 ], [ 77.608707260714709, 13.092609180605109, 0.0 ], [ 77.60938687771403, 13.091553926155939, 0.0 ], [ 77.609562120902694, 13.091268217196919, 0.0 ], [ 77.609736673599073, 13.09091699163789, 0.0 ], [ 77.610087618224441, 13.090389251181369, 0.0 ], [ 77.610394003402476, 13.089861961582718, 0.0 ], [ 77.610701768021613, 13.089465704862871, 0.0 ], [ 77.610811322132975, 13.089289866390541, 0.0 ], [ 77.611273887316841, 13.088782836164754, 0.0 ], [ 77.61189355366885, 13.088383420116946, 0.0 ], [ 77.612096147477203, 13.08783680300904, 0.0 ], [ 77.612639983673219, 13.087327484638839, 0.0 ], [ 77.612710397152739, 13.086996114048688, 0.0 ], [ 77.612923918842966, 13.085991263574138, 0.0 ], [ 77.613102021331969, 13.085838460500879, 0.0 ], [ 77.61347253121437, 13.083999481203996, 0.0 ], [ 77.613511627877273, 13.083292494087676, 0.0 ], [ 77.613909619171039, 13.08208047044887, 0.0 ], [ 77.614109409563355, 13.081549950072979, 0.0 ], [ 77.614567491514066, 13.081167811877462, 0.0 ], [ 77.614685976520889, 13.080623370670878, 0.0 ], [ 77.614917054674706, 13.080233110017847, 0.0 ], [ 77.614761973751101, 13.080134015337219, 0.0 ], [ 77.614479339114823, 13.080111712233398, 0.0 ], [ 77.614262691927209, 13.080627659556409, 0.0 ], [ 77.614054090416147, 13.081173012944548, 0.0 ], [ 77.613634949403846, 13.081303114175729, 0.0 ], [ 77.61347011645455, 13.08153117484105, 0.0 ], [ 77.612929379916153, 13.081637400760401, 0.0 ], [ 77.612417832906331, 13.081818745675891, 0.0 ], [ 77.612187861773606, 13.081921739874547, 0.0 ], [ 77.612007905458839, 13.081898394957101, 0.0 ], [ 77.611904429577166, 13.081823942723048, 0.0 ], [ 77.611744577806576, 13.081271896721972, 0.0 ], [ 77.611505066888128, 13.080468991110239, 0.0 ], [ 77.611316368012709, 13.079615237746772, 0.0 ], [ 77.611157579560057, 13.079163846287424, 0.0 ], [ 77.61066799702418, 13.078992632938439, 0.0 ], [ 77.610329088356877, 13.079466218059491, 0.0 ], [ 77.610152459663396, 13.080834320125852, 0.0 ], [ 77.610189693501198, 13.081040193455189, 0.0 ], [ 77.610150424778524, 13.081542937956122, 0.0 ], [ 77.60975766764858, 13.082751659545309, 0.0 ], [ 77.60925908161839, 13.08485116211089, 0.0 ], [ 77.609159088425457, 13.085272222203281, 0.0 ], [ 77.609006096314971, 13.085916453111322, 0.0 ], [ 77.608801821821189, 13.086776624666101, 0.0 ], [ 77.608760252725702, 13.087060980718801, 0.0 ], [ 77.607954154376657, 13.089464210730585, 0.0 ], [ 77.607480731800365, 13.090393784695568, 0.0 ], [ 77.607373013345068, 13.0907443334118, 0.0 ], [ 77.606848194194654, 13.091688812518708, 0.0 ], [ 77.606892032323472, 13.091740470992573, 0.0 ] ] ] ] } },
{ "type": "Feature", "properties": { "fid": 19, "year": "present", "condition": true, "Overlap": 0, "custodian": "BBMP", "status": "To Be Developed", "name": "Varanasi/ Jimkenahalli Kere", "bbmp_id": 5, "Category": "kere", "area": 24772.801250072313, "perimeter": 861.15448643695049, "area_acres": 6.12, "valley": "Hebbal Nagawara Valley", "Corporation": "East", "ward_name": "28 - Byrathi", "subvalley": "HN_2", "area_m": 24741 }, "geometry": { "type": "MultiPolygon", "coordinates": [ [ [ [ 77.68665283950682, 13.026072795721568, 0.0 ], [ 77.686647038928712, 13.026075830038531, 0.0 ], [ 77.686645054524831, 13.026076868091959, 0.0 ], [ 77.686643070120908, 13.026077906145417, 0.0 ], [ 77.686637269542516, 13.02608094046222, 0.0 ], [ 77.686633300734528, 13.026083016568997, 0.0 ], [ 77.686629331926483, 13.026085092675711, 0.0 ], [ 77.68660811401476, 13.026096191888051, 0.0 ], [ 77.686630850894019, 13.02615671864638, 0.0 ], [ 77.686630902454752, 13.02616149845915, 0.0 ], [ 77.686631108697881, 13.026180617709988, 0.0 ], [ 77.686631314941323, 13.026199736960809, 0.0 ], [ 77.68663136650224, 13.026204516773499, 0.0 ], [ 77.686631675868171, 13.026233195649699, 0.0 ], [ 77.686631727429216, 13.02623797546239, 0.0 ], [ 77.686627007236723, 13.026252365456036, 0.0 ], [ 77.68662233860482, 13.026271535262451, 0.0 ], [ 77.686612795095897, 13.02629075562435, 0.0 ], [ 77.686612846656828, 13.026295535437086, 0.0 ], [ 77.686579341244268, 13.026353247077498, 0.0 ], [ 77.686579599047207, 13.02637714614171, 0.0 ], [ 77.686565232213837, 13.026401196871248, 0.0 ], [ 77.686565283774314, 13.026405976684137, 0.0 ], [ 77.686550968498608, 13.026434807226341, 0.0 ], [ 77.686546145179165, 13.026439637594081, 0.0 ], [ 77.686541270299344, 13.026439688148788, 0.0 ], [ 77.686522131698908, 13.02647334905803, 0.0 ], [ 77.686507816415414, 13.02650217959941, 0.0 ], [ 77.686507867975195, 13.026506959412471, 0.0 ], [ 77.686502993093924, 13.02650700996672, 0.0 ], [ 77.686464458074369, 13.026550432716606, 0.0 ], [ 77.68644526789798, 13.026579313810281, 0.0 ], [ 77.686426180834886, 13.026617754530047, 0.0 ], [ 77.686412123327145, 13.026670484136638, 0.0 ], [ 77.686397911139935, 13.026708874303148, 0.0 ], [ 77.686397962698464, 13.02671365411657, 0.0 ], [ 77.686398014257009, 13.02671843393, 0.0 ], [ 77.686393500280886, 13.026751943177128, 0.0 ], [ 77.686388883187163, 13.026775892797447, 0.0 ], [ 77.686384111417226, 13.026785502977388, 0.0 ], [ 77.686384162975799, 13.026790282790849, 0.0 ], [ 77.686379339646976, 13.026795113157331, 0.0 ], [ 77.68637939120552, 13.026799892970811, 0.0 ], [ 77.686374567876427, 13.02680472333725, 0.0 ], [ 77.686365075892752, 13.026828723510549, 0.0 ], [ 77.686365127451126, 13.026833503324069, 0.0 ], [ 77.686355583907613, 13.026852723683801, 0.0 ], [ 77.686341268590013, 13.026881554223261, 0.0 ], [ 77.686336393700742, 13.026881604775802, 0.0 ], [ 77.686276649950216, 13.026894550081931, 0.0 ], [ 77.686274067104335, 13.026904695974419, 0.0 ], [ 77.686271782279775, 13.02691367118401, 0.0 ], [ 77.686271186236851, 13.02691601254984, 0.0 ], [ 77.686268901412163, 13.026924987759399, 0.0 ], [ 77.686267162956781, 13.026931816730078, 0.0 ], [ 77.686266020544366, 13.026936304334839, 0.0 ], [ 77.686264580110446, 13.026941962622541, 0.0 ], [ 77.686263139676427, 13.026947620910288, 0.0 ], [ 77.686260556829851, 13.026957766802809, 0.0 ], [ 77.686259414417293, 13.026962254407632, 0.0 ], [ 77.686256831570503, 13.026972400300147, 0.0 ], [ 77.686254546745175, 13.026981375509747, 0.0 ], [ 77.686253106310886, 13.026987033797518, 0.0 ], [ 77.686251963898158, 13.026991521402291, 0.0 ], [ 77.686248238638171, 13.027006154899672, 0.0 ], [ 77.686247940616596, 13.027007325582618, 0.0 ], [ 77.686246798203726, 13.027011813187411, 0.0 ], [ 77.686260045289586, 13.027035367648551, 0.0 ], [ 77.686233337595553, 13.027064688889332, 0.0 ], [ 77.686229612334188, 13.027079322386799, 0.0 ], [ 77.686227029485892, 13.027089468279419, 0.0 ], [ 77.686221863788916, 13.027109760064702, 0.0 ], [ 77.686220423353703, 13.027115418352491, 0.0 ], [ 77.686219280940236, 13.027119905957356, 0.0 ], [ 77.6862166980914, 13.02713005185001, 0.0 ], [ 77.686212972828812, 13.027144685347553, 0.0 ], [ 77.686212674806995, 13.027145856030478, 0.0 ], [ 77.686211234371513, 13.027151514318318, 0.0 ], [ 77.686210091957861, 13.027156001923149, 0.0 ], [ 77.686153681676515, 13.027377591452812, 0.0 ], [ 77.686015828680581, 13.027761897814871, 0.0 ], [ 77.686171312138555, 13.02784894705627, 0.0 ], [ 77.686326020172856, 13.027727833977897, 0.0 ], [ 77.686400910469317, 13.027612816966659, 0.0 ], [ 77.686528084837818, 13.02747716031039, 0.0 ], [ 77.686940543124607, 13.027296009509662, 0.0 ], [ 77.68710969577441, 13.027306236475399, 0.0 ], [ 77.687156232979632, 13.027309050094097, 0.0 ], [ 77.687345468810832, 13.02732049112015, 0.0 ], [ 77.687516760655612, 13.02738085851834, 0.0 ], [ 77.687521635549928, 13.0273808079417, 0.0 ], [ 77.687526510444201, 13.027380757364959, 0.0 ], [ 77.68753138533846, 13.02738070678814, 0.0 ], [ 77.687560686287156, 13.027385183133932, 0.0 ], [ 77.687560737870754, 13.027389962942529, 0.0 ], [ 77.687570487659329, 13.027389861787427, 0.0 ], [ 77.687580237447847, 13.027389760631969, 0.0 ], [ 77.687585163926144, 13.0273944898626, 0.0 ], [ 77.687609589981975, 13.027399016780178, 0.0 ], [ 77.687633964453184, 13.02739876388698, 0.0 ], [ 77.687638839347372, 13.027398713308058, 0.0 ], [ 77.687658338923896, 13.027398510991491, 0.0 ], [ 77.687663213817956, 13.027398460412119, 0.0 ], [ 77.687668088712044, 13.027398409832649, 0.0 ], [ 77.687687588288071, 13.027398207513881, 0.0 ], [ 77.687687639874142, 13.027402987321977, 0.0 ], [ 77.68771211751735, 13.027412294037369, 0.0 ], [ 77.687746344950369, 13.027421499588128, 0.0 ], [ 77.687756197913714, 13.027430958041482, 0.0 ], [ 77.68776107280803, 13.027430907460149, 0.0 ], [ 77.68776599929005, 13.0274356366865, 0.0 ], [ 77.687780675561129, 13.02744026474933, 0.0 ], [ 77.68778555045553, 13.027440214167498, 0.0 ], [ 77.687785602043675, 13.027444993975182, 0.0 ], [ 77.687790476938133, 13.027444943393242, 0.0 ], [ 77.687795351832577, 13.027444892811202, 0.0 ], [ 77.687814954587651, 13.027454250097309, 0.0 ], [ 77.687819829482194, 13.027454199514791, 0.0 ], [ 77.68783460893313, 13.027468387189181, 0.0 ], [ 77.687839535417154, 13.027473116413701, 0.0 ], [ 77.687844410311982, 13.027473065830637, 0.0 ], [ 77.687868887965465, 13.027482372528656, 0.0 ], [ 77.687873814450342, 13.027487101752348, 0.0 ], [ 77.687878689345268, 13.027487051168588, 0.0 ], [ 77.687908145077344, 13.02750586689289, 0.0 ], [ 77.687908196668104, 13.02751064670009, 0.0 ], [ 77.687913071563344, 13.02751059611559, 0.0 ], [ 77.687932725918017, 13.027524733197962, 0.0 ], [ 77.687932777509317, 13.027529513005042, 0.0 ], [ 77.687937652404841, 13.027529462420008, 0.0 ], [ 77.687957358354097, 13.027548379306946, 0.0 ], [ 77.687976961121706, 13.027557736577927, 0.0 ], [ 77.687991688994529, 13.02756714443343, 0.0 ], [ 77.687991740587123, 13.027571924240268, 0.0 ], [ 77.688006468461296, 13.027581332094638, 0.0 ], [ 77.688011343357559, 13.027581281508029, 0.0 ], [ 77.688030997722677, 13.027595418580718, 0.0 ], [ 77.688031049316152, 13.027600198387379, 0.0 ], [ 77.688050652089913, 13.027609555651424, 0.0 ], [ 77.688065379968137, 13.027618963501546, 0.0 ], [ 77.688070254864897, 13.027618912913677, 0.0 ], [ 77.68808985764116, 13.027628270174151, 0.0 ], [ 77.688094784132801, 13.027632999392251, 0.0 ], [ 77.688099659029731, 13.027632948803781, 0.0 ], [ 77.688114335315561, 13.027637576844143, 0.0 ], [ 77.688114386910797, 13.027642356650468, 0.0 ], [ 77.688119261807827, 13.027642306061589, 0.0 ], [ 77.688124136704801, 13.027642255472619, 0.0 ], [ 77.688168867379829, 13.027670558830467, 0.0 ], [ 77.688172884528925, 13.027665802733473, 0.0 ], [ 77.688174893103408, 13.02766342468489, 0.0 ], [ 77.688180553639398, 13.027656722902149, 0.0 ], [ 77.688180918826674, 13.027656290539239, 0.0 ], [ 77.688182562213768, 13.027654344853568, 0.0 ], [ 77.68818420560082, 13.02765239916792, 0.0 ], [ 77.688184570788067, 13.027651966804999, 0.0 ], [ 77.688185848987871, 13.027650453482241, 0.0 ], [ 77.688186214175118, 13.027650021119321, 0.0 ], [ 77.688187857562127, 13.027648075433651, 0.0 ], [ 77.688189500949107, 13.027646129747961, 0.0 ], [ 77.688189866136341, 13.02764569738504, 0.0 ], [ 77.688193518097435, 13.027641373650738, 0.0 ], [ 77.688195526671535, 13.027638995602116, 0.0 ], [ 77.688199909006855, 13.027633807141937, 0.0 ], [ 77.688211412625094, 13.027620187446939, 0.0 ], [ 77.688213421198867, 13.02761780939823, 0.0 ], [ 77.688220177294241, 13.02760981052622, 0.0 ], [ 77.688229672336874, 13.027598568879538, 0.0 ], [ 77.688236428431253, 13.027590570007312, 0.0 ], [ 77.688241175951958, 13.027584949183792, 0.0 ], [ 77.688245923472465, 13.027579328360247, 0.0 ], [ 77.688250670992772, 13.027573707536691, 0.0 ], [ 77.688255418512881, 13.02756808671303, 0.0 ], [ 77.688267287312215, 13.027554034653711, 0.0 ], [ 77.688269661071928, 13.027551224241799, 0.0 ], [ 77.688272034831598, 13.027548413829896, 0.0 ], [ 77.688272400018533, 13.027547981466968, 0.0 ], [ 77.688274773778119, 13.027545171055037, 0.0 ], [ 77.68827714753769, 13.027542360643089, 0.0 ], [ 77.688239689499397, 13.027507206745808, 0.0 ], [ 77.688239637902299, 13.027502426939916, 0.0 ], [ 77.6882345050238, 13.027478578500949, 0.0 ], [ 77.688229475340151, 13.027464289673562, 0.0 ], [ 77.688273811290301, 13.027441830500688, 0.0 ], [ 77.688268017511746, 13.02742784600968, 0.0 ], [ 77.688266310417333, 13.02742372558134, 0.0 ], [ 77.688262223733986, 13.027413861518424, 0.0 ], [ 77.688260516639787, 13.027409741089979, 0.0 ], [ 77.688257102451558, 13.027401500233058, 0.0 ], [ 77.688246187394114, 13.027375154455472, 0.0 ], [ 77.688245514899776, 13.02737353124923, 0.0 ], [ 77.688243807806217, 13.027369410820558, 0.0 ], [ 77.68823459984533, 13.027347185470589, 0.0 ], [ 77.68822880607209, 13.027333200977749, 0.0 ], [ 77.688227098979198, 13.027329080548869, 0.0 ], [ 77.688223684793627, 13.02732083969102, 0.0 ], [ 77.688221977700948, 13.027316719262066, 0.0 ], [ 77.688212769744752, 13.027294493910521, 0.0 ], [ 77.688210390158687, 13.02728875027497, 0.0 ], [ 77.688206303480726, 13.027278886210192, 0.0 ], [ 77.688197095527869, 13.027256660857471, 0.0 ], [ 77.688184163005559, 13.027225445454892, 0.0 ], [ 77.688182455914472, 13.027221325025399, 0.0 ], [ 77.688180076330113, 13.027215581389271, 0.0 ], [ 77.688176662148294, 13.027207340530078, 0.0 ], [ 77.688174282564248, 13.027201596893848, 0.0 ], [ 77.688170868382898, 13.027193356034562, 0.0 ], [ 77.688168488799178, 13.02718761239821, 0.0 ], [ 77.68816031545164, 13.027167884265801, 0.0 ], [ 77.688159642958624, 13.027166261059067, 0.0 ], [ 77.688154883792592, 13.027154773785901, 0.0 ], [ 77.68815317670267, 13.02715065335601, 0.0 ], [ 77.688094344860247, 13.027140628734809, 0.0 ], [ 77.68807458734895, 13.027116932046891, 0.0 ], [ 77.688064837575098, 13.027117033218868, 0.0 ], [ 77.688045131660161, 13.027098116334495, 0.0 ], [ 77.688025425748208, 13.027079199448071, 0.0 ], [ 77.68802055086185, 13.027079250033024, 0.0 ], [ 77.688005719839254, 13.027060282559482, 0.0 ], [ 77.688000844953166, 13.027060333144, 0.0 ], [ 77.687986013933283, 13.027041365668831, 0.0 ], [ 77.687985962342978, 13.02703658586177, 0.0 ], [ 77.687981087457274, 13.027036636445839, 0.0 ], [ 77.687966256440433, 13.027017668968881, 0.0 ], [ 77.687961381555027, 13.027017719552504, 0.0 ], [ 77.687951477015531, 13.027003481297861, 0.0 ], [ 77.687946602130324, 13.027003531881137, 0.0 ], [ 77.687931771118201, 13.026984564401271, 0.0 ], [ 77.687916991697165, 13.02697037672749, 0.0 ], [ 77.687897285805079, 13.02695145982725, 0.0 ], [ 77.687892359332537, 13.02694673060188, 0.0 ], [ 77.687872705031879, 13.026932593506521, 0.0 ], [ 77.687867778560161, 13.026927864280488, 0.0 ], [ 77.687852999146074, 13.026913676601611, 0.0 ], [ 77.687838322907567, 13.026909048536931, 0.0 ], [ 77.687838271320601, 13.026904268729238, 0.0 ], [ 77.687833396436872, 13.026904319310018, 0.0 ], [ 77.687828469966405, 13.026899590083, 0.0 ], [ 77.687813742142509, 13.02689018220884, 0.0 ], [ 77.687808815672682, 13.026885452981301, 0.0 ], [ 77.687789161381033, 13.026871315877699, 0.0 ], [ 77.687769507091531, 13.026857178772151, 0.0 ], [ 77.687764632208456, 13.02685722935146, 0.0 ], [ 77.687754727686922, 13.026842991085648, 0.0 ], [ 77.687749852804075, 13.02684304166463, 0.0 ], [ 77.687744926336336, 13.026838312435446, 0.0 ], [ 77.687739999868754, 13.026833583206118, 0.0 ], [ 77.68773019851875, 13.026828904555218, 0.0 ], [ 77.687730146934186, 13.026824124747069, 0.0 ], [ 77.687725220467172, 13.02681939551735, 0.0 ], [ 77.68772034558468, 13.026819446095681, 0.0 ], [ 77.687705514601006, 13.026800478597098, 0.0 ], [ 77.687700639718798, 13.02680052917499, 0.0 ], [ 77.687700588134931, 13.026795749366716, 0.0 ], [ 77.687700536551091, 13.026790969558458, 0.0 ], [ 77.687695610085314, 13.02678624032793, 0.0 ], [ 77.687675852640837, 13.026762543596112, 0.0 ], [ 77.687670926176096, 13.026757814364839, 0.0 ], [ 77.687656043617494, 13.026734067053486, 0.0 ], [ 77.687651168736394, 13.026734117630191, 0.0 ], [ 77.687636286181345, 13.026710370316957, 0.0 ], [ 77.687621455211286, 13.02669140281097, 0.0 ], [ 77.687616528749075, 13.026686673578208, 0.0 ], [ 77.687601646200662, 13.026662926261718, 0.0 ], [ 77.687596719739417, 13.026658197028409, 0.0 ], [ 77.687596668158136, 13.026653417219668, 0.0 ], [ 77.687591793278372, 13.026653467794951, 0.0 ], [ 77.687566954653605, 13.026610702390249, 0.0 ], [ 77.68756202819408, 13.026605973155929, 0.0 ], [ 77.687537292739805, 13.026572767364311, 0.0 ], [ 77.687532366281673, 13.026568038129152, 0.0 ], [ 77.687527388244163, 13.026558529084816, 0.0 ], [ 77.68749762318572, 13.026511034433479, 0.0 ], [ 77.687463137997099, 13.026477929776441, 0.0 ], [ 77.687458159964464, 13.026468420729847, 0.0 ], [ 77.687428498086135, 13.026430485684529, 0.0 ], [ 77.687423571633005, 13.026425756446299, 0.0 ], [ 77.687418645180074, 13.02642102720794, 0.0 ], [ 77.687418593603169, 13.026416247398441, 0.0 ], [ 77.687413615573774, 13.026406738350326, 0.0 ], [ 77.687393755036766, 13.026373481965951, 0.0 ], [ 77.687383798982481, 13.026354463867948, 0.0 ], [ 77.687383747406514, 13.026349684058284, 0.0 ], [ 77.687383695830576, 13.026344904248603, 0.0 ], [ 77.687378769380146, 13.02634017500899, 0.0 ], [ 77.687378563077061, 13.026321055770108, 0.0 ], [ 77.687373688202911, 13.026321106340017, 0.0 ], [ 77.687363680577548, 13.026297308430708, 0.0 ], [ 77.68736362900222, 13.02629252862087, 0.0 ], [ 77.687348798081175, 13.0262735610898, 0.0 ], [ 77.687343871632976, 13.026268831849109, 0.0 ], [ 77.687328937566051, 13.026240304696399, 0.0 ], [ 77.687324062693278, 13.02624035526507, 0.0 ], [ 77.687319136246245, 13.02623562602367, 0.0 ], [ 77.687304305332347, 13.026216658488638, 0.0 ], [ 77.687299378886181, 13.026211929246708, 0.0 ], [ 77.687299327312417, 13.02620714943664, 0.0 ], [ 77.687289474420837, 13.026197690952261, 0.0 ], [ 77.687279466810239, 13.026173893036937, 0.0 ], [ 77.687274488792355, 13.026164383984089, 0.0 ], [ 77.68725955474126, 13.02613585682438, 0.0 ], [ 77.687259503168576, 13.026131077014126, 0.0 ], [ 77.687254576725124, 13.026126347770811, 0.0 ], [ 77.687244620694088, 13.026107329663088, 0.0 ], [ 77.687239694251403, 13.026102600419332, 0.0 ], [ 77.687224863352611, 13.026083632876865, 0.0 ], [ 77.687219885339118, 13.026074123822131, 0.0 ], [ 77.687214958897599, 13.026069394577679, 0.0 ], [ 77.687200076431722, 13.026045647222441, 0.0 ], [ 77.687200024860545, 13.02604086741192, 0.0 ], [ 77.687185142398192, 13.026017120055158, 0.0 ], [ 77.687214239610199, 13.02597436091205, 0.0 ], [ 77.687209489504241, 13.02597085604164, 0.0 ], [ 77.687204026869836, 13.0259668254311, 0.0 ], [ 77.687175083237037, 13.025988542321491, 0.0 ], [ 77.687167656239836, 13.025939989316742, 0.0 ], [ 77.687135559680698, 13.025940322240409, 0.0 ], [ 77.687120376729112, 13.025888722501159, 0.0 ], [ 77.687120325160109, 13.025883942690269, 0.0 ], [ 77.6871153987246, 13.025879213442751, 0.0 ], [ 77.687115347155739, 13.025874433631831, 0.0 ], [ 77.687090663413215, 13.025846007581098, 0.0 ], [ 77.687085736979043, 13.02584127833275, 0.0 ], [ 77.687066031244214, 13.02582236133801, 0.0 ], [ 77.687061053243411, 13.025812852277854, 0.0 ], [ 77.687056126810475, 13.025808123028702, 0.0 ], [ 77.687036421080577, 13.025789206030678, 0.0 ], [ 77.687031494648565, 13.025784476780858, 0.0 ], [ 77.687031443081707, 13.025779696969572, 0.0 ], [ 77.68700686249133, 13.025760830529718, 0.0 ], [ 77.687001936060469, 13.025756101279118, 0.0 ], [ 77.686987105203059, 13.025737133715008, 0.0 ], [ 77.686987053637239, 13.02573235390353, 0.0 ], [ 77.686982178773022, 13.025732404463836, 0.0 ], [ 77.686977303908819, 13.025732455024061, 0.0 ], [ 77.686977252343226, 13.025727675212538, 0.0 ], [ 77.68696242148954, 13.025708707646272, 0.0 ], [ 77.686947539073387, 13.02568496026705, 0.0 ], [ 77.686932708224873, 13.025665992698062, 0.0 ], [ 77.686932656660375, 13.025661212886369, 0.0 ], [ 77.6869227522415, 13.025646974569041, 0.0 ], [ 77.686912847823876, 13.025632736251058, 0.0 ], [ 77.68691279625989, 13.025627956439259, 0.0 ], [ 77.686898016981488, 13.025613768678948, 0.0 ], [ 77.68689314211926, 13.025613819237126, 0.0 ], [ 77.686883340831372, 13.02560914054129, 0.0 ], [ 77.686873539543811, 13.025604461845006, 0.0 ], [ 77.686873487980705, 13.025599682032988, 0.0 ], [ 77.686863686693641, 13.025595003336241, 0.0 ], [ 77.686858811831641, 13.025595053893712, 0.0 ], [ 77.686853936969598, 13.02559510445108, 0.0 ], [ 77.686834592208314, 13.025609646116049, 0.0 ], [ 77.686829768908197, 13.02561447648517, 0.0 ], [ 77.686829820470521, 13.025619256297292, 0.0 ], [ 77.686824945607896, 13.02561930685421, 0.0 ], [ 77.686824997170149, 13.02562408666636, 0.0 ], [ 77.686820173869592, 13.02562891703537, 0.0 ], [ 77.686815299006724, 13.025628967592153, 0.0 ], [ 77.686815350568835, 13.025633747404344, 0.0 ], [ 77.686815402130961, 13.025638527216518, 0.0 ], [ 77.686801035351252, 13.025662577947628, 0.0 ], [ 77.686801086913221, 13.025667357759851, 0.0 ], [ 77.686796212049558, 13.02566740831641, 0.0 ], [ 77.68679626361147, 13.025672188128659, 0.0 ], [ 77.686791904366785, 13.025720036807726, 0.0 ], [ 77.686792316863603, 13.025758275305666, 0.0 ], [ 77.686792419988009, 13.025767834930161, 0.0 ], [ 77.686792729361727, 13.025796513803478, 0.0 ], [ 77.68678816386938, 13.025825243233758, 0.0 ], [ 77.686783495251859, 13.025844413039634, 0.0 ], [ 77.686773797079582, 13.025849293965628, 0.0 ], [ 77.686773848641792, 13.025854073777879, 0.0 ], [ 77.686764253593097, 13.02586851432828, 0.0 ], [ 77.686759430287353, 13.025873344697212, 0.0 ], [ 77.686754658543379, 13.025882954878451, 0.0 ], [ 77.686754710105362, 13.025887734690778, 0.0 ], [ 77.686740446433248, 13.02592134504679, 0.0 ], [ 77.686735674687924, 13.025930955227969, 0.0 ], [ 77.686735726249751, 13.025935735040358, 0.0 ], [ 77.686735777811577, 13.025940514852749, 0.0 ], [ 77.686730902942273, 13.025940565409119, 0.0 ], [ 77.686730954504057, 13.02594534522153, 0.0 ], [ 77.686726131196323, 13.025950175590239, 0.0 ], [ 77.686716433018816, 13.025955056515121, 0.0 ], [ 77.686716484580359, 13.025959836327567, 0.0 ], [ 77.686711712833556, 13.025969446508588, 0.0 ], [ 77.686702169339085, 13.025988666870592, 0.0 ], [ 77.68669734603003, 13.025993497239028, 0.0 ], [ 77.68671908815881, 13.02603814064382, 0.0 ], [ 77.68670931877601, 13.026043251069638, 0.0 ], [ 77.686703518199451, 13.026046285387622, 0.0 ], [ 77.686697717622749, 13.026049319705448, 0.0 ], [ 77.686695733219338, 13.026050357759228, 0.0 ], [ 77.686689932642423, 13.026053392076969, 0.0 ], [ 77.686682147661799, 13.026057464448238, 0.0 ], [ 77.686662608892249, 13.02606768529744, 0.0 ], [ 77.686660624488511, 13.026068723350988, 0.0 ], [ 77.68665283950682, 13.026072795721568, 0.0 ] ] ] ] } },
{ "type": "Feature", "properties": { "fid": 20, "year": "present", "condition": true, "Overlap": 0, "custodian": "BBMP", "status": "Developed lake", "name": "Kalkere Kere", "bbmp_id": 39, "Category": "kere", "area": 594631.51981855556, "perimeter": 5287.5792985231365, "area_acres": 146.93, "valley": "Hebbal Nagawara Valley", "Corporation": "East", "ward_name": "2 - Horamavu", "subvalley": "HN_2", "area_m": 593880 }, "geometry": { "type": "MultiPolygon", "coordinates": [ [ [ [ 77.664510492651331, 13.045336756962472, 0.0 ], [ 77.664407803277172, 13.045309132032939, 0.0 ], [ 77.664305113918303, 13.045281507058119, 0.0 ], [ 77.664246302611133, 13.045253430183198, 0.0 ], [ 77.664187491315204, 13.045225353292329, 0.0 ], [ 77.664114207639301, 13.04521176667936, 0.0 ], [ 77.664055396363096, 13.045183689753509, 0.0 ], [ 77.663967486689458, 13.045170253702498, 0.0 ], [ 77.663952860679075, 13.045170404304912, 0.0 ], [ 77.663938234668493, 13.045170554906488, 0.0 ], [ 77.663923608657711, 13.04517070550725, 0.0 ], [ 77.663908982646774, 13.045170856107177, 0.0 ], [ 77.663821072975765, 13.045157420003889, 0.0 ], [ 77.663733009712345, 13.045129644182282, 0.0 ], [ 77.663659572473307, 13.04510171774252, 0.0 ], [ 77.663571509237912, 13.045073941858467, 0.0 ], [ 77.663498072025547, 13.045046015366029, 0.0 ], [ 77.663410008818218, 13.045018239419511, 0.0 ], [ 77.663336571632541, 13.04499031287439, 0.0 ], [ 77.663321945625199, 13.044990463439124, 0.0 ], [ 77.663234036011715, 13.044977027117552, 0.0 ], [ 77.663146279962163, 13.04497793045789, 0.0 ], [ 77.663131653953229, 13.044978081011729, 0.0 ], [ 77.662955988282761, 13.044965547897556, 0.0 ], [ 77.662795255697731, 13.044981543522391, 0.0 ], [ 77.66278062968442, 13.044981694056439, 0.0 ], [ 77.662707499615109, 13.044982446714309, 0.0 ], [ 77.662634369541195, 13.044983199351568, 0.0 ], [ 77.662575865478786, 13.044983801446532, 0.0 ], [ 77.662561239462704, 13.044983951968206, 0.0 ], [ 77.662502735396629, 13.044984554046682, 0.0 ], [ 77.662488109379638, 13.044984704564227, 0.0 ], [ 77.662414979291981, 13.044985457139649, 0.0 ], [ 77.662342553355387, 13.044844181953378, 0.0 ], [ 77.662299113216704, 13.044848689734591, 0.0 ], [ 77.662284633169804, 13.044850192326722, 0.0 ], [ 77.662270153122563, 13.044851694918121, 0.0 ], [ 77.662184651915865, 13.044860567343399, 0.0 ], [ 77.662170171866322, 13.044862069929399, 0.0 ], [ 77.662157070900264, 13.04486342940808, 0.0 ], [ 77.662128110799529, 13.044866434576349, 0.0 ], [ 77.662113630748678, 13.044867937159342, 0.0 ], [ 77.662099150697458, 13.044869439741547, 0.0 ], [ 77.662070190594051, 13.044872444903609, 0.0 ], [ 77.66205571054185, 13.044873947483502, 0.0 ], [ 77.662026750436425, 13.044876952640861, 0.0 ], [ 77.662012270383215, 13.04487845521842, 0.0 ], [ 77.66199779032965, 13.044879957795191, 0.0 ], [ 77.661863165934605, 13.044893927558649, 0.0 ], [ 77.661727700898894, 13.044950894313509, 0.0 ], [ 77.661672896217283, 13.044973941156359, 0.0 ], [ 77.661660487295009, 13.044979159439892, 0.0 ], [ 77.661648078372139, 13.044984377722949, 0.0 ], [ 77.661630500447998, 13.044991769707602, 0.0 ], [ 77.661563286817852, 13.045020034812881, 0.0 ], [ 77.661545708887715, 13.045027426792714, 0.0 ], [ 77.661533299959117, 13.045032645071172, 0.0 ], [ 77.661473326230748, 13.04505786557905, 0.0 ], [ 77.661460917298541, 13.0450630838546, 0.0 ], [ 77.661418521493118, 13.045080912376852, 0.0 ], [ 77.661406112558197, 13.045086130650191, 0.0 ], [ 77.661393703622608, 13.045091348923037, 0.0 ], [ 77.661381294686436, 13.045096567195397, 0.0 ], [ 77.66105998432387, 13.045231686087462, 0.0 ], [ 77.659448379770168, 13.045219417982556, 0.0 ], [ 77.658383331232187, 13.04584605073072, 0.0 ], [ 77.658282953319329, 13.046110151626468, 0.0 ], [ 77.658013574722418, 13.046257974521671, 0.0 ], [ 77.657417022482392, 13.046199992634966, 0.0 ], [ 77.656940834821015, 13.04606323082651, 0.0 ], [ 77.65657086381124, 13.046208683259859, 0.0 ], [ 77.656305163221148, 13.046454245301851, 0.0 ], [ 77.655871980231595, 13.046478929094116, 0.0 ], [ 77.655584343929334, 13.04660329886916, 0.0 ], [ 77.65600164403574, 13.047023973766594, 0.0 ], [ 77.656774766463073, 13.047906424444049, 0.0 ], [ 77.658659648352341, 13.048598523549208, 0.0 ], [ 77.658931146375991, 13.048811685223027, 0.0 ], [ 77.662207152726694, 13.049561643052249, 0.0 ], [ 77.66209219432946, 13.049106389339629, 0.0 ], [ 77.6630350477473, 13.048489602129461, 0.0 ], [ 77.664830745382076, 13.049081229324173, 0.0 ], [ 77.66504887733818, 13.049065392436539, 0.0 ], [ 77.665349816111728, 13.04908413102101, 0.0 ], [ 77.666301939649514, 13.049022554133202, 0.0 ], [ 77.667403717342808, 13.049565459678607, 0.0 ], [ 77.667775714713642, 13.049570609411978, 0.0 ], [ 77.669589910168511, 13.049595716464529, 0.0 ], [ 77.670695912173329, 13.05056185303974, 0.0 ], [ 77.671338076218362, 13.050933472241429, 0.0 ], [ 77.671674593755057, 13.051516837184376, 0.0 ], [ 77.671922904759953, 13.051574979366698, 0.0 ], [ 77.672312420254258, 13.051328123675942, 0.0 ], [ 77.672206619055999, 13.051086386196777, 0.0 ], [ 77.67173281110189, 13.051172225320109, 0.0 ], [ 77.670793440055093, 13.050190368540971, 0.0 ], [ 77.670602262737674, 13.049686444668557, 0.0 ], [ 77.670227299982102, 13.049366541353908, 0.0 ], [ 77.66995574564146, 13.049065805786693, 0.0 ], [ 77.669845167652738, 13.048378925411098, 0.0 ], [ 77.669368163754982, 13.046821190779378, 0.0 ], [ 77.668986505912684, 13.045333642804721, 0.0 ], [ 77.668998515564923, 13.045089718294861, 0.0 ], [ 77.669477631398976, 13.044754927355948, 0.0 ], [ 77.669855442171766, 13.044521569587481, 0.0 ], [ 77.670028335832129, 13.044275984960192, 0.0 ], [ 77.670158121334936, 13.044102551163659, 0.0 ], [ 77.670432779576842, 13.043798551350999, 0.0 ], [ 77.67092713259089, 13.04352096601702, 0.0 ], [ 77.671408398724381, 13.04338692693287, 0.0 ], [ 77.671436264196899, 13.043257568541238, 0.0 ], [ 77.670996257930241, 13.043147381432432, 0.0 ], [ 77.670362228129719, 13.043524070968028, 0.0 ], [ 77.669587866049554, 13.044122776832157, 0.0 ], [ 77.669226528226559, 13.04452805873275, 0.0 ], [ 77.668907374269367, 13.044775151821472, 0.0 ], [ 77.668721238102236, 13.045149943494986, 0.0 ], [ 77.668563122385109, 13.045409716364881, 0.0 ], [ 77.668271526128621, 13.045498771301551, 0.0 ], [ 77.668110178800532, 13.045457411693588, 0.0 ], [ 77.667726441486352, 13.045054798097629, 0.0 ], [ 77.667713174354446, 13.04505903697717, 0.0 ], [ 77.667660105821042, 13.045075992489398, 0.0 ], [ 77.667646838686295, 13.045080231365951, 0.0 ], [ 77.667633571550908, 13.045084470241941, 0.0 ], [ 77.667523819847261, 13.045119536098341, 0.0 ], [ 77.667417558804331, 13.045092061788457, 0.0 ], [ 77.667376647834146, 13.045081484044012, 0.0 ], [ 77.667349373855274, 13.04507443221045, 0.0 ], [ 77.667288355302503, 13.04520774384233, 0.0 ], [ 77.667273729329608, 13.045207894632767, 0.0 ], [ 77.667259103356514, 13.045208045422386, 0.0 ], [ 77.667200907056227, 13.045237327864367, 0.0 ], [ 77.667186281080532, 13.045237478650209, 0.0 ], [ 77.667171655104681, 13.045237629435221, 0.0 ], [ 77.667142403152411, 13.04523793100277, 0.0 ], [ 77.667127777176006, 13.045238081785309, 0.0 ], [ 77.667069580847937, 13.045267364201948, 0.0 ], [ 77.667054954868902, 13.045267514980702, 0.0 ], [ 77.666996758522771, 13.0452967973839, 0.0 ], [ 77.666938254595209, 13.045297400478857, 0.0 ], [ 77.666865432238964, 13.04532683362846, 0.0 ], [ 77.666850806254018, 13.045326984396358, 0.0 ], [ 77.666807235849433, 13.04535611599583, 0.0 ], [ 77.666792609862057, 13.045356266760781, 0.0 ], [ 77.666777983874525, 13.0453564175249, 0.0 ], [ 77.666720095007221, 13.045414379178464, 0.0 ], [ 77.666705469015383, 13.04541452993915, 0.0 ], [ 77.66661802059221, 13.045444113790909, 0.0 ], [ 77.666603548362701, 13.045458604198759, 0.0 ], [ 77.666589076131515, 13.045473094606136, 0.0 ], [ 77.66653087966607, 13.045502376923862, 0.0 ], [ 77.666458057183291, 13.045531809979058, 0.0 ], [ 77.666458210941272, 13.04554614963334, 0.0 ], [ 77.666443738695904, 13.04556064003509, 0.0 ], [ 77.666429112692157, 13.045560790781819, 0.0 ], [ 77.666414640444074, 13.045575281182417, 0.0 ], [ 77.666356290175813, 13.045590223813893, 0.0 ], [ 77.666298247397592, 13.045633845745527, 0.0 ], [ 77.666283621387805, 13.045633996484868, 0.0 ], [ 77.666283775136975, 13.045648336141019, 0.0 ], [ 77.666269149126194, 13.045648486879701, 0.0 ], [ 77.666225424838657, 13.04566327874767, 0.0 ], [ 77.666167074530847, 13.04567822134246, 0.0 ], [ 77.666152448516868, 13.045678372074889, 0.0 ], [ 77.666137976244087, 13.045692862464309, 0.0 ], [ 77.666108877953363, 13.045707503583591, 0.0 ], [ 77.666064999903682, 13.045707955769538, 0.0 ], [ 77.666006495834893, 13.045708558672599, 0.0 ], [ 77.665947991763133, 13.045709161562471, 0.0 ], [ 77.665904113707398, 13.045709613721208, 0.0 ], [ 77.665889487688474, 13.045709764439142, 0.0 ], [ 77.665830983610832, 13.045710367302622, 0.0 ], [ 77.665816357590955, 13.045710518016431, 0.0 ], [ 77.665772479530261, 13.045710970152909, 0.0 ], [ 77.665713975446764, 13.045711572990001, 0.0 ], [ 77.66565547136031, 13.0457121758139, 0.0 ], [ 77.665655317646554, 13.04569783615039, 0.0 ], [ 77.665596506140318, 13.045669759632089, 0.0 ], [ 77.66552322233143, 13.045656173459259, 0.0 ], [ 77.665523068625987, 13.045641833794209, 0.0 ], [ 77.665508442606495, 13.045641984489849, 0.0 ], [ 77.665464564546824, 13.045642436571811, 0.0 ], [ 77.665464410844905, 13.045628096905999, 0.0 ], [ 77.665435005105849, 13.04561405862337, 0.0 ], [ 77.665390819654007, 13.045585831358569, 0.0 ], [ 77.665376193636192, 13.045585982046099, 0.0 ], [ 77.665361567618206, 13.045586132732808, 0.0 ], [ 77.665346787905591, 13.045571943751471, 0.0 ], [ 77.665302448777837, 13.045529376800339, 0.0 ], [ 77.665287822762295, 13.045529527482238, 0.0 ], [ 77.66521438530971, 13.045501601541696, 0.0 ], [ 77.665170353581004, 13.045487713899639, 0.0 ], [ 77.665155727566344, 13.0454878645736, 0.0 ], [ 77.665096916148258, 13.0454597879207, 0.0 ], [ 77.6650675832377, 13.045452542063806, 0.0 ], [ 77.665041183619024, 13.045446020789432, 0.0 ], [ 77.664963642715534, 13.0454268664979, 0.0 ], [ 77.664929718572623, 13.045418486487298, 0.0 ], [ 77.664858062479553, 13.04540078583657, 0.0 ], [ 77.664818253541725, 13.045390952132211, 0.0 ], [ 77.664759749487843, 13.045391554739146, 0.0 ], [ 77.664613182040767, 13.045364381846689, 0.0 ], [ 77.664525118664841, 13.045336606326671, 0.0 ], [ 77.664510492651331, 13.045336756962472, 0.0 ] ] ] ] } },
{ "type": "Feature", "properties": { "fid": 21, "year": "present", "condition": true, "Overlap": 0, "custodian": "BBMP", "status": "Developed lake", "name": "Yelahanka Amani Kere", "bbmp_id": 141, "Category": "kere", "area": 996845.48550054431, "perimeter": 5004.5706051121488, "area_acres": 246.32, "valley": "Hebbal Nagawara Valley", "Corporation": "North", "ward_name": "2 - Akash Ward", "subvalley": "HN_1", "area_m": 995694 }, "geometry": { "type": "MultiPolygon", "coordinates": [ [ [ [ 77.596823139375573, 13.106332640264046, 0.0 ], [ 77.596794427122049, 13.106270073395908, 0.0 ], [ 77.59692285078728, 13.105640081753402, 0.0 ], [ 77.596915415560545, 13.104931432053036, 0.0 ], [ 77.596738615426702, 13.104356108553461, 0.0 ], [ 77.596347879065291, 13.104360102255113, 0.0 ], [ 77.595722354263629, 13.105899015968848, 0.0 ], [ 77.59540178453193, 13.107243248430279, 0.0 ], [ 77.594579706095132, 13.108674704441288, 0.0 ], [ 77.594001201312864, 13.109392142386728, 0.0 ], [ 77.593466243949095, 13.110272291152278, 0.0 ], [ 77.592778337950733, 13.11058335089594, 0.0 ], [ 77.592164960876531, 13.111180739010067, 0.0 ], [ 77.591099621747645, 13.111809567036616, 0.0 ], [ 77.590486244673457, 13.11256415854657, 0.0 ], [ 77.590228618825549, 13.112823161429239, 0.0 ], [ 77.589348279400312, 13.112980375164739, 0.0 ], [ 77.588472715179151, 13.11304177197116, 0.0 ], [ 77.587779268316012, 13.113730779525486, 0.0 ], [ 77.587353679903913, 13.11446778774277, 0.0 ], [ 77.587038029878784, 13.117337822938371, 0.0 ], [ 77.586617103136177, 13.119645333317919, 0.0 ], [ 77.587065165333627, 13.11987902992712, 0.0 ], [ 77.587394691534797, 13.120391908602802, 0.0 ], [ 77.588036684197093, 13.119826024652168, 0.0 ], [ 77.588688103977631, 13.119539513995958, 0.0 ], [ 77.58940256438207, 13.118905096354657, 0.0 ], [ 77.590306146658293, 13.11855718921116, 0.0 ], [ 77.59158797267807, 13.117779512639537, 0.0 ], [ 77.593206015358732, 13.11689950723674, 0.0 ], [ 77.594718990332893, 13.116224152117145, 0.0 ], [ 77.596189938224427, 13.115732983592443, 0.0 ], [ 77.59719858820722, 13.115569260532858, 0.0 ], [ 77.59848041422697, 13.11520088325023, 0.0 ], [ 77.598753590263954, 13.114443661547501, 0.0 ], [ 77.599026766300952, 13.113829696293161, 0.0 ], [ 77.599013239187144, 13.11344585525412, 0.0 ], [ 77.599200691694008, 13.112705043909832, 0.0 ], [ 77.599523288717407, 13.11231515836732, 0.0 ], [ 77.596503186574779, 13.106610134315209, 0.0 ], [ 77.596823139375573, 13.106332640264046, 0.0 ] ] ] ] } },
{ "type": "Feature", "properties": { "fid": 22, "year": "present", "condition": true, "Overlap": 0, "custodian": "BBMP", "status": null, "name": "Palanahalli Kere", "bbmp_id": 153, "Category": "kere", "area": 82381.280471252277, "perimeter": 1306.872586290772, "area_acres": 20.36, "valley": "Hebbal Nagawara Valley", "Corporation": "North", "ward_name": "21 - Kogilu", "subvalley": "HN_1", "area_m": 82283 }, "geometry": { "type": "MultiPolygon", "coordinates": [ [ [ [ 77.616244158855537, 13.11765633907844, 0.0 ], [ 77.616397993368125, 13.117610572453668, 0.0 ], [ 77.617403755250507, 13.116871696576879, 0.0 ], [ 77.618273584927536, 13.115860089274967, 0.0 ], [ 77.618505741937597, 13.115694262923888, 0.0 ], [ 77.618642583442579, 13.115608954382308, 0.0 ], [ 77.619256431072088, 13.115226273355109, 0.0 ], [ 77.619303917338357, 13.11510487335711, 0.0 ], [ 77.618689020964283, 13.115075468430009, 0.0 ], [ 77.617059334012069, 13.11487450757236, 0.0 ], [ 77.616033842760189, 13.11464301734418, 0.0 ], [ 77.615742985811579, 13.11446595204899, 0.0 ], [ 77.615487457536943, 13.11431039330078, 0.0 ], [ 77.615313933449627, 13.114401955212507, 0.0 ], [ 77.61539272557107, 13.114679953563231, 0.0 ], [ 77.615562870538085, 13.117080627867733, 0.0 ], [ 77.615638822474708, 13.117492745573498, 0.0 ], [ 77.615822330147026, 13.117515085753897, 0.0 ], [ 77.616034313189772, 13.117634301604078, 0.0 ], [ 77.616244158855537, 13.11765633907844, 0.0 ] ] ] ] } },
{ "type": "Feature", "properties": { "fid": 23, "year": "present", "condition": true, "Overlap": 0, "custodian": "BBMP", "status": "Developed lake", "name": "Kattigenahalli Kere", "bbmp_id": 154, "Category": "kere", "area": 60736.967259019613, "perimeter": 1163.126236609108, "area_acres": 15.01, "valley": "Hebbal Nagawara Valley", "Corporation": "North", "ward_name": "21 - Kogilu", "subvalley": "HN_1", "area_m": 60664 }, "geometry": { "type": "MultiPolygon", "coordinates": [ [ [ [ 77.627045544635308, 13.115996331099897, 0.0 ], [ 77.626935066944867, 13.116084821982952, 0.0 ], [ 77.629147721724237, 13.115669732394508, 0.0 ], [ 77.629433257044937, 13.11547937551404, 0.0 ], [ 77.629909149246146, 13.11550317012404, 0.0 ], [ 77.630227415862237, 13.115390008660546, 0.0 ], [ 77.630242273786905, 13.11524142941335, 0.0 ], [ 77.630159282892265, 13.114400917991111, 0.0 ], [ 77.627722881314014, 13.11310422827497, 0.0 ], [ 77.627520618726521, 13.113154642523888, 0.0 ], [ 77.627557419386633, 13.113252212734229, 0.0 ], [ 77.62773606572334, 13.11382934492199, 0.0 ], [ 77.627743839730783, 13.114789331822298, 0.0 ], [ 77.627572616597149, 13.11546954365677, 0.0 ], [ 77.627270401982798, 13.115793373366619, 0.0 ], [ 77.627045544635308, 13.115996331099897, 0.0 ] ] ] ] } },
{ "type": "Feature", "properties": { "fid": 24, "year": "present", "condition": true, "Overlap": 0, "custodian": "BBMP", "status": "Developed lake", "name": "Kogilu kere", "bbmp_id": 152, "Category": "kere", "area": 263965.32384839654, "perimeter": 2489.6539335909347, "area_acres": 65.22, "valley": "Hebbal Nagawara Valley", "Corporation": "North", "ward_name": "21 - Kogilu", "subvalley": "HN_1", "area_m": 263650 }, "geometry": { "type": "MultiPolygon", "coordinates": [ [ [ [ 77.617497726477325, 13.11026226262209, 0.0 ], [ 77.615727561651397, 13.110696658892151, 0.0 ], [ 77.614395063488018, 13.110077999030702, 0.0 ], [ 77.614276090437784, 13.11043491818163, 0.0 ], [ 77.615110923261284, 13.111195212360201, 0.0 ], [ 77.615608588600935, 13.111648443294539, 0.0 ], [ 77.61679831910385, 13.111815005565012, 0.0 ], [ 77.617103492034687, 13.11239738310746, 0.0 ], [ 77.61774699918044, 13.112420621243869, 0.0 ], [ 77.61919236168103, 13.112472815739919, 0.0 ], [ 77.619927861554288, 13.11248717410132, 0.0 ], [ 77.620605456713292, 13.111957773225296, 0.0 ], [ 77.621533446505509, 13.111101167263319, 0.0 ], [ 77.622023224128782, 13.110902608767448, 0.0 ], [ 77.622413847077723, 13.110744248112381, 0.0 ], [ 77.621271789660682, 13.108935257991671, 0.0 ], [ 77.621134173832843, 13.108565361881121, 0.0 ], [ 77.62091478664405, 13.10812684100603, 0.0 ], [ 77.620700635153526, 13.107960278735558, 0.0 ], [ 77.618797066348918, 13.1076271541948, 0.0 ], [ 77.617866201213531, 13.10717893161063, 0.0 ], [ 77.617446799908237, 13.107554491400272, 0.0 ], [ 77.6175430828564, 13.108230585179111, 0.0 ], [ 77.617571831872908, 13.108841842061167, 0.0 ], [ 77.617556482134887, 13.10949722916968, 0.0 ], [ 77.617497726477325, 13.11026226262209, 0.0 ] ] ] ] } },
{ "type": "Feature", "properties": { "fid": 25, "year": "present", "condition": true, "Overlap": 0, "custodian": "BBMP", "status": "Developed lake", "name": "Kowdenahalli Kere", "bbmp_id": 50, "Category": "kere", "area": 61549.988265160471, "perimeter": 1362.3468188687093, "area_acres": 15.21, "valley": "Hebbal Nagawara Valley", "Corporation": "East", "ward_name": "15 - Ramamurthy Nagara", "subvalley": "HN_2", "area_m": 61470 }, "geometry": { "type": "MultiPolygon", "coordinates": [ [ [ [ 77.685276795339249, 13.011358320062833, 0.0 ], [ 77.684168473148446, 13.011345969928421, 0.0 ], [ 77.684176097880865, 13.013819789134198, 0.0 ], [ 77.684193689539086, 13.0138678630475, 0.0 ], [ 77.684203899605663, 13.013893726369357, 0.0 ], [ 77.684159862168528, 13.01416725426316, 0.0 ], [ 77.684275125046298, 13.01433570763046, 0.0 ], [ 77.684741817173588, 13.014397712861829, 0.0 ], [ 77.68482957088645, 13.01444004144957, 0.0 ], [ 77.68517459273238, 13.014475733364581, 0.0 ], [ 77.685550094128757, 13.015104698203741, 0.0 ], [ 77.685602895713373, 13.015046804006039, 0.0 ], [ 77.685733766068665, 13.014999214786029, 0.0 ], [ 77.6857308719201, 13.014775216161922, 0.0 ], [ 77.685588582476953, 13.014645122047401, 0.0 ], [ 77.685519534617583, 13.014438356488769, 0.0 ], [ 77.685415786674184, 13.01411182983486, 0.0 ], [ 77.685257873867613, 13.013833278893124, 0.0 ], [ 77.685210284647439, 13.01325031094666, 0.0 ], [ 77.685348818678222, 13.013064199418691, 0.0 ], [ 77.685446802895058, 13.01285570389348, 0.0 ], [ 77.685589093355361, 13.012624909419458, 0.0 ], [ 77.685708642342092, 13.012350670286372, 0.0 ], [ 77.685884573702424, 13.0121413674072, 0.0 ], [ 77.686126846448303, 13.011887697148836, 0.0 ], [ 77.686381195159811, 13.011721261933021, 0.0 ], [ 77.686382744563787, 13.011717143574749, 0.0 ], [ 77.686720344667478, 13.01148000649812, 0.0 ], [ 77.686704499429453, 13.011447726199156, 0.0 ], [ 77.686909705109528, 13.01138374633633, 0.0 ], [ 77.686621547915138, 13.011207269275998, 0.0 ], [ 77.686292225407215, 13.01099870531549, 0.0 ], [ 77.685882213586495, 13.011054708323373, 0.0 ], [ 77.685607362545326, 13.011092249520027, 0.0 ], [ 77.685411287698571, 13.011119030698717, 0.0 ], [ 77.685276795339249, 13.011358320062833, 0.0 ] ] ] ] } },
{ "type": "Feature", "properties": { "fid": 26, "year": "present", "condition": true, "Overlap": 0, "custodian": "BBMP", "status": "Developed lake", "name": "Gangashetty Kere", "bbmp_id": 44, "Category": "kere", "area": 49979.796275511384, "perimeter": 1084.8947178866565, "area_acres": 12.35, "valley": "Hebbal Nagawara Valley", "Corporation": "East", "ward_name": "14 - K.R Pura", "subvalley": "HN_2", "area_m": 49914 }, "geometry": { "type": "MultiPolygon", "coordinates": [ [ [ [ 77.694585978451869, 13.004706806795408, 0.0 ], [ 77.695125498658683, 13.00462060074369, 0.0 ], [ 77.695368203681312, 13.004677707807838, 0.0 ], [ 77.695339650149151, 13.00450638661539, 0.0 ], [ 77.695066710142385, 13.00423638674426, 0.0 ], [ 77.694794997880649, 13.003842577338329, 0.0 ], [ 77.694245413392707, 13.003832541471642, 0.0 ], [ 77.693855086486792, 13.004005677186289, 0.0 ], [ 77.693435353252994, 13.004126391259661, 0.0 ], [ 77.692982093424575, 13.00414167436441, 0.0 ], [ 77.692826939327006, 13.004349342189068, 0.0 ], [ 77.692803866024988, 13.005537617245523, 0.0 ], [ 77.693283795840159, 13.006305259135852, 0.0 ], [ 77.693783482651384, 13.006961990373441, 0.0 ], [ 77.693985704059685, 13.007103642982882, 0.0 ], [ 77.694183232100386, 13.007104758033851, 0.0 ], [ 77.694210499989822, 13.00698540133533, 0.0 ], [ 77.693983357375771, 13.006076830879289, 0.0 ], [ 77.693979203511333, 13.006047753827939, 0.0 ], [ 77.694585978451869, 13.004706806795408, 0.0 ] ] ] ] } },
{ "type": "Feature", "properties": { "fid": 27, "year": "present", "condition": true, "Overlap": 0, "custodian": "BBMP", "status": "Developed lake", "name": "J P Park Kere", "bbmp_id": 131, "Category": "kere", "area": 284807.85941433161, "perimeter": 2197.9133152252589, "area_acres": 70.38, "valley": "Hebbal Nagawara Valley", "Corporation": "North", "ward_name": "63 - J.P PARK", "subvalley": "HN_1", "area_m": 284496 }, "geometry": { "type": "MultiPolygon", "coordinates": [ [ [ [ 77.551509054867353, 13.037753833928891, 0.0 ], [ 77.551918207640114, 13.037836826351128, 0.0 ], [ 77.551963632909633, 13.03743507475358, 0.0 ], [ 77.552110324464806, 13.037180788319782, 0.0 ], [ 77.552517599368201, 13.037190080321732, 0.0 ], [ 77.552776272607915, 13.037267373963909, 0.0 ], [ 77.553010798743898, 13.037234762465172, 0.0 ], [ 77.553027557656918, 13.036955629403982, 0.0 ], [ 77.553094095280613, 13.036519844324358, 0.0 ], [ 77.553215133627504, 13.036205357814158, 0.0 ], [ 77.553353207786344, 13.035821082664858, 0.0 ], [ 77.553368458245629, 13.035577260128308, 0.0 ], [ 77.553490567364179, 13.035367193953789, 0.0 ], [ 77.553522318055343, 13.035001372635262, 0.0 ], [ 77.553578220668001, 13.034826769762148, 0.0 ], [ 77.55353018473788, 13.034470437952681, 0.0 ], [ 77.553563721022726, 13.034278650536477, 0.0 ], [ 77.553694526052539, 13.03405109347597, 0.0 ], [ 77.553771455487848, 13.033763149756901, 0.0 ], [ 77.553885313551348, 13.033614082983586, 0.0 ], [ 77.553989582148091, 13.033395490185399, 0.0 ], [ 77.554011653812921, 13.03295144124348, 0.0 ], [ 77.553751778058725, 13.032710332292789, 0.0 ], [ 77.553482759997422, 13.03244320541156, 0.0 ], [ 77.553455688630507, 13.03239995947791, 0.0 ], [ 77.553233277556046, 13.032349937094288, 0.0 ], [ 77.552808971944714, 13.032519469456981, 0.0 ], [ 77.552447415502556, 13.03274930077645, 0.0 ], [ 77.552163324931072, 13.032743398398019, 0.0 ], [ 77.551949074957662, 13.032623673791299, 0.0 ], [ 77.550115645129935, 13.031930712199818, 0.0 ], [ 77.549652731469095, 13.031788888537911, 0.0 ], [ 77.549368012618231, 13.031818306285592, 0.0 ], [ 77.549017754521969, 13.032074594927959, 0.0 ], [ 77.548683110061916, 13.032530340867032, 0.0 ], [ 77.54823907846297, 13.032907318465858, 0.0 ], [ 77.547809161340496, 13.033337386369128, 0.0 ], [ 77.547799812039372, 13.033750008633199, 0.0 ], [ 77.548130150539635, 13.034199210576627, 0.0 ], [ 77.548611680738105, 13.034833227610401, 0.0 ], [ 77.549419876878005, 13.035557178784289, 0.0 ], [ 77.549779817210634, 13.036245619478839, 0.0 ], [ 77.550459101978177, 13.03750310359194, 0.0 ], [ 77.550798679749207, 13.037726024883639, 0.0 ], [ 77.551509054867353, 13.037753833928891, 0.0 ] ] ] ] } },
{ "type": "Feature", "properties": { "fid": 28, "year": "present", "condition": true, "Overlap": 0, "custodian": "BBMP", "status": "Developed lake", "name": "Narasipura Kere 20", "bbmp_id": 150, "Category": "kere", "area": 40190.522535163909, "perimeter": 876.12758019362309, "area_acres": 9.93, "valley": "Hebbal Nagawara Valley", "Corporation": "North", "ward_name": "10 - Vidyaranyapura", "subvalley": "HN_1", "area_m": 40146 }, "geometry": { "type": "MultiPolygon", "coordinates": [ [ [ [ 77.558507253928411, 13.070928126945599, 0.0 ], [ 77.55838413781423, 13.071341976899268, 0.0 ], [ 77.558379272842657, 13.07167592986673, 0.0 ], [ 77.558319196396184, 13.071757965217961, 0.0 ], [ 77.558281278779731, 13.071974836029574, 0.0 ], [ 77.558166803391273, 13.07215242383541, 0.0 ], [ 77.557944927837184, 13.07238808365009, 0.0 ], [ 77.557914665645399, 13.07240738613088, 0.0 ], [ 77.557718884906109, 13.072756803647847, 0.0 ], [ 77.55778528485024, 13.07328822201533, 0.0 ], [ 77.557998884919328, 13.073592864164, 0.0 ], [ 77.558382256044595, 13.07371122619886, 0.0 ], [ 77.558803048838584, 13.073698912507792, 0.0 ], [ 77.559130927253506, 13.073538212129318, 0.0 ], [ 77.559385584153844, 13.073527544071363, 0.0 ], [ 77.559648575748909, 13.073519507813298, 0.0 ], [ 77.560002241574452, 13.0734427055851, 0.0 ], [ 77.559852940647971, 13.073197150813559, 0.0 ], [ 77.559667700146576, 13.072957381502331, 0.0 ], [ 77.559369797310595, 13.07226537862134, 0.0 ], [ 77.558850354568776, 13.071304103113528, 0.0 ], [ 77.558507253928411, 13.070928126945599, 0.0 ] ] ] ] } },
{ "type": "Feature", "properties": { "fid": 29, "year": "present", "condition": true, "Overlap": 0, "custodian": "BBMP", "status": "Developed lake", "name": "Narasipura Kere 26", "bbmp_id": 151, "Category": "kere", "area": 19072.363052841742, "perimeter": 592.29930302518562, "area_acres": 4.71, "valley": "Hebbal Nagawara Valley", "Corporation": "North", "ward_name": "8 - Singapura", "subvalley": "HN_1", "area_m": 19051 }, "geometry": { "type": "MultiPolygon", "coordinates": [ [ [ [ 77.554085426072447, 13.076845066810577, 0.0 ], [ 77.554727768022445, 13.076612440446899, 0.0 ], [ 77.555724221560226, 13.076291576137031, 0.0 ], [ 77.555699516100617, 13.07621938160978, 0.0 ], [ 77.55550187242369, 13.076131143825572, 0.0 ], [ 77.555353639665995, 13.07602686276717, 0.0 ], [ 77.555263052980763, 13.07589851678863, 0.0 ], [ 77.555073644457039, 13.075705997695612, 0.0 ], [ 77.55497482261859, 13.075529521728347, 0.0 ], [ 77.554892471086518, 13.075361067278198, 0.0 ], [ 77.554777178941663, 13.075248764247517, 0.0 ], [ 77.554703062562822, 13.07531293741417, 0.0 ], [ 77.554431302507055, 13.0755535866404, 0.0 ], [ 77.55401954484681, 13.075858408656632, 0.0 ], [ 77.553681903565419, 13.07613114382557, 0.0 ], [ 77.553698373871825, 13.07618729514644, 0.0 ], [ 77.553805430863505, 13.076307619362428, 0.0 ], [ 77.553912487855158, 13.076492116379621, 0.0 ], [ 77.554011309693649, 13.076692656459157, 0.0 ], [ 77.554085426072447, 13.076845066810577, 0.0 ] ] ] ] } },
{ "type": "Feature", "properties": { "fid": 30, "year": "present", "condition": true, "Overlap": 0, "custodian": "BBMP", "status": "Developed lake", "name": "Rachenahalli kere", "bbmp_id": 146, "Category": "kere", "area": 396093.51729238033, "perimeter": 3405.2089366517771, "area_acres": 97.87, "valley": "Hebbal Nagawara Valley", "Corporation": "North", "ward_name": "17 - Jakkur", "subvalley": "HN_1", "area_m": 395623 }, "geometry": { "type": "MultiPolygon", "coordinates": [ [ [ [ 77.613437126522726, 13.067400968816289, 0.0 ], [ 77.613614903542199, 13.067043224438171, 0.0 ], [ 77.613721326245638, 13.066825732919868, 0.0 ], [ 77.615467695054534, 13.06325670603729, 0.0 ], [ 77.615967834025213, 13.062234563179757, 0.0 ], [ 77.616421147758714, 13.061894029738571, 0.0 ], [ 77.6169790383247, 13.060637922895712, 0.0 ], [ 77.6174280217015, 13.059886834339702, 0.0 ], [ 77.618107589198999, 13.059338708735861, 0.0 ], [ 77.618651984190095, 13.059092224081944, 0.0 ], [ 77.618072113321006, 13.05903257555452, 0.0 ], [ 77.616983328187203, 13.059238113328739, 0.0 ], [ 77.616199073779157, 13.058876813623987, 0.0 ], [ 77.615397111866059, 13.058656934933889, 0.0 ], [ 77.614560039213742, 13.057670295307119, 0.0 ], [ 77.614405715271118, 13.057824744381998, 0.0 ], [ 77.61447874942867, 13.058413716739338, 0.0 ], [ 77.61441881640333, 13.059069557551018, 0.0 ], [ 77.614223386825202, 13.05955203980742, 0.0 ], [ 77.613895907468972, 13.060188745798982, 0.0 ], [ 77.613167493199128, 13.061163768907281, 0.0 ], [ 77.612927695196205, 13.061334278072691, 0.0 ], [ 77.612329905973908, 13.061689780943286, 0.0 ], [ 77.611909408493432, 13.06195612592583, 0.0 ], [ 77.61172556100118, 13.062148884266508, 0.0 ], [ 77.609370331913027, 13.063047814115702, 0.0 ], [ 77.609374253637881, 13.063421047449101, 0.0 ], [ 77.609714706791195, 13.063435806062261, 0.0 ], [ 77.610421806030331, 13.063466457296736, 0.0 ], [ 77.610602740604151, 13.064379147135911, 0.0 ], [ 77.610719702119212, 13.064639256094218, 0.0 ], [ 77.611335716296267, 13.065286257309442, 0.0 ], [ 77.611568606071046, 13.065563366967039, 0.0 ], [ 77.611533931747388, 13.067841168865773, 0.0 ], [ 77.613437126522726, 13.067400968816289, 0.0 ] ] ] ] } },
{ "type": "Feature", "properties": { "fid": 31, "year": "present", "condition": true, "Overlap": 0, "custodian": "BBMP", "status": "Work in progress", "name": "Sadaramangala Kere", "bbmp_id": 21, "Category": "kere", "area": 163917.52863813937, "perimeter": 2121.5860924374142, "area_acres": 40.5, "valley": "Hebbal Nagawara Valley", "Corporation": "East", "ward_name": "30 - Belathur", "subvalley": "HN_2", "area_m": 163694 }, "geometry": { "type": "MultiPolygon", "coordinates": [ [ [ [ 77.724522469761382, 12.99842232663355, 0.0 ], [ 77.725324682016435, 12.998851461004827, 0.0 ], [ 77.72613844945289, 12.998958248094249, 0.0 ], [ 77.727829637167375, 13.000104290020857, 0.0 ], [ 77.727992980552784, 13.000375177235201, 0.0 ], [ 77.728832834404557, 13.000911555823079, 0.0 ], [ 77.729138945544847, 13.00152693788737, 0.0 ], [ 77.729636808349539, 13.002077393818308, 0.0 ], [ 77.729666428938771, 13.002943130422899, 0.0 ], [ 77.729638503437258, 13.003209729707601, 0.0 ], [ 77.729936017406828, 13.00303884374742, 0.0 ], [ 77.729950236980628, 13.002622944868786, 0.0 ], [ 77.730006976833835, 13.002330177604367, 0.0 ], [ 77.730135799201634, 13.001665476533898, 0.0 ], [ 77.730891827211224, 13.000491477433739, 0.0 ], [ 77.730897040687594, 12.999680283759091, 0.0 ], [ 77.730939174854626, 12.999348903899401, 0.0 ], [ 77.730915161501059, 12.99915668621308, 0.0 ], [ 77.730768858957688, 12.999024906389122, 0.0 ], [ 77.730404337641218, 12.998934378415118, 0.0 ], [ 77.729944401449316, 12.9989182467157, 0.0 ], [ 77.729541846244203, 12.998282909939528, 0.0 ], [ 77.72923894935046, 12.997961067237593, 0.0 ], [ 77.729002719653494, 12.99786918799172, 0.0 ], [ 77.727762125365572, 12.997840288449501, 0.0 ], [ 77.727387373448892, 12.997791802302508, 0.0 ], [ 77.726327909383059, 12.997504732378996, 0.0 ], [ 77.726167949006495, 12.997571749068362, 0.0 ], [ 77.725778982476371, 12.997706356486766, 0.0 ], [ 77.725611620614046, 12.997709396362218, 0.0 ], [ 77.724522469761382, 12.99842232663355, 0.0 ] ] ] ] } },
{ "type": "Feature", "properties": { "fid": 32, "year": "present", "condition": true, "Overlap": 0, "custodian": "BBMP", "status": "Developed lake", "name": "Sigehalli Kere", "bbmp_id": 36, "Category": "kere", "area": 86180.925750140101, "perimeter": 1814.5559853334694, "area_acres": 21.3, "valley": "Hebbal Nagawara Valley", "Corporation": "East", "ward_name": "10 - Medahalli", "subvalley": "HN_2", "area_m": 86065 }, "geometry": { "type": "MultiPolygon", "coordinates": [ [ [ [ 77.711792185818481, 13.015751534098801, 0.0 ], [ 77.712094545506375, 13.01607124128452, 0.0 ], [ 77.712087131606836, 13.016656939349332, 0.0 ], [ 77.712008884910233, 13.016756526054049, 0.0 ], [ 77.711697443898572, 13.016831521909118, 0.0 ], [ 77.711722583842402, 13.01727053348179, 0.0 ], [ 77.711998855429158, 13.018078770922326, 0.0 ], [ 77.712151652570469, 13.018227032955739, 0.0 ], [ 77.712579955551703, 13.018541121808433, 0.0 ], [ 77.713165302959169, 13.018840933895261, 0.0 ], [ 77.713493668577769, 13.019169299514026, 0.0 ], [ 77.713650713004313, 13.01929779040842, 0.0 ], [ 77.713992066112041, 13.019420475134043, 0.0 ], [ 77.714335997773901, 13.020240056966658, 0.0 ], [ 77.714550149264539, 13.020411378159109, 0.0 ], [ 77.714764300755064, 13.020596976117471, 0.0 ], [ 77.714821407819215, 13.020539869053319, 0.0 ], [ 77.714778577520974, 13.0203257175628, 0.0 ], [ 77.71459297956261, 13.020083012540336, 0.0 ], [ 77.714173581394505, 13.019485713012783, 0.0 ], [ 77.713993644042034, 13.01906990132693, 0.0 ], [ 77.713907694792908, 13.01866961270281, 0.0 ], [ 77.713850587728757, 13.018041434997199, 0.0 ], [ 77.714079015985305, 13.017484641121879, 0.0 ], [ 77.71426461394384, 13.017184829035051, 0.0 ], [ 77.714464488668227, 13.016942124012591, 0.0 ], [ 77.715015471512288, 13.016647329394859, 0.0 ], [ 77.714768831731874, 13.016578766753979, 0.0 ], [ 77.714207506879688, 13.016342499839141, 0.0 ], [ 77.713216454482563, 13.01615430821187, 0.0 ], [ 77.713008258532682, 13.016256839242827, 0.0 ], [ 77.712900548682001, 13.015960691516058, 0.0 ], [ 77.712736999978006, 13.015471617110899, 0.0 ], [ 77.712265866698957, 13.015271742386522, 0.0 ], [ 77.711651965759302, 13.015128974726052, 0.0 ], [ 77.711452091034857, 13.01525746562044, 0.0 ], [ 77.711409260736787, 13.015728598899672, 0.0 ], [ 77.711792185818481, 13.015751534098801, 0.0 ] ] ] ] } },
{ "type": "Feature", "properties": { "fid": 33, "year": "present", "condition": true, "Overlap": 0, "custodian": "BBMP", "status": "To Be Developed", "name": "Shivanahalli Kere", "bbmp_id": 145, "Category": "kere", "area": 37275.842652127147, "perimeter": 816.47526841009858, "area_acres": 9.21, "valley": "Hebbal Nagawara Valley", "Corporation": "North", "ward_name": "4 - Nyayanga Badavane", "subvalley": "HN_1", "area_m": 37233 }, "geometry": { "type": "MultiPolygon", "coordinates": [ [ [ [ 77.595267521156899, 13.092622305554038, 0.0 ], [ 77.595317718448086, 13.092730338558569, 0.0 ], [ 77.595312517747715, 13.0930657352663, 0.0 ], [ 77.595752298658724, 13.093129271624177, 0.0 ], [ 77.595764585895125, 13.093142696641801, 0.0 ], [ 77.595996432677737, 13.09324043873927, 0.0 ], [ 77.596318386280103, 13.093041395746459, 0.0 ], [ 77.596293549810255, 13.092789279689109, 0.0 ], [ 77.596255307012612, 13.09252859631955, 0.0 ], [ 77.596125154272073, 13.091699589394359, 0.0 ], [ 77.59609087771878, 13.091481263610842, 0.0 ], [ 77.595978707162303, 13.091265804169137, 0.0 ], [ 77.595805784534534, 13.090933649927289, 0.0 ], [ 77.59562809362204, 13.090662956100886, 0.0 ], [ 77.59506845540966, 13.090738906249817, 0.0 ], [ 77.594835845640731, 13.090789590516778, 0.0 ], [ 77.594837778362162, 13.090974155999168, 0.0 ], [ 77.594875396356855, 13.091205726082217, 0.0 ], [ 77.594715745599032, 13.091313715376589, 0.0 ], [ 77.594670420893067, 13.091345857413062, 0.0 ], [ 77.594533328437166, 13.09144307650295, 0.0 ], [ 77.594435162262329, 13.091488012957338, 0.0 ], [ 77.594497640575455, 13.091693463030081, 0.0 ], [ 77.594478404281418, 13.091766477128298, 0.0 ], [ 77.594517097648449, 13.09209436598136, 0.0 ], [ 77.594477698424484, 13.092124842625479, 0.0 ], [ 77.594603326169945, 13.092283790865778, 0.0 ], [ 77.595059598661123, 13.092461787697053, 0.0 ], [ 77.595267521156899, 13.092622305554038, 0.0 ] ] ] ] } },
{ "type": "Feature", "properties": { "fid": 34, "year": "present", "condition": true, "Overlap": 0, "custodian": "BBMP", "status": "Developed lake", "name": "Thirumenahalli Kere", "bbmp_id": 157, "Category": "kere", "area": 62317.905309543014, "perimeter": 1194.0036966832024, "area_acres": 15.4, "valley": "Hebbal Nagawara Valley", "Corporation": "North", "ward_name": "20 - Sampigehalli", "subvalley": "HN_1", "area_m": 62243 }, "geometry": { "type": "MultiPolygon", "coordinates": [ [ [ [ 77.62715502220081, 13.092830691513276, 0.0 ], [ 77.627564926994708, 13.093043918687558, 0.0 ], [ 77.628305030840167, 13.093666465888939, 0.0 ], [ 77.628435586860775, 13.09375309268073, 0.0 ], [ 77.628534424017261, 13.093858919159059, 0.0 ], [ 77.628620056090838, 13.09401282639617, 0.0 ], [ 77.628811621170556, 13.094406077841841, 0.0 ], [ 77.629111665837598, 13.094319524363458, 0.0 ], [ 77.629858855091484, 13.093998998860268, 0.0 ], [ 77.630095253476611, 13.09389758928474, 0.0 ], [ 77.629901163487958, 13.093139082738599, 0.0 ], [ 77.629740576590592, 13.092582003832488, 0.0 ], [ 77.629533573362963, 13.09233919949472, 0.0 ], [ 77.629554394693145, 13.092160866852128, 0.0 ], [ 77.62956368305413, 13.091965953041139, 0.0 ], [ 77.629176374369834, 13.090883965143298, 0.0 ], [ 77.628934046600847, 13.090959313290403, 0.0 ], [ 77.628417771302296, 13.091931119195451, 0.0 ], [ 77.628196603288842, 13.092086259783308, 0.0 ], [ 77.628073174530229, 13.092242762852008, 0.0 ], [ 77.627847416532177, 13.092373087815107, 0.0 ], [ 77.627490299239852, 13.092432389716038, 0.0 ], [ 77.627063385188606, 13.092381739514789, 0.0 ], [ 77.626780030526177, 13.092389529865761, 0.0 ], [ 77.626657476902778, 13.092613429155309, 0.0 ], [ 77.62715502220081, 13.092830691513276, 0.0 ] ] ] ] } },
{ "type": "Feature", "properties": { "fid": 35, "year": "present", "condition": true, "Overlap": 0, "custodian": "BBMP", "status": null, "name": "Vengaiahna kere /K.R.Puram Kere", "bbmp_id": 46, "Category": "kere", "area": 158869.3006876111, "perimeter": 2139.8980840693507, "area_acres": 39.26, "valley": "Hebbal Nagawara Valley", "Corporation": "East", "ward_name": "14 - K.R Pura", "subvalley": "HN_2", "area_m": 158660 }, "geometry": { "type": "MultiPolygon", "coordinates": [ [ [ [ 77.696911672176697, 13.018035802448738, 0.0 ], [ 77.697209112607467, 13.018000260413546, 0.0 ], [ 77.697621272794308, 13.017652563241258, 0.0 ], [ 77.698132561712271, 13.017651819799548, 0.0 ], [ 77.698362032152588, 13.017574155570689, 0.0 ], [ 77.699269749357825, 13.017624253156599, 0.0 ], [ 77.702536310711963, 13.017077860619869, 0.0 ], [ 77.703760482632831, 13.016981667900392, 0.0 ], [ 77.703380220078898, 13.016832755058321, 0.0 ], [ 77.702344697561259, 13.016328646254671, 0.0 ], [ 77.70113620455426, 13.015675938919788, 0.0 ], [ 77.699885921855952, 13.014440582360868, 0.0 ], [ 77.699785895949603, 13.014009191349999, 0.0 ], [ 77.699763388806858, 13.01398758584129, 0.0 ], [ 77.699719556912001, 13.014053561763969, 0.0 ], [ 77.699323650191602, 13.014516320550651, 0.0 ], [ 77.698905234862764, 13.014957473425911, 0.0 ], [ 77.698796008771751, 13.015155169154101, 0.0 ], [ 77.698776338576835, 13.015395612420098, 0.0 ], [ 77.698395301793539, 13.015626434510921, 0.0 ], [ 77.697524551771991, 13.01607032961121, 0.0 ], [ 77.696648497694937, 13.01635686823302, 0.0 ], [ 77.69570246600172, 13.01627982958256, 0.0 ], [ 77.695713826754215, 13.016432108342617, 0.0 ], [ 77.695987219368874, 13.016997103086601, 0.0 ], [ 77.696146895915376, 13.017344880972356, 0.0 ], [ 77.696240941025835, 13.017802540827219, 0.0 ], [ 77.696621439320893, 13.017973302132379, 0.0 ], [ 77.696911672176697, 13.018035802448738, 0.0 ] ] ] ] } },
{ "type": "Feature", "properties": { "fid": 36, "year": "present", "condition": true, "Overlap": 0, "custodian": "BBMP", "status": "To Be Developed", "name": "Venkateshapura Kere", "bbmp_id": 159, "Category": "kere", "area": 78971.34534079209, "perimeter": 1327.3068267996039, "area_acres": 19.51, "valley": "Hebbal Nagawara Valley", "Corporation": "North", "ward_name": "20 - Sampigehalli", "subvalley": "HN_1", "area_m": 78876 }, "geometry": { "type": "MultiPolygon", "coordinates": [ [ [ [ 77.621794471508665, 13.07826256295526, 0.0 ], [ 77.622094155672514, 13.078898073973273, 0.0 ], [ 77.622362514408763, 13.079263361689589, 0.0 ], [ 77.622484074083417, 13.079462861531182, 0.0 ], [ 77.622707738473437, 13.08003138720353, 0.0 ], [ 77.623437697429267, 13.080288824790468, 0.0 ], [ 77.62412310924239, 13.080469264734802, 0.0 ], [ 77.624266574876771, 13.080346290858188, 0.0 ], [ 77.624127293118988, 13.079939632279901, 0.0 ], [ 77.624450241665585, 13.079819253164299, 0.0 ], [ 77.624530902015906, 13.079520735175858, 0.0 ], [ 77.62430843217588, 13.079318858414089, 0.0 ], [ 77.62413479912108, 13.079036249657108, 0.0 ], [ 77.624011961380774, 13.07866485935039, 0.0 ], [ 77.62436392960916, 13.078538550479069, 0.0 ], [ 77.624530651401528, 13.07830397668925, 0.0 ], [ 77.624604749975902, 13.078087446839127, 0.0 ], [ 77.624400978896318, 13.077780695892697, 0.0 ], [ 77.624289831034758, 13.077654386568566, 0.0 ], [ 77.623956387449994, 13.077383723513348, 0.0 ], [ 77.623752616370439, 13.07725741398594, 0.0 ], [ 77.623715567083224, 13.077004794737091, 0.0 ], [ 77.623734091726803, 13.0767160867073, 0.0 ], [ 77.623622943865243, 13.076301068322488, 0.0 ], [ 77.623567369934435, 13.076030403782232, 0.0 ], [ 77.623493271360061, 13.07601235946905, 0.0 ], [ 77.623308024924086, 13.076264979734276, 0.0 ], [ 77.623252450993263, 13.076499555463206, 0.0 ], [ 77.62317835241889, 13.07671608670732, 0.0 ], [ 77.623011630626522, 13.07691457351406, 0.0 ], [ 77.622826384190518, 13.07720328131154, 0.0 ], [ 77.622752285616158, 13.07731154664849, 0.0 ], [ 77.62264113775457, 13.077455900357132, 0.0 ], [ 77.622529989892996, 13.077654386568588, 0.0 ], [ 77.622140972377423, 13.077979181842762, 0.0 ], [ 77.621974250585069, 13.07808744683912, 0.0 ], [ 77.621794471508665, 13.07826256295526, 0.0 ] ] ] ] } },
{ "type": "Feature", "properties": { "fid": 37, "year": "present", "condition": true, "Overlap": 0, "custodian": "BBMP", "status": "Developed lake", "name": "Vijanapura kere", "bbmp_id": 51, "Category": "kere", "area": 15860.696366389282, "perimeter": 730.60540870569935, "area_acres": 3.92, "valley": "Hebbal Nagawara Valley", "Corporation": "East", "ward_name": "16 - Kotthur", "subvalley": "HN_2", "area_m": 15840 }, "geometry": { "type": "MultiPolygon", "coordinates": [ [ [ [ 77.676557218832215, 13.008041568345417, 0.0 ], [ 77.676082103755348, 13.008323380660013, 0.0 ], [ 77.676077431026556, 13.008529306733779, 0.0 ], [ 77.676104098463512, 13.00873771821254, 0.0 ], [ 77.67617062364377, 13.008985149062537, 0.0 ], [ 77.67624933755036, 13.009238111691177, 0.0 ], [ 77.676338281247169, 13.009428932955638, 0.0 ], [ 77.676452691613321, 13.009670660641721, 0.0 ], [ 77.676543019214279, 13.009905263838032, 0.0 ], [ 77.676660815493861, 13.01018791036158, 0.0 ], [ 77.676783819940297, 13.010479789090368, 0.0 ], [ 77.676824760522621, 13.010708926526659, 0.0 ], [ 77.676845424509679, 13.010760944708958, 0.0 ], [ 77.676911787592559, 13.010725241202479, 0.0 ], [ 77.676873406760777, 13.010363472979961, 0.0 ], [ 77.676832216327526, 13.009991640623207, 0.0 ], [ 77.676864365300673, 13.009712261067801, 0.0 ], [ 77.676928255749445, 13.009497841818909, 0.0 ], [ 77.677002528914144, 13.009227149009318, 0.0 ], [ 77.677045205034915, 13.009098251471546, 0.0 ], [ 77.677068973490947, 13.008975427437489, 0.0 ], [ 77.67692695940076, 13.00901492166224, 0.0 ], [ 77.676916728704583, 13.008900781247538, 0.0 ], [ 77.676986794096919, 13.008850416229951, 0.0 ], [ 77.677061728868281, 13.008857381226049, 0.0 ], [ 77.676943398332625, 13.00859469967372, 0.0 ], [ 77.676796149231635, 13.008328922458828, 0.0 ], [ 77.67661797756854, 13.008365066510891, 0.0 ], [ 77.676665639364089, 13.008285658033666, 0.0 ], [ 77.676733212957842, 13.008251668508636, 0.0 ], [ 77.676557218832215, 13.008041568345417, 0.0 ] ] ] ] } },
{ "type": "Feature", "properties": { "fid": 38, "year": "present", "condition": true, "Overlap": 0, "custodian": "BBMP", "status": "To Be Developed", "name": "Nagareshvara Nagenahalli Kere", "bbmp_id": 43, "Category": "kere", "area": 23261.135231882334, "perimeter": 684.58929510139626, "area_acres": 5.75, "valley": "Hebbal Nagawara Valley", "Corporation": "East", "ward_name": "1 - K Narayanapura", "subvalley": "HN_2", "area_m": 23232 }, "geometry": { "type": "MultiPolygon", "coordinates": [ [ [ [ 77.643999531243708, 13.07522522005014, 0.0 ], [ 77.642941527109727, 13.074786687681549, 0.0 ], [ 77.642598374151817, 13.07461810276914, 0.0 ], [ 77.642473532728602, 13.074801039127559, 0.0 ], [ 77.642154487344015, 13.075980304816401, 0.0 ], [ 77.642233623809531, 13.076084665605981, 0.0 ], [ 77.642341914706236, 13.076179166965348, 0.0 ], [ 77.642199910293456, 13.076582181514251, 0.0 ], [ 77.642280268954039, 13.076801261461219, 0.0 ], [ 77.642493287297654, 13.076655666290769, 0.0 ], [ 77.643999531243708, 13.07522522005014, 0.0 ] ] ] ] } },
{ "type": "Feature", "properties": { "fid": 39, "year": "present", "condition": true, "Overlap": 0, "custodian": "BBMP", "status": "Developed lake", "name": "Atturu kere", "bbmp_id": 142, "Category": "kere", "area": 284299.56470034644, "perimeter": 2228.4278014925185, "area_acres": 70.25, "valley": "Hebbal Nagawara Valley", "Corporation": "North", "ward_name": "6 - Doddabettahalli", "subvalley": "HN_1", "area_m": 283984 }, "geometry": { "type": "MultiPolygon", "coordinates": [ [ [ [ 77.559599192955602, 13.112997979257649, 0.0 ], [ 77.559599980445611, 13.113074075337462, 0.0 ], [ 77.559612590562253, 13.113215922516231, 0.0 ], [ 77.559894280959654, 13.113518908760801, 0.0 ], [ 77.560017849700387, 13.113615968707068, 0.0 ], [ 77.560175067760852, 13.113734535873142, 0.0 ], [ 77.560287721740863, 13.113853546111821, 0.0 ], [ 77.560343766157359, 13.113885751617996, 0.0 ], [ 77.56046699608855, 13.113950051778691, 0.0 ], [ 77.560656846317187, 13.113991847318738, 0.0 ], [ 77.560712466814522, 13.113983103361498, 0.0 ], [ 77.561313009467554, 13.113873380145682, 0.0 ], [ 77.561756841593109, 13.113694228881347, 0.0 ], [ 77.562423040880205, 13.113469180035599, 0.0 ], [ 77.562822646579676, 13.113323230191348, 0.0 ], [ 77.563182918709856, 13.113144908594656, 0.0 ], [ 77.563695178178193, 13.11311796625702, 0.0 ], [ 77.564026245727618, 13.113052734581537, 0.0 ], [ 77.564521764693083, 13.11268044402609, 0.0 ], [ 77.565216496616742, 13.11239851997618, 0.0 ], [ 77.565807018751855, 13.112105318621509, 0.0 ], [ 77.566112115486717, 13.11190014901106, 0.0 ], [ 77.565976088745245, 13.11173285898556, 0.0 ], [ 77.565835638033079, 13.111619588993531, 0.0 ], [ 77.565666825520481, 13.111457457370721, 0.0 ], [ 77.565543256323195, 13.11136040033427, 0.0 ], [ 77.565423373369214, 13.111245261445902, 0.0 ], [ 77.565378600732259, 13.111158050317899, 0.0 ], [ 77.565216496616742, 13.110763354114809, 0.0 ], [ 77.565193338885962, 13.110425042579562, 0.0 ], [ 77.565112286828196, 13.110131838872688, 0.0 ], [ 77.565147023424373, 13.109635647188057, 0.0 ], [ 77.56513544455899, 13.109364996756467, 0.0 ], [ 77.56523965434755, 13.108981574802062, 0.0 ], [ 77.564811236327955, 13.108992851926892, 0.0 ], [ 77.564795094293416, 13.108997978480391, 0.0 ], [ 77.564768262282513, 13.10899859101966, 0.0 ], [ 77.563537561134567, 13.109026683298287, 0.0 ], [ 77.562588094172241, 13.109015406175008, 0.0 ], [ 77.561962835440937, 13.10891391204219, 0.0 ], [ 77.56132599784425, 13.108902634913742, 0.0 ], [ 77.56080494890152, 13.109049237543312, 0.0 ], [ 77.560191269035613, 13.109263502767858, 0.0 ], [ 77.560017586054698, 13.109319888322251, 0.0 ], [ 77.559852587166233, 13.109416307649207, 0.0 ], [ 77.559994428323918, 13.10999651396703, 0.0 ], [ 77.560179690170202, 13.110797185242738, 0.0 ], [ 77.560295478824159, 13.111530191872209, 0.0 ], [ 77.560098638112436, 13.111789562925619, 0.0 ], [ 77.559852158344398, 13.111915907142238, 0.0 ], [ 77.559658641227458, 13.112015102749748, 0.0 ], [ 77.559484958246557, 13.112184257482147, 0.0 ], [ 77.559380748457997, 13.112421073912069, 0.0 ], [ 77.559427063919571, 13.112838321352887, 0.0 ], [ 77.559599192955602, 13.112997979257649, 0.0 ] ] ] ] } },
{ "type": "Feature", "properties": { "fid": 40, "year": "present", "condition": true, "Overlap": 0, "custodian": "BBMP", "status": null, "name": "Rampura Kere", "bbmp_id": 31, "Category": "kere", "area": 632490.53083185479, "perimeter": 4635.3680124936045, "area_acres": 156.29, "valley": "Hebbal Nagawara Valley", "Corporation": "East", "ward_name": "7 - K Chennasandra", "subvalley": "HN_2", "area_m": 631669 }, "geometry": { "type": "MultiPolygon", "coordinates": [ [ [ [ 77.680374396808475, 13.047803598263899, 0.0 ], [ 77.680488835635231, 13.048950719615618, 0.0 ], [ 77.68075983959227, 13.05044568496265, 0.0 ], [ 77.681233377751028, 13.051838665788811, 0.0 ], [ 77.682650529154159, 13.051074860339728, 0.0 ], [ 77.684776512475651, 13.049954101388268, 0.0 ], [ 77.68559101532054, 13.049945528463347, 0.0 ], [ 77.687379854588698, 13.04933273019077, 0.0 ], [ 77.688230544283215, 13.04942179932965, 0.0 ], [ 77.689133914218871, 13.049755387141602, 0.0 ], [ 77.690587575090206, 13.050132184168259, 0.0 ], [ 77.691943449695898, 13.05070606521906, 0.0 ], [ 77.692547505778691, 13.051091813293398, 0.0 ], [ 77.692644753041407, 13.050845710030162, 0.0 ], [ 77.691788105317983, 13.050217551026719, 0.0 ], [ 77.690980357527167, 13.049490840967851, 0.0 ], [ 77.690165582748705, 13.04812700130265, 0.0 ], [ 77.689857070844141, 13.047346007108901, 0.0 ], [ 77.689643647658329, 13.046122870276919, 0.0 ], [ 77.689936476792639, 13.045482582650608, 0.0 ], [ 77.69032655194701, 13.044596193135421, 0.0 ], [ 77.691319579877813, 13.043997538097866, 0.0 ], [ 77.692615161019035, 13.043640766131039, 0.0 ], [ 77.693065482797124, 13.043685030211462, 0.0 ], [ 77.693012260196227, 13.043391499776988, 0.0 ], [ 77.692213191536098, 13.043448944511111, 0.0 ], [ 77.691315793738283, 13.04365447048122, 0.0 ], [ 77.690266303240207, 13.043665534634558, 0.0 ], [ 77.689618780295405, 13.043868420569417, 0.0 ], [ 77.689122265143737, 13.044167745212578, 0.0 ], [ 77.688475279804493, 13.044419638932649, 0.0 ], [ 77.687974439869095, 13.044326883061956, 0.0 ], [ 77.687172663530987, 13.044139264166967, 0.0 ], [ 77.686471379963621, 13.043999600154509, 0.0 ], [ 77.686212778731431, 13.04389187966081, 0.0 ], [ 77.685200313344865, 13.044884503991119, 0.0 ], [ 77.684582965096297, 13.045280240047822, 0.0 ], [ 77.683364098041352, 13.045913417738742, 0.0 ], [ 77.682493214823864, 13.046248942166189, 0.0 ], [ 77.680894705047265, 13.046119200488128, 0.0 ], [ 77.680340674567788, 13.046815695948229, 0.0 ], [ 77.680443168108582, 13.04771741288363, 0.0 ], [ 77.680374396808475, 13.047803598263899, 0.0 ] ] ] ] } },
{ "type": "Feature", "properties": { "fid": 41, "year": "present", "condition": true, "Overlap": 0, "custodian": "BBMP", "status": "Developed lake", "name": "Veerasagara kere", "bbmp_id": 139, "Category": "kere", "area": 81199.06263691932, "perimeter": 1494.5547316518039, "area_acres": 20.06, "valley": "Hebbal Nagawara Valley", "Corporation": "North", "ward_name": "6 - Doddabettahalli", "subvalley": "HN_1", "area_m": 81110 }, "geometry": { "type": "MultiPolygon", "coordinates": [ [ [ [ 77.557156700972016, 13.101130886667329, 0.0 ], [ 77.556128653746981, 13.100272392442729, 0.0 ], [ 77.556050562433271, 13.100257887433848, 0.0 ], [ 77.555863080128418, 13.100223063575209, 0.0 ], [ 77.555178318865998, 13.100504108254826, 0.0 ], [ 77.555067563861556, 13.100890745300278, 0.0 ], [ 77.555238400592103, 13.101231963112818, 0.0 ], [ 77.554913925595372, 13.101823846530428, 0.0 ], [ 77.554953628042142, 13.101929427816529, 0.0 ], [ 77.555070392259211, 13.102019105729417, 0.0 ], [ 77.555263515224425, 13.102024760402976, 0.0 ], [ 77.555792162111487, 13.103849329296368, 0.0 ], [ 77.555793860490283, 13.10402545348429, 0.0 ], [ 77.556015996692295, 13.103849148373268, 0.0 ], [ 77.556529827171843, 13.10296925297353, 0.0 ], [ 77.55745480115489, 13.102585883024597, 0.0 ], [ 77.55848453752688, 13.102840597417007, 0.0 ], [ 77.558885825791378, 13.103297744624451, 0.0 ], [ 77.559071390115363, 13.10335449680667, 0.0 ], [ 77.559206811607339, 13.103234614331932, 0.0 ], [ 77.559002602113097, 13.102903579449441, 0.0 ], [ 77.558812697292311, 13.102721529030498, 0.0 ], [ 77.557156700972016, 13.101130886667329, 0.0 ] ] ] ] } },
{ "type": "Feature", "properties": { "fid": 42, "year": "present", "condition": true, "Overlap": 0, "custodian": "BBMP", "status": null, "name": "Venkojirao Kere /Agara Kere", "bbmp_id": 60, "Category": "kere", "area": 311247.92875706404, "perimeter": 2735.0112632648197, "area_acres": 76.91, "valley": "Koramangala Challaghatta Valley", "Corporation": "South", "ward_name": "72 - HSR Layout", "subvalley": "KC_1", "area_m": 310864 }, "geometry": { "type": "MultiPolygon", "coordinates": [ [ [ [ 77.640347088040201, 12.923860763800327, 0.0 ], [ 77.641159150762363, 12.92346965561366, 0.0 ], [ 77.644217201094747, 12.924065242457109, 0.0 ], [ 77.645535536706973, 12.924574006606321, 0.0 ], [ 77.64677704269549, 12.924526610812308, 0.0 ], [ 77.645666098262055, 12.923493627494889, 0.0 ], [ 77.644734404510615, 12.922632862956743, 0.0 ], [ 77.644016340337657, 12.92183954674754, 0.0 ], [ 77.643225486263859, 12.920872923131871, 0.0 ], [ 77.642472682860799, 12.920149569165641, 0.0 ], [ 77.641967888109946, 12.919388894329851, 0.0 ], [ 77.641392133930594, 12.918628935779518, 0.0 ], [ 77.640851498911161, 12.9178338117178, 0.0 ], [ 77.640600569412555, 12.917592690705092, 0.0 ], [ 77.640206618315418, 12.917248590273919, 0.0 ], [ 77.639283009506585, 12.917153501792241, 0.0 ], [ 77.638787003193386, 12.917228131418071, 0.0 ], [ 77.63882906405756, 12.917854258176252, 0.0 ], [ 77.638824291720667, 12.920778214506267, 0.0 ], [ 77.63987264955172, 12.922612460641188, 0.0 ], [ 77.640347088040201, 12.923860763800327, 0.0 ] ] ] ] } },
{ "type": "Feature", "properties": { "fid": 43, "year": "present", "condition": true, "Overlap": 0, "custodian": "BBMP", "status": "Developed lake", "name": "Ambalipura Kelagina kere", "bbmp_id": 1, "Category": "kere", "area": 24722.915079928935, "perimeter": 664.00293456723978, "area_acres": 6.11, "valley": "Koramangala Challaghatta Valley", "Corporation": "South", "ward_name": "31 - Kasavanahalli", "subvalley": "KC_2", "area_m": 24692 }, "geometry": { "type": "MultiPolygon", "coordinates": [ [ [ [ 77.664547180428542, 12.91796897457143, 0.0 ], [ 77.664667864811932, 12.917923440336789, 0.0 ], [ 77.664809206724129, 12.917837337363597, 0.0 ], [ 77.665043304266177, 12.9177038776965, 0.0 ], [ 77.665224398591164, 12.917716793151282, 0.0 ], [ 77.665467330002727, 12.917643605565408, 0.0 ], [ 77.665692593675274, 12.917566112804069, 0.0 ], [ 77.665785321633379, 12.917510493575557, 0.0 ], [ 77.66562643495584, 12.91720076180057, 0.0 ], [ 77.66533174643105, 12.916405351127189, 0.0 ], [ 77.664923716165944, 12.915830886288147, 0.0 ], [ 77.664247053729696, 12.915940810021638, 0.0 ], [ 77.664159917315047, 12.91608944059197, 0.0 ], [ 77.664186418923563, 12.916343446054668, 0.0 ], [ 77.664274757618685, 12.916618977112028, 0.0 ], [ 77.664389597922337, 12.91679979420328, 0.0 ], [ 77.664442601139399, 12.91710546089328, 0.0 ], [ 77.664464685813172, 12.917333634375819, 0.0 ], [ 77.664522105965005, 12.91778567556544, 0.0 ], [ 77.664547180428542, 12.91796897457143, 0.0 ] ] ] ] } },
{ "type": "Feature", "properties": { "fid": 44, "year": "present", "condition": true, "Overlap": 0, "custodian": "BBMP", "status": "Developed lake", "name": "Amblipura melina kere", "bbmp_id": 6, "Category": "kere", "area": 37330.309570616111, "perimeter": 834.70836302474481, "area_acres": 9.22, "valley": "Koramangala Challaghatta Valley", "Corporation": "South", "ward_name": "31 - Kasavanahalli", "subvalley": "KC_2", "area_m": 37283 }, "geometry": { "type": "MultiPolygon", "coordinates": [ [ [ [ 77.662277109217669, 12.912499823982959, 0.0 ], [ 77.662220494697181, 12.912603098023069, 0.0 ], [ 77.662069549922421, 12.912730123788478, 0.0 ], [ 77.661959976010138, 12.9127372161691, 0.0 ], [ 77.661803319734091, 12.91290015353618, 0.0 ], [ 77.66213715336778, 12.913936502444288, 0.0 ], [ 77.662654268571799, 12.914244078217207, 0.0 ], [ 77.662804805792931, 12.914282255043469, 0.0 ], [ 77.662852963885371, 12.914227983789319, 0.0 ], [ 77.662832085019062, 12.914065985595039, 0.0 ], [ 77.663299897504046, 12.91386489161146, 0.0 ], [ 77.664197561134898, 12.913497201338339, 0.0 ], [ 77.664526853189216, 12.913529695418459, 0.0 ], [ 77.664575010733415, 12.913475423944289, 0.0 ], [ 77.664354722614064, 12.913382062183848, 0.0 ], [ 77.664199931444429, 12.913251962953318, 0.0 ], [ 77.664108867375433, 12.91317542510054, 0.0 ], [ 77.663647486166724, 12.912749889542688, 0.0 ], [ 77.66327171695869, 12.91228907849055, 0.0 ], [ 77.663242926902697, 12.912273925728041, 0.0 ], [ 77.663079711658142, 12.912056536617809, 0.0 ], [ 77.662914890904489, 12.912101273661021, 0.0 ], [ 77.662368641044964, 12.912454920564119, 0.0 ], [ 77.662277109217669, 12.912499823982959, 0.0 ] ] ] ] } },
{ "type": "Feature", "properties": { "fid": 45, "year": "present", "condition": true, "Overlap": 0, "custodian": "BBMP", "status": null, "name": "Arekere", "bbmp_id": 67, "Category": "kere", "area": 69062.808607098646, "perimeter": 1159.2126512278826, "area_acres": 17.07, "valley": "Koramangala Challaghatta Valley", "Corporation": "South", "ward_name": "58 - Arakere", "subvalley": "KC_1", "area_m": 68982 }, "geometry": { "type": "MultiPolygon", "coordinates": [ [ [ [ 77.599008748785948, 12.883819895947068, 0.0 ], [ 77.599736335022428, 12.883895132803801, 0.0 ], [ 77.599978777511069, 12.88396674133419, 0.0 ], [ 77.600455362450376, 12.884012756252702, 0.0 ], [ 77.600290362529307, 12.883891825496718, 0.0 ], [ 77.600199618080524, 12.883685767951288, 0.0 ], [ 77.600275349166907, 12.88286796889293, 0.0 ], [ 77.600282499931808, 12.88249586540768, 0.0 ], [ 77.600285001887102, 12.882365672539906, 0.0 ], [ 77.599871137840395, 12.882385954572422, 0.0 ], [ 77.599527009219997, 12.882263993794849, 0.0 ], [ 77.59916993573411, 12.882180173417639, 0.0 ], [ 77.598524353845391, 12.882043877691178, 0.0 ], [ 77.598495442781442, 12.881975356672719, 0.0 ], [ 77.597674074301267, 12.882001691253139, 0.0 ], [ 77.597309374586729, 12.881981066751766, 0.0 ], [ 77.597006321074446, 12.88194770848658, 0.0 ], [ 77.59694552897524, 12.882078097608078, 0.0 ], [ 77.59681895286144, 12.882349582322759, 0.0 ], [ 77.596752753359212, 12.882519942401409, 0.0 ], [ 77.596542293113671, 12.882623958384837, 0.0 ], [ 77.596638734779262, 12.882838705069918, 0.0 ], [ 77.596708443954711, 12.88312195507392, 0.0 ], [ 77.597007614904285, 12.88327187825362, 0.0 ], [ 77.597094094962955, 12.883271020112289, 0.0 ], [ 77.597547627655956, 12.883566847586831, 0.0 ], [ 77.597582013620894, 12.88380362215811, 0.0 ], [ 77.598304796114348, 12.883856105546199, 0.0 ], [ 77.598921927890814, 12.883844249582481, 0.0 ], [ 77.599008748785948, 12.883819895947068, 0.0 ] ] ] ] } },
{ "type": "Feature", "properties": { "fid": 46, "year": "present", "condition": true, "Overlap": 0, "custodian": "BBMP", "status": null, "name": "B.Narayanapura kere", "bbmp_id": 48, "Category": "gokatte", "area": 11933.487869482487, "perimeter": 484.66682878924877, "area_acres": 2.95, "valley": "Koramangala Challaghatta Valley", "Corporation": "East", "ward_name": "20 - A Narayanapura", "subvalley": "KC_2", "area_m": 11918 }, "geometry": { "type": "MultiPolygon", "coordinates": [ [ [ [ 77.682560573333632, 12.997333214690578, 0.0 ], [ 77.682579993803117, 12.99729536883285, 0.0 ], [ 77.682881011079971, 12.996935832896771, 0.0 ], [ 77.683337392112634, 12.996216759462378, 0.0 ], [ 77.683211159061059, 12.996093759850517, 0.0 ], [ 77.683055795305251, 12.995885606522378, 0.0 ], [ 77.683016954366295, 12.995535530076928, 0.0 ], [ 77.682832459906294, 12.99558283773354, 0.0 ], [ 77.682793618967324, 12.995734222174118, 0.0 ], [ 77.682609124507337, 12.99588560652238, 0.0 ], [ 77.682385789108352, 12.995942375629179, 0.0 ], [ 77.682356658404146, 12.996292451500928, 0.0 ], [ 77.682346948169396, 12.996557373454086, 0.0 ], [ 77.682366368638881, 12.996907448458575, 0.0 ], [ 77.682463470986249, 12.997143985344284, 0.0 ], [ 77.682560573333632, 12.997333214690578, 0.0 ] ] ] ] } },
{ "type": "Feature", "properties": { "fid": 47, "year": "present", "condition": true, "Overlap": 0, "custodian": "BBMP", "status": null, "name": "K R Puram (BEML)/ Benniganahalli Kere", "bbmp_id": 41, "Category": "kere", "area": 81121.79502074339, "perimeter": 1794.8907722295407, "area_acres": 20.04, "valley": "Koramangala Challaghatta Valley", "Corporation": "East", "ward_name": "19 - K.S. Nissar Ahmed Ward", "subvalley": "KC_2", "area_m": 81019 }, "geometry": { "type": "MultiPolygon", "coordinates": [ [ [ [ 77.664178628648301, 12.997552806624073, 0.0 ], [ 77.665865194095645, 12.998439496299628, 0.0 ], [ 77.665908479930792, 12.998325589129591, 0.0 ], [ 77.666115546599102, 12.99819768325405, 0.0 ], [ 77.666352716877512, 12.997616917878117, 0.0 ], [ 77.666470965224335, 12.99752803806242, 0.0 ], [ 77.667174409212237, 12.997126318251146, 0.0 ], [ 77.667657893038637, 12.997055601601778, 0.0 ], [ 77.66824481495857, 12.99693866822904, 0.0 ], [ 77.667416038745927, 12.996569724953199, 0.0 ], [ 77.666312078375782, 12.996232990245289, 0.0 ], [ 77.665813336495162, 12.99606407424657, 0.0 ], [ 77.665553018296066, 12.995981406222622, 0.0 ], [ 77.665121522169713, 12.99603697411716, 0.0 ], [ 77.66495717207637, 12.996290138303507, 0.0 ], [ 77.66432608409751, 12.997262258802181, 0.0 ], [ 77.664265817141171, 12.997402649493019, 0.0 ], [ 77.664178628648301, 12.997552806624073, 0.0 ] ] ], [ [ [ 77.665784606268303, 12.998651563873205, 0.0 ], [ 77.664048166660677, 12.997930355217585, 0.0 ], [ 77.664299692958537, 12.998957160947876, 0.0 ], [ 77.664333041459059, 12.999639347078158, 0.0 ], [ 77.664409560072997, 12.999828503211344, 0.0 ], [ 77.664574376519852, 12.999914476603349, 0.0 ], [ 77.664664101501003, 12.999881435220759, 0.0 ], [ 77.664913760276107, 12.99960416362282, 0.0 ], [ 77.66536526967522, 12.99932922619789, 0.0 ], [ 77.665714207052986, 12.999216061247902, 0.0 ], [ 77.665995946191202, 12.999088975206393, 0.0 ], [ 77.666106512131933, 12.998978258006369, 0.0 ], [ 77.666134747967789, 12.998831859240219, 0.0 ], [ 77.665781892862299, 12.99865870421999, 0.0 ], [ 77.665784606268303, 12.998651563873205, 0.0 ] ] ] ] } },
{ "type": "Feature", "properties": { "fid": 48, "year": "present", "condition": true, "Overlap": 0, "custodian": "BBMP", "status": "To Be Developed", "name": "Mahadevapura Kere-2", "bbmp_id": 47, "Category": "gokatte", "area": 7765.61315099895, "perimeter": 407.27358614356041, "area_acres": 1.92, "valley": "Koramangala Challaghatta Valley", "Corporation": "East", "ward_name": "22 - Mahadevapura", "subvalley": "KC_2", "area_m": 7756 }, "geometry": { "type": "MultiPolygon", "coordinates": [ [ [ [ 77.685328531688839, 12.99191832288356, 0.0 ], [ 77.685329949806388, 12.991949413806148, 0.0 ], [ 77.685369384292898, 12.992160347756776, 0.0 ], [ 77.685388324719213, 12.992261659359102, 0.0 ], [ 77.685388690110457, 12.992401712099687, 0.0 ], [ 77.685387311016385, 12.992538857454129, 0.0 ], [ 77.685380555850031, 12.992706842932508, 0.0 ], [ 77.685387316141174, 12.992804723803678, 0.0 ], [ 77.685376955161175, 12.992902781726901, 0.0 ], [ 77.685358033535167, 12.993000928177622, 0.0 ], [ 77.68539014478047, 12.993067762356509, 0.0 ], [ 77.685450520707292, 12.993109116886341, 0.0 ], [ 77.685507306251097, 12.9931234384379, 0.0 ], [ 77.685583829734867, 12.993142737957051, 0.0 ], [ 77.68558986372831, 12.99313575172515, 0.0 ], [ 77.685755004574759, 12.992944549442589, 0.0 ], [ 77.685759059583987, 12.992873642717919, 0.0 ], [ 77.685811982816205, 12.992752755858939, 0.0 ], [ 77.685864845813811, 12.992626272435221, 0.0 ], [ 77.685923566335958, 12.992513721388827, 0.0 ], [ 77.686053414630052, 12.992380844500531, 0.0 ], [ 77.686166863935867, 12.99231530341007, 0.0 ], [ 77.686221439551829, 12.992293570214128, 0.0 ], [ 77.686291813155918, 12.992189079422728, 0.0 ], [ 77.686119371311008, 12.9921450805289, 0.0 ], [ 77.686053378789452, 12.992112180000753, 0.0 ], [ 77.685867146504378, 12.992044141342882, 0.0 ], [ 77.685649074013014, 12.991934452909922, 0.0 ], [ 77.685468368451282, 12.991849565203241, 0.0 ], [ 77.685410518192157, 12.991808001623228, 0.0 ], [ 77.685328531688839, 12.99191832288356, 0.0 ] ] ] ] } },
{ "type": "Feature", "properties": { "fid": 49, "year": "present", "condition": true, "Overlap": 0, "custodian": "BBMP", "status": "To Be Developed", "name": "Basapura Kere-2", "bbmp_id": 77, "Category": "kere", "area": 27661.200362956151, "perimeter": 886.29391609886488, "area_acres": 6.83, "valley": "Koramangala Challaghatta Valley", "Corporation": "South", "ward_name": "34 - Chikkathoguru", "subvalley": "KC_1", "area_m": 27627 }, "geometry": { "type": "MultiPolygon", "coordinates": [ [ [ [ 77.644753200339267, 12.868505470910709, 0.0 ], [ 77.644531575792968, 12.86843439142093, 0.0 ], [ 77.644311600271877, 12.86834206668002, 0.0 ], [ 77.644078035370839, 12.868206903928188, 0.0 ], [ 77.643870974003846, 12.868092960966671, 0.0 ], [ 77.64363704922539, 12.86792342141157, 0.0 ], [ 77.643509496099625, 12.867743307420207, 0.0 ], [ 77.643496270928651, 12.867724632526405, 0.0 ], [ 77.643397045011028, 12.867630893602659, 0.0 ], [ 77.643248079790141, 12.867587843315277, 0.0 ], [ 77.643115502911272, 12.867616946201821, 0.0 ], [ 77.64318378047949, 12.86772171427272, 0.0 ], [ 77.643285683907706, 12.867832421212919, 0.0 ], [ 77.643327556767133, 12.86796315976547, 0.0 ], [ 77.643374988762432, 12.867994825128898, 0.0 ], [ 77.643393453188807, 12.868084886247239, 0.0 ], [ 77.64341187260105, 12.868170650320817, 0.0 ], [ 77.643342874753301, 12.86838645375998, 0.0 ], [ 77.643339693733793, 12.868465072918616, 0.0 ], [ 77.643191243719883, 12.868851880253718, 0.0 ], [ 77.643183159803087, 12.868916424231616, 0.0 ], [ 77.643127610467502, 12.869087535725814, 0.0 ], [ 77.643064084972664, 12.869145858680138, 0.0 ], [ 77.643003670307763, 12.869343686932158, 0.0 ], [ 77.642863021748113, 12.86933045520585, 0.0 ], [ 77.642738038910252, 12.869492481267178, 0.0 ], [ 77.642642270552116, 12.869549314695639, 0.0 ], [ 77.642612513053862, 12.869635564775486, 0.0 ], [ 77.642634951941346, 12.86968690840844, 0.0 ], [ 77.642822852065237, 12.869745838546049, 0.0 ], [ 77.643353403105877, 12.869391031153066, 0.0 ], [ 77.643453832788509, 12.869371210764736, 0.0 ], [ 77.643503646462378, 12.869361379728442, 0.0 ], [ 77.64360488067868, 12.869341400500019, 0.0 ], [ 77.643739821597819, 12.869370639823989, 0.0 ], [ 77.643836130107502, 12.869365370515949, 0.0 ], [ 77.643958626749566, 12.869351241917128, 0.0 ], [ 77.644081078317313, 12.869332816225976, 0.0 ], [ 77.644203800163183, 12.86934017270414, 0.0 ], [ 77.644313518049955, 12.86936055284237, 0.0 ], [ 77.644515209746245, 12.869380004615859, 0.0 ], [ 77.644668229042523, 12.869352675138897, 0.0 ], [ 77.644790815675819, 12.869347140231071, 0.0 ], [ 77.644865090375674, 12.869329200498319, 0.0 ], [ 77.645030862301795, 12.869264897572528, 0.0 ], [ 77.645118456310215, 12.86926401328275, 0.0 ], [ 77.645107739851525, 12.869077496539672, 0.0 ], [ 77.645092708023626, 12.868897153748556, 0.0 ], [ 77.64509765447491, 12.868740889533401, 0.0 ], [ 77.645062035444369, 12.86871122648658, 0.0 ], [ 77.645016874554642, 12.868562465342078, 0.0 ], [ 77.644987291801442, 12.868529300197437, 0.0 ], [ 77.644921419858932, 12.868520404062508, 0.0 ], [ 77.644870037042423, 12.868542942715292, 0.0 ], [ 77.644753200339267, 12.868505470910709, 0.0 ] ] ] ] } },
{ "type": "Feature", "properties": { "fid": 50, "year": "present", "condition": true, "Overlap": 0, "custodian": "BBMP", "status": "Developed lake", "name": "Basapura Kere-1", "bbmp_id": 76, "Category": "kere", "area": 22371.093570851721, "perimeter": 725.94322066179984, "area_acres": 5.53, "valley": "Koramangala Challaghatta Valley", "Corporation": "South", "ward_name": "34 - Chikkathoguru", "subvalley": "KC_1", "area_m": 22343 }, "geometry": { "type": "MultiPolygon", "coordinates": [ [ [ [ 77.648981202142338, 12.869988251386808, 0.0 ], [ 77.648764063898838, 12.87023928513182, 0.0 ], [ 77.648925435353433, 12.87022180305698, 0.0 ], [ 77.64924801164392, 12.870170989797829, 0.0 ], [ 77.649465338422885, 12.870097464805077, 0.0 ], [ 77.649615135493676, 12.87013161351493, 0.0 ], [ 77.649802152851123, 12.870248600809942, 0.0 ], [ 77.649964148627504, 12.870290551162052, 0.0 ], [ 77.650121689622011, 12.870292920223442, 0.0 ], [ 77.6507111774837, 12.870275068710443, 0.0 ], [ 77.650741819164281, 12.870116253782568, 0.0 ], [ 77.650741319410614, 12.870068707368517, 0.0 ], [ 77.650763391049338, 12.869963066272678, 0.0 ], [ 77.650735281979749, 12.869878562569458, 0.0 ], [ 77.650689401627133, 12.86974033496673, 0.0 ], [ 77.650567249186551, 12.869646467835333, 0.0 ], [ 77.650518288296169, 12.869599411676768, 0.0 ], [ 77.650513000642349, 12.869480586469447, 0.0 ], [ 77.65049235044809, 12.869437206517366, 0.0 ], [ 77.650403088600214, 12.869398483266901, 0.0 ], [ 77.650199834778149, 12.869273735316559, 0.0 ], [ 77.650089881282526, 12.869187669740317, 0.0 ], [ 77.649876819485755, 12.869039882346899, 0.0 ], [ 77.649822022611019, 12.868972558132489, 0.0 ], [ 77.649629834276752, 12.868839648812211, 0.0 ], [ 77.649547692250678, 12.868709712799239, 0.0 ], [ 77.649465169003193, 12.868585333736203, 0.0 ], [ 77.649394498404732, 12.868527879776218, 0.0 ], [ 77.64935579011005, 12.868496410588419, 0.0 ], [ 77.649314214337409, 12.86839902612884, 0.0 ], [ 77.649225369155644, 12.868399924432589, 0.0 ], [ 77.649249381773089, 12.8685018387966, 0.0 ], [ 77.649280324038557, 12.868633163795522, 0.0 ], [ 77.649240604286021, 12.869081342275109, 0.0 ], [ 77.649157502247618, 12.869629025098488, 0.0 ], [ 77.649019780518756, 12.869860039210289, 0.0 ], [ 77.649000030620755, 12.869925676442227, 0.0 ], [ 77.648981202142338, 12.869988251386808, 0.0 ] ] ] ] } },
{ "type": "Feature", "properties": { "fid": 51, "year": "present", "condition": true, "Overlap": 0, "custodian": "BBMP", "status": "To Be Developed", "name": "Basavanapura Kere", "bbmp_id": 78, "Category": "kere", "area": 19327.118250876665, "perimeter": 676.84534728603319, "area_acres": 4.78, "valley": "Koramangala Challaghatta Valley", "Corporation": "South", "ward_name": "38 - Doddakammanahalli", "subvalley": "KC_1", "area_m": 19305 }, "geometry": { "type": "MultiPolygon", "coordinates": [ [ [ [ 77.58864775047681, 12.844148133651791, 0.0 ], [ 77.588663414085758, 12.844281276881278, 0.0 ], [ 77.588670189410195, 12.84458598228726, 0.0 ], [ 77.588659393571746, 12.844958986534046, 0.0 ], [ 77.588625352809785, 12.845203140036141, 0.0 ], [ 77.588475942148506, 12.845451930811031, 0.0 ], [ 77.588399496018795, 12.84562846307383, 0.0 ], [ 77.588451530848445, 12.845714003243581, 0.0 ], [ 77.588568489762835, 12.845716435297089, 0.0 ], [ 77.58862300321978, 12.845687213199238, 0.0 ], [ 77.588663095342611, 12.84552888568348, 0.0 ], [ 77.588809145177365, 12.845308893965452, 0.0 ], [ 77.589121197186273, 12.845173603374928, 0.0 ], [ 77.589159400848146, 12.845143974333521, 0.0 ], [ 77.589178332629018, 12.845149235615358, 0.0 ], [ 77.589516965800513, 12.84505391079316, 0.0 ], [ 77.589931614889139, 12.845103602893392, 0.0 ], [ 77.590131898685328, 12.845219951193311, 0.0 ], [ 77.589954855691886, 12.844568238794578, 0.0 ], [ 77.58977187135747, 12.844089524188629, 0.0 ], [ 77.589656230644238, 12.843850032059009, 0.0 ], [ 77.589605412343673, 12.843848889904921, 0.0 ], [ 77.589273909298655, 12.843948970034786, 0.0 ], [ 77.588965641579691, 12.84402048367482, 0.0 ], [ 77.58864775047681, 12.844148133651791, 0.0 ] ] ] ] } },
{ "type": "Feature", "properties": { "fid": 52, "year": "present", "condition": true, "Overlap": 0, "custodian": "BBMP", "status": "Work in progress", "name": "Begur Kere", "bbmp_id": 75, "Category": "kere", "area": 456197.11508423835, "perimeter": 3048.4713994964586, "area_acres": 112.72, "valley": "Koramangala Challaghatta Valley", "Corporation": "South", "ward_name": "36 - Beguru", "subvalley": "KC_1", "area_m": 455642 }, "geometry": { "type": "MultiPolygon", "coordinates": [ [ [ [ 77.628377201148894, 12.875083371766621, 0.0 ], [ 77.628390909810904, 12.875451299159652, 0.0 ], [ 77.627738224407253, 12.876654321738169, 0.0 ], [ 77.627528531475591, 12.87710580200077, 0.0 ], [ 77.627589711336469, 12.877321983604398, 0.0 ], [ 77.627649949560251, 12.87753483737559, 0.0 ], [ 77.627817399166915, 12.877705258450359, 0.0 ], [ 77.628500207947141, 12.877765333444069, 0.0 ], [ 77.629544259037857, 12.877888707385479, 0.0 ], [ 77.630802987229046, 12.87803860364143, 0.0 ], [ 77.631055544049502, 12.877959576643772, 0.0 ], [ 77.631262173218971, 12.878148723674599, 0.0 ], [ 77.631624314412448, 12.878298062866159, 0.0 ], [ 77.632272313140135, 12.878275448598986, 0.0 ], [ 77.632549236651499, 12.87821227589701, 0.0 ], [ 77.632701053025031, 12.877818741979128, 0.0 ], [ 77.632707701721813, 12.877522279215219, 0.0 ], [ 77.632684717884302, 12.877187869737609, 0.0 ], [ 77.632654514085544, 12.876819462358618, 0.0 ], [ 77.632599673369967, 12.87650988240804, 0.0 ], [ 77.632614069896164, 12.876022118517898, 0.0 ], [ 77.63265005190496, 12.875734921997049, 0.0 ], [ 77.632783776614929, 12.875475426369778, 0.0 ], [ 77.63316721290667, 12.87503383929484, 0.0 ], [ 77.633881643520624, 12.874221437426581, 0.0 ], [ 77.633246128461622, 12.873090049896641, 0.0 ], [ 77.632507226561344, 12.87232302289201, 0.0 ], [ 77.632204956756496, 12.872306938100758, 0.0 ], [ 77.631742754658248, 12.870973018513338, 0.0 ], [ 77.631858353978529, 12.869910567488031, 0.0 ], [ 77.631709399009665, 12.869644351003391, 0.0 ], [ 77.631509329957581, 12.869149179631263, 0.0 ], [ 77.631504941126963, 12.868728532145878, 0.0 ], [ 77.631442985790599, 12.86839451333018, 0.0 ], [ 77.631334305153402, 12.868252187158303, 0.0 ], [ 77.630672507176229, 12.86833532167698, 0.0 ], [ 77.630447364713106, 12.868663131462069, 0.0 ], [ 77.629634178258499, 12.868756875159496, 0.0 ], [ 77.629418480306811, 12.8694943535144, 0.0 ], [ 77.6290800576419, 12.869899960145652, 0.0 ], [ 77.629069599223101, 12.87030271563326, 0.0 ], [ 77.628829149712743, 12.870992710538474, 0.0 ], [ 77.628859578194763, 12.871107139466842, 0.0 ], [ 77.628648096233249, 12.87138653609397, 0.0 ], [ 77.628526803077037, 12.871904057468633, 0.0 ], [ 77.628502154690722, 12.87234411957769, 0.0 ], [ 77.628408599015813, 12.872717944798069, 0.0 ], [ 77.62838275469241, 12.873043284632606, 0.0 ], [ 77.628452060805145, 12.873147762274451, 0.0 ], [ 77.628475064914952, 12.873793760252971, 0.0 ], [ 77.628377201148894, 12.875083371766621, 0.0 ] ] ] ] } },
{ "type": "Feature", "properties": { "fid": 53, "year": "present", "condition": true, "Overlap": 0, "custodian": "BBMP", "status": "Developed lake", "name": "Sowl kere", "bbmp_id": 10, "Category": "kere", "area": 184397.31840177998, "perimeter": 2050.209966335236, "area_acres": 45.56, "valley": "Koramangala Challaghatta Valley", "Corporation": "East", "ward_name": "49 - Shivanasamudra Ward", "subvalley": "KC_2", "area_m": 184159 }, "geometry": { "type": "MultiPolygon", "coordinates": [ [ [ [ 77.680982349715379, 12.915950414666304, 0.0 ], [ 77.680482659923484, 12.915677085425548, 0.0 ], [ 77.680092649352048, 12.91565559840959, 0.0 ], [ 77.679353120323526, 12.915823609518059, 0.0 ], [ 77.678884324597504, 12.915844883339981, 0.0 ], [ 77.678792793813557, 12.91693008902941, 0.0 ], [ 77.678839440672007, 12.91737579329814, 0.0 ], [ 77.678732494637245, 12.917376890555982, 0.0 ], [ 77.678331788274548, 12.91747264509412, 0.0 ], [ 77.678024300953183, 12.91754911418081, 0.0 ], [ 77.678001746603044, 12.918062550423558, 0.0 ], [ 77.678115798348003, 12.918244667967379, 0.0 ], [ 77.678423188730392, 12.918159035247072, 0.0 ], [ 77.678602045110367, 12.918285501444091, 0.0 ], [ 77.678644589721543, 12.918770776467069, 0.0 ], [ 77.678497763447496, 12.919019720893797, 0.0 ], [ 77.678189785930641, 12.919050373684568, 0.0 ], [ 77.677994395182736, 12.91912569308059, 0.0 ], [ 77.677885813452548, 12.919456724344, 0.0 ], [ 77.677583012230428, 12.919973035306338, 0.0 ], [ 77.67751563724056, 12.920284702760497, 0.0 ], [ 77.677308918429119, 12.920553202328911, 0.0 ], [ 77.677469190835311, 12.920689024058978, 0.0 ], [ 77.677642787725716, 12.920561858062378, 0.0 ], [ 77.67969546913811, 12.920053491529188, 0.0 ], [ 77.681060522426961, 12.919784282267178, 0.0 ], [ 77.681402731806543, 12.919842184160839, 0.0 ], [ 77.682271788310089, 12.919860748985062, 0.0 ], [ 77.6825813719216, 12.919484338872151, 0.0 ], [ 77.682497008773964, 12.919079465662838, 0.0 ], [ 77.682447659264469, 12.918832535498918, 0.0 ], [ 77.682294770805314, 12.918513354362508, 0.0 ], [ 77.682160272242314, 12.918166491096086, 0.0 ], [ 77.682146039143433, 12.917708420066269, 0.0 ], [ 77.682049494150689, 12.917416152791358, 0.0 ], [ 77.681789400886743, 12.917556289677398, 0.0 ], [ 77.681600517832265, 12.917365778406239, 0.0 ], [ 77.68158794877094, 12.917063483974458, 0.0 ], [ 77.681575771024299, 12.916797842910359, 0.0 ], [ 77.681470961570255, 12.9166064679463, 0.0 ], [ 77.681200723321297, 12.916408877732817, 0.0 ], [ 77.680982349715379, 12.915950414666304, 0.0 ] ] ] ] } },
{ "type": "Feature", "properties": { "fid": 54, "year": "present", "condition": true, "Overlap": 0, "custodian": "BBMP", "status": null, "name": "Bhoganahalli kere", "bbmp_id": 22, "Category": "kere", "area": 36255.226551536471, "perimeter": 912.77819391593744, "area_acres": 8.96, "valley": "Koramangala Challaghatta Valley", "Corporation": "East", "ward_name": "48 - Panathur", "subvalley": "KC_2", "area_m": 36207 }, "geometry": { "type": "MultiPolygon", "coordinates": [ [ [ [ 77.698248420400986, 12.922591073959341, 0.0 ], [ 77.698089589909202, 12.922810113706101, 0.0 ], [ 77.698064144344983, 12.922942132964179, 0.0 ], [ 77.698350007424139, 12.923294919218517, 0.0 ], [ 77.698513297457382, 12.923490865083158, 0.0 ], [ 77.698826022968774, 12.923843372798032, 0.0 ], [ 77.699228101644493, 12.924386002076142, 0.0 ], [ 77.699222448535366, 12.924484877606991, 0.0 ], [ 77.69949467211859, 12.924818039615229, 0.0 ], [ 77.699588596456735, 12.924897184931883, 0.0 ], [ 77.699537359116476, 12.924415742083291, 0.0 ], [ 77.699466452879037, 12.924067322037651, 0.0 ], [ 77.699464824110166, 12.92391581942101, 0.0 ], [ 77.699503628634744, 12.923777074163239, 0.0 ], [ 77.6996669780535, 12.923353765071889, 0.0 ], [ 77.699725999028018, 12.923221398488222, 0.0 ], [ 77.699884615608781, 12.922982596775281, 0.0 ], [ 77.699983998712923, 12.922856400422191, 0.0 ], [ 77.700186108181768, 12.922723651580601, 0.0 ], [ 77.699639664670784, 12.922412545576138, 0.0 ], [ 77.699316788619242, 12.922085220247272, 0.0 ], [ 77.699252189939742, 12.922075344789338, 0.0 ], [ 77.699120683990174, 12.921890335095989, 0.0 ], [ 77.69863633826769, 12.921816289710128, 0.0 ], [ 77.698394306997116, 12.921792440812919, 0.0 ], [ 77.698312820424206, 12.921827698867492, 0.0 ], [ 77.698273228883295, 12.92239977100812, 0.0 ], [ 77.698248420400986, 12.922591073959341, 0.0 ] ] ] ] } },
{ "type": "Feature", "properties": { "fid": 55, "year": "present", "condition": true, "Overlap": 0, "custodian": "BBMP", "status": null, "name": "Melina Byrasandra (DRDO)", "bbmp_id": 54, "Category": "kere", "area": 39335.926074467599, "perimeter": 967.92374977607085, "area_acres": 9.72, "valley": "Koramangala Challaghatta Valley", "Corporation": "Central", "ward_name": "16 - New Thippasandra", "subvalley": "KC_2", "area_m": 39287 }, "geometry": { "type": "MultiPolygon", "coordinates": [ [ [ [ 77.656050600426809, 12.978919360621838, 0.0 ], [ 77.65607958426834, 12.978872483138769, 0.0 ], [ 77.656283431763995, 12.978710152075299, 0.0 ], [ 77.656523623291008, 12.97849575656276, 0.0 ], [ 77.656711823449953, 12.97834909304601, 0.0 ], [ 77.656873890615714, 12.9782233736892, 0.0 ], [ 77.657014765785121, 12.978087532280473, 0.0 ], [ 77.657055446597056, 12.97794754563313, 0.0 ], [ 77.657007682628645, 12.97791701807656, 0.0 ], [ 77.65679919686059, 12.977905796310161, 0.0 ], [ 77.656739376319081, 12.97796370093409, 0.0 ], [ 77.6565604050395, 12.977988790007981, 0.0 ], [ 77.656355569770554, 12.978058083968897, 0.0 ], [ 77.656209313859918, 12.978183641474006, 0.0 ], [ 77.655857618090522, 12.97832163649233, 0.0 ], [ 77.655567806055871, 12.978492871609539, 0.0 ], [ 77.655361204414461, 12.978534708921069, 0.0 ], [ 77.655250080946956, 12.978604639089308, 0.0 ], [ 77.655025347825813, 12.978659967281578, 0.0 ], [ 77.65454642384023, 12.978682262724258, 0.0 ], [ 77.654305595111495, 12.978923410641107, 0.0 ], [ 77.654226353138725, 12.979621012845401, 0.0 ], [ 77.654371467948664, 12.979754392285539, 0.0 ], [ 77.654950809421564, 12.979996481150518, 0.0 ], [ 77.655454920979238, 12.98025674109806, 0.0 ], [ 77.656100576430447, 12.980476394504921, 0.0 ], [ 77.65618809878346, 12.980362374510177, 0.0 ], [ 77.656129316558207, 12.97984085749648, 0.0 ], [ 77.656108705570944, 12.979571307271948, 0.0 ], [ 77.656097433933283, 12.979203265355931, 0.0 ], [ 77.656050600426809, 12.978919360621838, 0.0 ] ] ] ] } },
{ "type": "Feature", "properties": { "fid": 56, "year": "present", "condition": true, "Overlap": 0, "custodian": "BBMP", "status": "To Be Developed", "name": "Kelagina Byrasandra", "bbmp_id": 53, "Category": "kere", "area": 24744.963308857754, "perimeter": 775.94201557277029, "area_acres": 6.11, "valley": "Koramangala Challaghatta Valley", "Corporation": "Central", "ward_name": "16 - New Thippasandra", "subvalley": "KC_2", "area_m": 24714 }, "geometry": { "type": "MultiPolygon", "coordinates": [ [ [ [ 77.661374733791163, 12.977861898469346, 0.0 ], [ 77.661423386628286, 12.978208638555779, 0.0 ], [ 77.661402924727597, 12.978258696039482, 0.0 ], [ 77.661486447132631, 12.978852863785489, 0.0 ], [ 77.661644735724536, 12.978939430523978, 0.0 ], [ 77.661860100996265, 12.979108088396188, 0.0 ], [ 77.661907405382806, 12.979328072569125, 0.0 ], [ 77.661953066741304, 12.97939374553664, 0.0 ], [ 77.662682750336998, 12.979794754453621, 0.0 ], [ 77.662800394065727, 12.979765787588422, 0.0 ], [ 77.662753110778254, 12.97957846104052, 0.0 ], [ 77.662653996138204, 12.979243261952002, 0.0 ], [ 77.662488150573353, 12.978974886825622, 0.0 ], [ 77.662384590838712, 12.97874996730042, 0.0 ], [ 77.66238850846635, 12.978590087499859, 0.0 ], [ 77.662546782265835, 12.97814752942222, 0.0 ], [ 77.662669086967085, 12.977832109112859, 0.0 ], [ 77.662802180759613, 12.977457488566378, 0.0 ], [ 77.662874530772555, 12.97730067717564, 0.0 ], [ 77.662790684715674, 12.97730173931434, 0.0 ], [ 77.662640129413617, 12.97741351559236, 0.0 ], [ 77.662437558851025, 12.97748649587334, 0.0 ], [ 77.662339808744349, 12.977508329094531, 0.0 ], [ 77.66138796210096, 12.977720929163739, 0.0 ], [ 77.661374733791163, 12.977861898469346, 0.0 ] ] ] ] } },
{ "type": "Feature", "properties": { "fid": 57, "year": "present", "condition": true, "Overlap": 0, "custodian": "BBMP", "status": null, "name": "Byrasandra Kere", "bbmp_id": 164, "Category": "kere", "area": 38916.863989885896, "perimeter": 766.68467475568514, "area_acres": 9.62, "valley": "Koramangala Challaghatta Valley", "Corporation": "Central", "ward_name": "37 - BHEL Ward", "subvalley": "KC_1", "area_m": 38872 }, "geometry": { "type": "MultiPolygon", "coordinates": [ [ [ [ 77.595394724457648, 12.929466935552318, 0.0 ], [ 77.594734845971544, 12.929571731242852, 0.0 ], [ 77.594628331145444, 12.92971625150942, 0.0 ], [ 77.594525758641737, 12.9300125785392, 0.0 ], [ 77.594372252185494, 12.9299887651494, 0.0 ], [ 77.594305790267924, 12.930557047424667, 0.0 ], [ 77.594431800935183, 12.930954370192397, 0.0 ], [ 77.595452181297887, 12.931149397219661, 0.0 ], [ 77.595707484758819, 12.931304027172271, 0.0 ], [ 77.596021447747319, 12.9313205489537, 0.0 ], [ 77.596316878495657, 12.931235971754568, 0.0 ], [ 77.596431076288496, 12.93007988542089, 0.0 ], [ 77.596369714022515, 12.929489977639962, 0.0 ], [ 77.59580679120026, 12.929437743337056, 0.0 ], [ 77.595394724457648, 12.929466935552318, 0.0 ] ] ] ] } },
{ "type": "Feature", "properties": { "fid": 58, "year": "present", "condition": true, "Overlap": 0, "custodian": "BBMP", "status": "To Be Developed", "name": "Swarna Kunte Gudde Kere", "bbmp_id": 85, "Category": "kere", "area": 21149.345629282296, "perimeter": 714.44910398097977, "area_acres": 5.23, "valley": "Koramangala Challaghatta Valley", "Corporation": "South", "ward_name": "37 - Yelenahalli", "subvalley": "KC_1", "area_m": 21124 }, "geometry": { "type": "MultiPolygon", "coordinates": [ [ [ [ 77.606855083921729, 12.862328071112929, 0.0 ], [ 77.607191584994197, 12.862785825212477, 0.0 ], [ 77.607210749811784, 12.862842976028286, 0.0 ], [ 77.607503481286173, 12.863347106208069, 0.0 ], [ 77.607337865629191, 12.863654495074718, 0.0 ], [ 77.607062935547177, 12.864272959105548, 0.0 ], [ 77.607158142084344, 12.864272012106211, 0.0 ], [ 77.607299942735537, 12.864172934179098, 0.0 ], [ 77.607640021402887, 12.863995448327559, 0.0 ], [ 77.60826563399101, 12.863840620114097, 0.0 ], [ 77.60828248418558, 12.863832833107157, 0.0 ], [ 77.608193782921873, 12.863136410936471, 0.0 ], [ 77.608238269950078, 12.862834473440369, 0.0 ], [ 77.608367899862685, 12.862623287085489, 0.0 ], [ 77.608293801288283, 12.862505898372721, 0.0 ], [ 77.608173391104884, 12.86238850960509, 0.0 ], [ 77.608090030208686, 12.862262090870781, 0.0 ], [ 77.608006669312502, 12.86222597122071, 0.0 ], [ 77.607802898232947, 12.862225971220731, 0.0 ], [ 77.607565856108806, 12.86225578986112, 0.0 ], [ 77.607505872308039, 12.862261889927099, 0.0 ], [ 77.606855083921729, 12.862328071112929, 0.0 ] ] ] ] } },
{ "type": "Feature", "properties": { "fid": 59, "year": "present", "condition": true, "Overlap": 0, "custodian": "BBMP", "status": "To Be Developed", "name": "Chikkabegur kere", "bbmp_id": 79, "Category": "kere", "area": 97199.376091107726, "perimeter": 1781.4809045142676, "area_acres": 24.02, "valley": "Koramangala Challaghatta Valley", "Corporation": "South", "ward_name": "35 - Vishwapriya Nagara", "subvalley": "KC_1", "area_m": 97080 }, "geometry": { "type": "MultiPolygon", "coordinates": [ [ [ [ 77.634165225776201, 12.88328386434662, 0.0 ], [ 77.634270062993679, 12.88333737106206, 0.0 ], [ 77.634630289491326, 12.883855874535652, 0.0 ], [ 77.635042458537058, 12.884252024195794, 0.0 ], [ 77.6353717629367, 12.885205944725643, 0.0 ], [ 77.63526179540699, 12.88656458690013, 0.0 ], [ 77.635081055662624, 12.887941346156772, 0.0 ], [ 77.635588919959645, 12.887309676822836, 0.0 ], [ 77.635981537654672, 12.887055149302949, 0.0 ], [ 77.636503903512462, 12.886524883489768, 0.0 ], [ 77.637089519676366, 12.886155200712141, 0.0 ], [ 77.637600056130978, 12.88587955103247, 0.0 ], [ 77.637911632160709, 12.885671200298026, 0.0 ], [ 77.638146762497755, 12.885426308994701, 0.0 ], [ 77.638737670172461, 12.885323556114681, 0.0 ], [ 77.638935362883814, 12.88499599346529, 0.0 ], [ 77.638691929902052, 12.884732815635662, 0.0 ], [ 77.638389085605269, 12.884052689432108, 0.0 ], [ 77.638075587805005, 12.884197886286096, 0.0 ], [ 77.636958448010304, 12.884533494473988, 0.0 ], [ 77.636706667011737, 12.883762929977069, 0.0 ], [ 77.635914889716545, 12.883844425647331, 0.0 ], [ 77.635459736265517, 12.883960942174028, 0.0 ], [ 77.6350292002098, 12.883704099916081, 0.0 ], [ 77.634378546702564, 12.883309555935778, 0.0 ], [ 77.634165225776201, 12.88328386434662, 0.0 ] ] ] ] } },
{ "type": "Feature", "properties": { "fid": 60, "year": "present", "condition": true, "Overlap": 0, "custodian": "BBMP", "status": null, "name": "Chikkabellanduru kere", "bbmp_id": 28, "Category": "kere", "area": 201860.51860533096, "perimeter": 1976.6147619090837, "area_acres": 49.88, "valley": "Koramangala Challaghatta Valley", "Corporation": "East", "ward_name": "50 - Gunjur", "subvalley": "KC_2", "area_m": 201587 }, "geometry": { "type": "MultiPolygon", "coordinates": [ [ [ [ 77.718642340523729, 12.915869170944287, 0.0 ], [ 77.719118713614932, 12.915820076117939, 0.0 ], [ 77.71962517006591, 12.915575912363472, 0.0 ], [ 77.720496052793976, 12.915347484106688, 0.0 ], [ 77.72095290930713, 12.915418867936921, 0.0 ], [ 77.721466872884434, 12.915590189129381, 0.0 ], [ 77.721819934205769, 12.91555525526417, 0.0 ], [ 77.721625563114628, 12.915054211446149, 0.0 ], [ 77.72115680353204, 12.914362971567471, 0.0 ], [ 77.720900916715948, 12.913669512168777, 0.0 ], [ 77.720891871831455, 12.912834255017001, 0.0 ], [ 77.720816016496258, 12.91238256335498, 0.0 ], [ 77.720385003947968, 12.911899765285002, 0.0 ], [ 77.719987964388167, 12.911277386992248, 0.0 ], [ 77.719733591996942, 12.91072313472114, 0.0 ], [ 77.719623015428738, 12.910341416404492, 0.0 ], [ 77.719153519065742, 12.90958056497357, 0.0 ], [ 77.71907955143314, 12.909302884112327, 0.0 ], [ 77.718325736757606, 12.910177259231826, 0.0 ], [ 77.718310709079674, 12.910389884708882, 0.0 ], [ 77.717857399644345, 12.91112553667398, 0.0 ], [ 77.717508640562073, 12.911686068371298, 0.0 ], [ 77.717342540211007, 12.91273198886728, 0.0 ], [ 77.717746729580256, 12.914015618935652, 0.0 ], [ 77.717705046858839, 12.915189682994821, 0.0 ], [ 77.718154663164285, 12.915575912363472, 0.0 ], [ 77.718437719164569, 12.91589025914231, 0.0 ], [ 77.718642340523729, 12.915869170944287, 0.0 ] ] ] ] } },
{ "type": "Feature", "properties": { "fid": 61, "year": "present", "condition": true, "Overlap": 0, "custodian": "BBMP", "status": null, "name": "Chinnappanahalli  kere", "bbmp_id": 14, "Category": "kere", "area": 25370.315325984964, "perimeter": 749.32185593446832, "area_acres": 6.27, "valley": "Koramangala Challaghatta Valley", "Corporation": "East", "ward_name": "42 - Priyadarshini Ward", "subvalley": "KC_2", "area_m": 25336 }, "geometry": { "type": "MultiPolygon", "coordinates": [ [ [ [ 77.707316295313092, 12.967103486952492, 0.0 ], [ 77.707332422882601, 12.967155874605911, 0.0 ], [ 77.707399765349066, 12.967117271569691, 0.0 ], [ 77.707467107815546, 12.967059367004127, 0.0 ], [ 77.707534450282012, 12.966962859364926, 0.0 ], [ 77.707570102176021, 12.966835469223872, 0.0 ], [ 77.707561870649982, 12.966804616844739, 0.0 ], [ 77.707579969560527, 12.966565494139608, 0.0 ], [ 77.707607352894925, 12.966480540337008, 0.0 ], [ 77.707694545237743, 12.966127230039, 0.0 ], [ 77.707708958554264, 12.966094348344411, 0.0 ], [ 77.707819665434087, 12.965990060271571, 0.0 ], [ 77.707966234331693, 12.965677374041059, 0.0 ], [ 77.708140532480215, 12.965260458455891, 0.0 ], [ 77.70807484419484, 12.965226568900437, 0.0 ], [ 77.707967624019105, 12.965171252369641, 0.0 ], [ 77.707883213858864, 12.96526381433247, 0.0 ], [ 77.707755283696756, 12.965276227919048, 0.0 ], [ 77.70727293306669, 12.965255388707272, 0.0 ], [ 77.707066479325263, 12.965242859794451, 0.0 ], [ 77.707025262262547, 12.965240358463539, 0.0 ], [ 77.706829283862973, 12.96522580758616, 0.0 ], [ 77.706264469446666, 12.965166509019916, 0.0 ], [ 77.706236594156891, 12.965207064505568, 0.0 ], [ 77.70619833217529, 12.965262201799828, 0.0 ], [ 77.706275058092515, 12.96537483080394, 0.0 ], [ 77.706297834194714, 12.96540826471559, 0.0 ], [ 77.706292595962395, 12.96550939610713, 0.0 ], [ 77.706301206794862, 12.965609046542019, 0.0 ], [ 77.706324562850028, 12.965678991009149, 0.0 ], [ 77.706351844889028, 12.965763670929759, 0.0 ], [ 77.706383132813798, 12.96587047361708, 0.0 ], [ 77.706456397534637, 12.966265255582991, 0.0 ], [ 77.706492457339039, 12.966404649039152, 0.0 ], [ 77.706592499504481, 12.966422406672949, 0.0 ], [ 77.706630640904095, 12.96646633875304, 0.0 ], [ 77.706646344919648, 12.966525280544101, 0.0 ], [ 77.706657622240328, 12.966589511451089, 0.0 ], [ 77.706739872392504, 12.966577390397276, 0.0 ], [ 77.706919499334958, 12.966497837913739, 0.0 ], [ 77.707130031432783, 12.966548620373409, 0.0 ], [ 77.707136901282922, 12.966588856157536, 0.0 ], [ 77.707237351165219, 12.966889513534099, 0.0 ], [ 77.70728616557497, 12.967088711357079, 0.0 ], [ 77.707302830848974, 12.967110676725449, 0.0 ], [ 77.707316295313092, 12.967103486952492, 0.0 ] ] ] ] } },
{ "type": "Feature", "properties": { "fid": 62, "year": "present", "condition": true, "Overlap": 0, "custodian": "BBMP", "status": null, "name": "Chunchaghatta Kere", "bbmp_id": 89, "Category": "kere", "area": 55091.922747123986, "perimeter": 1440.2617973480119, "area_acres": 13.61, "valley": "Koramangala Challaghatta Valley", "Corporation": "South", "ward_name": "43 - Bheereshwara Nagar", "subvalley": "VV_1", "area_m": 55030 }, "geometry": { "type": "MultiPolygon", "coordinates": [ [ [ [ 77.574982868719943, 12.888942181991728, 0.0 ], [ 77.575012443502231, 12.88902366198398, 0.0 ], [ 77.575123534248007, 12.889147467587286, 0.0 ], [ 77.575113821135162, 12.889414928105902, 0.0 ], [ 77.575047510133075, 12.890290820842152, 0.0 ], [ 77.575273742770776, 12.890923909561112, 0.0 ], [ 77.575308094300695, 12.891062535644359, 0.0 ], [ 77.575392818931505, 12.891176645526427, 0.0 ], [ 77.575482189860693, 12.891338311932257, 0.0 ], [ 77.575582039239521, 12.891247718104211, 0.0 ], [ 77.575474774410978, 12.891089784782318, 0.0 ], [ 77.575385533419237, 12.890464382124522, 0.0 ], [ 77.575378411620889, 12.89024453668336, 0.0 ], [ 77.575490245248375, 12.889823310661969, 0.0 ], [ 77.575649437839388, 12.889108825568789, 0.0 ], [ 77.575709652953364, 12.88880226337491, 0.0 ], [ 77.57572187506338, 12.888567885222388, 0.0 ], [ 77.575825894844087, 12.888256111044972, 0.0 ], [ 77.575935406263824, 12.887957304522601, 0.0 ], [ 77.575948671491574, 12.88787244063988, 0.0 ], [ 77.5760538643611, 12.887675393423471, 0.0 ], [ 77.576216843846069, 12.88741084648222, 0.0 ], [ 77.576364471709752, 12.88707473908652, 0.0 ], [ 77.576415688689281, 12.886856142636189, 0.0 ], [ 77.576477594977305, 12.886674644655431, 0.0 ], [ 77.576549349992959, 12.886539576390675, 0.0 ], [ 77.57667597649116, 12.886384810670647, 0.0 ], [ 77.576419909572564, 12.886282102510986, 0.0 ], [ 77.576312980529636, 12.885933176160371, 0.0 ], [ 77.57594998456814, 12.886346822721176, 0.0 ], [ 77.575700168276143, 12.886445435894608, 0.0 ], [ 77.575438710130143, 12.88661055548663, 0.0 ], [ 77.575293900777723, 12.886745842289436, 0.0 ], [ 77.575237145310751, 12.886813421351359, 0.0 ], [ 77.575002861068597, 12.886971662980429, 0.0 ], [ 77.574901614745173, 12.886983960563187, 0.0 ], [ 77.57470768782035, 12.887081484230562, 0.0 ], [ 77.574523288739542, 12.887181282706058, 0.0 ], [ 77.574378373166866, 12.88716850406661, 0.0 ], [ 77.574068495612337, 12.887346288170951, 0.0 ], [ 77.574068356382114, 12.887346568341981, 0.0 ], [ 77.574134394231223, 12.887727748597161, 0.0 ], [ 77.574351379505799, 12.88797899510309, 0.0 ], [ 77.574480071421732, 12.888173740776118, 0.0 ], [ 77.574742915041512, 12.888620547397208, 0.0 ], [ 77.574982868719943, 12.888942181991728, 0.0 ] ] ] ] } },
{ "type": "Feature", "properties": { "fid": 63, "year": "present", "condition": true, "Overlap": 0, "custodian": "BBMP", "status": "Developed lake", "name": "Devarabeesanahalli Kere", "bbmp_id": 11, "Category": "kere", "area": 38665.852120855357, "perimeter": 884.84813785782569, "area_acres": 9.55, "valley": "Koramangala Challaghatta Valley", "Corporation": "East", "ward_name": "49 - Shivanasamudra Ward", "subvalley": "KC_2", "area_m": 38615 }, "geometry": { "type": "MultiPolygon", "coordinates": [ [ [ [ 77.687850480096174, 12.923447805003159, 0.0 ], [ 77.68844437435574, 12.923227468097958, 0.0 ], [ 77.688573705205883, 12.923178672617629, 0.0 ], [ 77.688594565020438, 12.923068882752, 0.0 ], [ 77.688632112686619, 12.922898098420628, 0.0 ], [ 77.688550726879186, 12.922730950439759, 0.0 ], [ 77.688522138134289, 12.922672235571916, 0.0 ], [ 77.688515297725175, 12.922658186900712, 0.0 ], [ 77.68844437435574, 12.922556529407466, 0.0 ], [ 77.688385966874989, 12.922495534891683, 0.0 ], [ 77.688214916395722, 12.922410142544527, 0.0 ], [ 77.688031350027728, 12.922434540360991, 0.0 ], [ 77.687981286472805, 12.922450805570618, 0.0 ], [ 77.687940466286321, 12.922533693821059, 0.0 ], [ 77.687817997799343, 12.922507296511959, 0.0 ], [ 77.687363549708834, 12.922409342520446, 0.0 ], [ 77.68642788999027, 12.922468728980739, 0.0 ], [ 77.685943155183992, 12.922520159154214, 0.0 ], [ 77.685990920574724, 12.922830184999706, 0.0 ], [ 77.686152668742807, 12.9232958936256, 0.0 ], [ 77.68614742145634, 12.92353333958224, 0.0 ], [ 77.686211558142375, 12.924474139929648, 0.0 ], [ 77.686413560636467, 12.92444843369741, 0.0 ], [ 77.686607658159517, 12.924336137615841, 0.0 ], [ 77.68672495226798, 12.924236242461069, 0.0 ], [ 77.68685215581867, 12.923956285561138, 0.0 ], [ 77.687034293543775, 12.923832502098261, 0.0 ], [ 77.687557905412092, 12.923542658025097, 0.0 ], [ 77.68784119862211, 12.923470078714262, 0.0 ], [ 77.687850480096174, 12.923447805003159, 0.0 ] ] ] ] } },
{ "type": "Feature", "properties": { "fid": 64, "year": "present", "condition": true, "Overlap": 0, "custodian": "BBMP", "status": "Developed lake", "name": "Doddakanahalli kere", "bbmp_id": 12, "Category": "kere", "area": 75223.578812539577, "perimeter": 1327.4149539718371, "area_acres": 18.59, "valley": "Koramangala Challaghatta Valley", "Corporation": "East", "ward_name": "50 - Gunjur", "subvalley": "KC_2", "area_m": 75125 }, "geometry": { "type": "MultiPolygon", "coordinates": [ [ [ [ 77.691331434931669, 12.912682509330688, 0.0 ], [ 77.691358033737387, 12.912980710201527, 0.0 ], [ 77.692904905795118, 12.912631851294551, 0.0 ], [ 77.693566219340497, 12.912642251630992, 0.0 ], [ 77.694246499786928, 12.91278447210891, 0.0 ], [ 77.695032116259668, 12.912948469881268, 0.0 ], [ 77.69554812406686, 12.913029336391178, 0.0 ], [ 77.695433763224571, 12.912186753474231, 0.0 ], [ 77.695162973554545, 12.911819323077328, 0.0 ], [ 77.695091218616, 12.911733210463447, 0.0 ], [ 77.695083122373745, 12.911723494212438, 0.0 ], [ 77.695019192138986, 12.9116467718862, 0.0 ], [ 77.694743550419602, 12.911615857723772, 0.0 ], [ 77.694509982124714, 12.91116310498076, 0.0 ], [ 77.694005410545714, 12.911036291934918, 0.0 ], [ 77.693529293068309, 12.91083456577873, 0.0 ], [ 77.693056751795012, 12.910420425561439, 0.0 ], [ 77.69260305495979, 12.910126627821059, 0.0 ], [ 77.692561670125343, 12.910086875101152, 0.0 ], [ 77.692505333786485, 12.910315225424522, 0.0 ], [ 77.692449513650473, 12.910541483157134, 0.0 ], [ 77.692292211389031, 12.91115153384154, 0.0 ], [ 77.692031864945903, 12.91193426840473, 0.0 ], [ 77.692021066482127, 12.91201134833728, 0.0 ], [ 77.691778497224789, 12.912356467690598, 0.0 ], [ 77.691529129767517, 12.91256567404954, 0.0 ], [ 77.691331434931669, 12.912682509330688, 0.0 ] ] ] ] } },
{ "type": "Feature", "properties": { "fid": 65, "year": "present", "condition": true, "Overlap": 0, "custodian": "BBMP", "status": null, "name": "Doddanekundi kere", "bbmp_id": 20, "Category": "kere", "area": 402400.05411405489, "perimeter": 3133.2731461175422, "area_acres": 99.43, "valley": "Koramangala Challaghatta Valley", "Corporation": "East", "ward_name": "43 - Dodda Nekkundi", "subvalley": "KC_2", "area_m": 401876 }, "geometry": { "type": "MultiPolygon", "coordinates": [ [ [ [ 77.686705748506085, 12.97880781518721, 0.0 ], [ 77.687057104406975, 12.97903655416598, 0.0 ], [ 77.688456661374531, 12.978356992633421, 0.0 ], [ 77.688582252795271, 12.978250525914728, 0.0 ], [ 77.688851491646957, 12.977903555696019, 0.0 ], [ 77.689059672427064, 12.977318199279312, 0.0 ], [ 77.689360004012812, 12.977142999877159, 0.0 ], [ 77.68979454192133, 12.976756076276802, 0.0 ], [ 77.689988366492997, 12.976648903163959, 0.0 ], [ 77.690307472074309, 12.976406583795249, 0.0 ], [ 77.690821943760355, 12.976200485009711, 0.0 ], [ 77.691142076669138, 12.976053761146311, 0.0 ], [ 77.691538133185361, 12.975715037206108, 0.0 ], [ 77.691726193631112, 12.975072524226769, 0.0 ], [ 77.691702479502837, 12.974680781504658, 0.0 ], [ 77.691599652364076, 12.974184690110569, 0.0 ], [ 77.691447264518828, 12.97361262603134, 0.0 ], [ 77.691288294463007, 12.972428745518501, 0.0 ], [ 77.691225283154395, 12.97200872709899, 0.0 ], [ 77.690990920477333, 12.971630759837469, 0.0 ], [ 77.690840396287854, 12.971572917672797, 0.0 ], [ 77.690607557379465, 12.972409487500668, 0.0 ], [ 77.690290414745903, 12.972621610451609, 0.0 ], [ 77.69013165605115, 12.972710270256391, 0.0 ], [ 77.689883429410557, 12.972730241401822, 0.0 ], [ 77.689421068340422, 12.972849611899557, 0.0 ], [ 77.689156648531466, 12.972737617868242, 0.0 ], [ 77.68878013041234, 12.972445791215131, 0.0 ], [ 77.68826368866398, 12.97227709495964, 0.0 ], [ 77.687888637090666, 12.972054725679001, 0.0 ], [ 77.687639475592249, 12.971987686586266, 0.0 ], [ 77.687371448624958, 12.971816420951738, 0.0 ], [ 77.687210819547673, 12.971731063009919, 0.0 ], [ 77.686990094324116, 12.971612725879631, 0.0 ], [ 77.686831462740145, 12.971365785903194, 0.0 ], [ 77.686523137567718, 12.970530137429396, 0.0 ], [ 77.686322631776918, 12.970281118955231, 0.0 ], [ 77.686234903646579, 12.97028202499903, 0.0 ], [ 77.686728908928231, 12.971755819002757, 0.0 ], [ 77.6867985127856, 12.972170411414098, 0.0 ], [ 77.686810583007727, 12.972397077197419, 0.0 ], [ 77.686841399422775, 12.972975770858532, 0.0 ], [ 77.68691992611484, 12.973248334553199, 0.0 ], [ 77.686563879952359, 12.973496246817328, 0.0 ], [ 77.686155095368534, 12.97374383321093, 0.0 ], [ 77.685943212489164, 12.973985040105919, 0.0 ], [ 77.685909102649433, 12.974174062351196, 0.0 ], [ 77.685889859567283, 12.974463627692613, 0.0 ], [ 77.685658891075903, 12.974743274576801, 0.0 ], [ 77.68543684859732, 12.974946343296228, 0.0 ], [ 77.685223424376986, 12.975044154810668, 0.0 ], [ 77.684941662934108, 12.975133111123869, 0.0 ], [ 77.684641739856843, 12.975346544286047, 0.0 ], [ 77.684428930614956, 12.975501713351687, 0.0 ], [ 77.684362645886139, 12.975684051764659, 0.0 ], [ 77.684267630770293, 12.975914490499868, 0.0 ], [ 77.684141037940478, 12.97588741077916, 0.0 ], [ 77.683947902696247, 12.976099445376228, 0.0 ], [ 77.684067441833534, 12.976337229864431, 0.0 ], [ 77.68430426309007, 12.976602485570048, 0.0 ], [ 77.684501682955727, 12.976829904866559, 0.0 ], [ 77.684693769159111, 12.977468490696427, 0.0 ], [ 77.685106669949008, 12.977789291248959, 0.0 ], [ 77.686142014232729, 12.978354503699068, 0.0 ], [ 77.686705748506085, 12.97880781518721, 0.0 ] ] ] ] } },
{ "type": "Feature", "properties": { "fid": 66, "year": "present", "condition": true, "Overlap": 0, "custodian": "BBMP", "status": "To Be Developed", "name": "Yelenahalli Kere", "bbmp_id": 81, "Category": "gokatte", "area": 11844.147170763463, "perimeter": 521.19306577197085, "area_acres": 2.93, "valley": "Koramangala Challaghatta Valley", "Corporation": "South", "ward_name": "37 - Yelenahalli", "subvalley": "KC_1", "area_m": 11830 }, "geometry": { "type": "MultiPolygon", "coordinates": [ [ [ [ 77.614214289645318, 12.865953995780842, 0.0 ], [ 77.614124645747452, 12.866070194681377, 0.0 ], [ 77.614089145536965, 12.866170942379259, 0.0 ], [ 77.614036266670027, 12.866357915074779, 0.0 ], [ 77.6138655667649, 12.86646001131318, 0.0 ], [ 77.61358743405863, 12.866596353448008, 0.0 ], [ 77.613570158242567, 12.866631132283681, 0.0 ], [ 77.613272487130288, 12.866907117841706, 0.0 ], [ 77.613151438949529, 12.86701929827449, 0.0 ], [ 77.613072901317338, 12.867066648670729, 0.0 ], [ 77.613057173157529, 12.867107912732891, 0.0 ], [ 77.613041253667049, 12.867149678755426, 0.0 ], [ 77.613191086545356, 12.867184413254229, 0.0 ], [ 77.613859529367033, 12.866982821692652, 0.0 ], [ 77.61407953132985, 12.8670064563472, 0.0 ], [ 77.614247654854495, 12.867008364680521, 0.0 ], [ 77.614401236468751, 12.86701758895334, 0.0 ], [ 77.614496056004327, 12.866998715536651, 0.0 ], [ 77.614572419477511, 12.866962098809958, 0.0 ], [ 77.61461859917172, 12.866839091634441, 0.0 ], [ 77.614641257049485, 12.866785728940807, 0.0 ], [ 77.614627205567416, 12.866606589293049, 0.0 ], [ 77.614641004265536, 12.866527570976338, 0.0 ], [ 77.614692910709721, 12.866445161902353, 0.0 ], [ 77.614684652328535, 12.866387609874021, 0.0 ], [ 77.61464440758516, 12.866107146677621, 0.0 ], [ 77.614635727938492, 12.866018484905709, 0.0 ], [ 77.614565558148229, 12.86594747528348, 0.0 ], [ 77.614442831702334, 12.865989029196298, 0.0 ], [ 77.614214289645318, 12.865953995780842, 0.0 ] ] ] ] } },
{ "type": "Feature", "properties": { "fid": 67, "year": "present", "condition": true, "Overlap": 0, "custodian": "BBMP", "status": "Work in progress", "name": "Garudachar Palya Kere", "bbmp_id": 18, "Category": "gokatte", "area": 11593.340570096625, "perimeter": 539.49921275079851, "area_acres": 2.86, "valley": "Koramangala Challaghatta Valley", "Corporation": "East", "ward_name": "35 - Garudachar Palya", "subvalley": "KC_2", "area_m": 11578 }, "geometry": { "type": "MultiPolygon", "coordinates": [ [ [ [ 77.695696504513521, 12.990972992886679, 0.0 ], [ 77.696238291149982, 12.991640037863176, 0.0 ], [ 77.696353969313279, 12.991583760012118, 0.0 ], [ 77.696441278478673, 12.991538500045833, 0.0 ], [ 77.696304689529484, 12.99120857166945, 0.0 ], [ 77.696346830877303, 12.99116899873953, 0.0 ], [ 77.696397009252905, 12.991134560417358, 0.0 ], [ 77.696425680399443, 12.991079473165717, 0.0 ], [ 77.696425030143899, 12.990928664024649, 0.0 ], [ 77.696402004532544, 12.990857951635011, 0.0 ], [ 77.696375921985762, 12.99065993632607, 0.0 ], [ 77.696382156557732, 12.990498111885218, 0.0 ], [ 77.696399679807286, 12.990396177884202, 0.0 ], [ 77.696406505811552, 12.990289136884938, 0.0 ], [ 77.696397905546064, 12.990231827561669, 0.0 ], [ 77.696375332487918, 12.990194901527197, 0.0 ], [ 77.696251452206539, 12.990220302808028, 0.0 ], [ 77.695678532152641, 12.990382791447169, 0.0 ], [ 77.695314671648092, 12.990441357321179, 0.0 ], [ 77.695221758428886, 12.990467020510097, 0.0 ], [ 77.694979960848599, 12.99048918412675, 0.0 ], [ 77.694943364985207, 12.99054957155685, 0.0 ], [ 77.695189401456332, 12.990667033875649, 0.0 ], [ 77.695259017993493, 12.990708055910661, 0.0 ], [ 77.69538424611774, 12.99072501951842, 0.0 ], [ 77.69544025182455, 12.99073748342634, 0.0 ], [ 77.69551487918099, 12.990749754054571, 0.0 ], [ 77.695673459286397, 12.99096001931308, 0.0 ], [ 77.695696504513521, 12.990972992886679, 0.0 ] ] ] ] } },
{ "type": "Feature", "properties": { "fid": 68, "year": "present", "condition": true, "Overlap": 0, "custodian": "BBMP", "status": "Work in progress", "name": "Gottigere Kere", "bbmp_id": 86, "Category": "kere", "area": 105279.96626435965, "perimeter": 1913.8694487239279, "area_acres": 26.01, "valley": "Koramangala Challaghatta Valley", "Corporation": "South", "ward_name": "38 - Doddakammanahalli", "subvalley": "KC_1", "area_m": 105158 }, "geometry": { "type": "MultiPolygon", "coordinates": [ [ [ [ 77.591427535031215, 12.852884010579309, 0.0 ], [ 77.59084828717603, 12.851802669288992, 0.0 ], [ 77.590516203832365, 12.85134934125764, 0.0 ], [ 77.590422156076443, 12.850877763389599, 0.0 ], [ 77.590243058743226, 12.850762309429166, 0.0 ], [ 77.5894635767729, 12.850726320368359, 0.0 ], [ 77.589309113199818, 12.850858895798728, 0.0 ], [ 77.589140286349675, 12.851457176743029, 0.0 ], [ 77.589051032005798, 12.851987653013129, 0.0 ], [ 77.589120617490039, 12.852501537896742, 0.0 ], [ 77.589096104612267, 12.852628420385811, 0.0 ], [ 77.589318874422034, 12.85398217981778, 0.0 ], [ 77.589334503851589, 12.854079638286432, 0.0 ], [ 77.58939176597643, 12.85443669945475, 0.0 ], [ 77.589311323939256, 12.85520911145751, 0.0 ], [ 77.589054115607254, 12.855982815673512, 0.0 ], [ 77.589056687767467, 12.85623365121042, 0.0 ], [ 77.589319803061557, 12.85603593956847, 0.0 ], [ 77.589514411566768, 12.855683910993887, 0.0 ], [ 77.589694689125466, 12.855516315062109, 0.0 ], [ 77.589972395943732, 12.855035343801157, 0.0 ], [ 77.590262484896243, 12.854697998123276, 0.0 ], [ 77.590695265537605, 12.854424280881672, 0.0 ], [ 77.591422516991443, 12.854240565307258, 0.0 ], [ 77.591612837223039, 12.8543315962322, 0.0 ], [ 77.59183924751234, 12.854518349104017, 0.0 ], [ 77.592433670074328, 12.85588439350593, 0.0 ], [ 77.592303324148773, 12.855042757066037, 0.0 ], [ 77.592067017194864, 12.854176424238075, 0.0 ], [ 77.591427535031215, 12.852884010579309, 0.0 ] ] ] ] } },
{ "type": "Feature", "properties": { "fid": 69, "year": "present", "condition": true, "Overlap": 0, "custodian": "BBMP", "status": "Developed lake", "name": "Singasandra Kere", "bbmp_id": 99, "Category": "kere", "area": 20616.35646957811, "perimeter": 673.83280210565135, "area_acres": 5.09, "valley": "Koramangala Challaghatta Valley", "Corporation": "South", "ward_name": "67 - Bandepalya", "subvalley": "KC_1", "area_m": 20591 }, "geometry": { "type": "MultiPolygon", "coordinates": [ [ [ [ 77.645571547237139, 12.88320365065978, 0.0 ], [ 77.645632024041049, 12.883428218372758, 0.0 ], [ 77.645689443017019, 12.883356109964119, 0.0 ], [ 77.645796874824399, 12.883139769806888, 0.0 ], [ 77.645815072168247, 12.88297325306957, 0.0 ], [ 77.645818208767139, 12.882797104289606, 0.0 ], [ 77.645836097888193, 12.882601237824312, 0.0 ], [ 77.645823968321196, 12.882395890507659, 0.0 ], [ 77.645891665975753, 12.882194628439589, 0.0 ], [ 77.645979615713713, 12.882022514502927, 0.0 ], [ 77.646097738094724, 12.881874556257038, 0.0 ], [ 77.646137369063311, 12.881849694939419, 0.0 ], [ 77.64620268261335, 12.88186383372498, 0.0 ], [ 77.646330280914654, 12.881700980588525, 0.0 ], [ 77.646458272130829, 12.88154313819726, 0.0 ], [ 77.646397464285442, 12.88145080229582, 0.0 ], [ 77.64624690904472, 12.881359373625807, 0.0 ], [ 77.646126680684532, 12.88130677541999, 0.0 ], [ 77.646022026706007, 12.88131272541424, 0.0 ], [ 77.645753041156937, 12.881339904866287, 0.0 ], [ 77.64556682143629, 12.881355432866748, 0.0 ], [ 77.645494740821533, 12.881393260063769, 0.0 ], [ 77.644962993058982, 12.881607172267268, 0.0 ], [ 77.644764547984096, 12.88196627381855, 0.0 ], [ 77.6446785061014, 12.882219503684688, 0.0 ], [ 77.644715979348092, 12.882281343847886, 0.0 ], [ 77.645057306561398, 12.882516158067169, 0.0 ], [ 77.645268979924325, 12.882700854209713, 0.0 ], [ 77.645331876594597, 12.882794897098801, 0.0 ], [ 77.645586537903256, 12.883053837337918, 0.0 ], [ 77.645575370993143, 12.883158968147487, 0.0 ], [ 77.645571547237139, 12.88320365065978, 0.0 ] ] ] ] } },
{ "type": "Feature", "properties": { "fid": 70, "year": "present", "condition": true, "Overlap": 0, "custodian": "BBMP", "status": null, "name": "Gunjuru Karmelaram Kere", "bbmp_id": 3, "Category": "kere", "area": 18877.826387301437, "perimeter": 621.40904940566804, "area_acres": 4.66, "valley": "Koramangala Challaghatta Valley", "Corporation": "East", "ward_name": "50 - Gunjur", "subvalley": "KC_2", "area_m": 18853 }, "geometry": { "type": "MultiPolygon", "coordinates": [ [ [ [ 77.7103020046343, 12.917783955153713, 0.0 ], [ 77.710333220928248, 12.917818009292562, 0.0 ], [ 77.710372950756906, 12.917859158043672, 0.0 ], [ 77.71040984274066, 12.917896050027425, 0.0 ], [ 77.710520518691908, 12.91801240166849, 0.0 ], [ 77.710599978349222, 12.918100374860515, 0.0 ], [ 77.710689370463712, 12.918196861587248, 0.0 ], [ 77.710767411198574, 12.91828057801192, 0.0 ], [ 77.710818492406844, 12.918330240297738, 0.0 ], [ 77.710875249304934, 12.91839692965298, 0.0 ], [ 77.711007209092969, 12.918516119138953, 0.0 ], [ 77.711211533926061, 12.918726119661851, 0.0 ], [ 77.711287623642548, 12.918630165031043, 0.0 ], [ 77.711364245454959, 12.917926379494839, 0.0 ], [ 77.711463570026595, 12.917500702759229, 0.0 ], [ 77.711548705373716, 12.917137458611514, 0.0 ], [ 77.711060596050217, 12.917126107231903, 0.0 ], [ 77.710413567412104, 12.917075026023625, 0.0 ], [ 77.709857349810903, 12.917012593435736, 0.0 ], [ 77.709871539035433, 12.917123269386995, 0.0 ], [ 77.709837484896582, 12.917202729044307, 0.0 ], [ 77.709780727998506, 12.91725381025258, 0.0 ], [ 77.709897079639561, 12.917378675428356, 0.0 ], [ 77.710021057988797, 12.917487400361239, 0.0 ], [ 77.710097679801208, 12.917579630320622, 0.0 ], [ 77.710154436699298, 12.917630711528895, 0.0 ], [ 77.710185652993232, 12.917669022435099, 0.0 ], [ 77.710225382821889, 12.917713009031115, 0.0 ], [ 77.710277882952624, 12.917762671316934, 0.0 ], [ 77.7103020046343, 12.917783955153713, 0.0 ] ] ] ] } },
{ "type": "Feature", "properties": { "fid": 71, "year": "present", "condition": true, "Overlap": 0, "custodian": "BBMP", "status": "To Be Developed", "name": "Gunjur Palya kere", "bbmp_id": 2, "Category": "kere", "area": 140543.03765378147, "perimeter": 1613.7695943581364, "area_acres": 34.73, "valley": "Koramangala Challaghatta Valley", "Corporation": "East", "ward_name": "50 - Gunjur", "subvalley": "KC_2", "area_m": 140352 }, "geometry": { "type": "MultiPolygon", "coordinates": [ [ [ [ 77.723922476642542, 12.919116550339986, 0.0 ], [ 77.722680397997479, 12.91851692616655, 0.0 ], [ 77.719693896600859, 12.916735323609331, 0.0 ], [ 77.719690873973789, 12.916744081059928, 0.0 ], [ 77.71964644060921, 12.91707374113396, 0.0 ], [ 77.719620782412974, 12.917311915215317, 0.0 ], [ 77.719610147834203, 12.917372885887, 0.0 ], [ 77.719548692045294, 12.917434385933818, 0.0 ], [ 77.719442242506162, 12.917512952943978, 0.0 ], [ 77.719418063837665, 12.9175493152326, 0.0 ], [ 77.719375560324409, 12.917613236220939, 0.0 ], [ 77.719367379500966, 12.91764972942158, 0.0 ], [ 77.719343237224706, 12.917757423793049, 0.0 ], [ 77.71932851168674, 12.917962287981451, 0.0 ], [ 77.719349541064133, 12.918045963458292, 0.0 ], [ 77.718939885296507, 12.918845291785534, 0.0 ], [ 77.722152157654236, 12.92101536022286, 0.0 ], [ 77.72376914363565, 12.920626878332278, 0.0 ], [ 77.724019003216341, 12.920642304000641, 0.0 ], [ 77.724265119027464, 12.920315798686998, 0.0 ], [ 77.724204434428728, 12.919660078500979, 0.0 ], [ 77.724294570273287, 12.91956306335571, 0.0 ], [ 77.723922476642542, 12.919116550339986, 0.0 ] ] ] ] } },
{ "type": "Feature", "properties": { "fid": 72, "year": "present", "condition": true, "Overlap": 0, "custodian": "BBMP", "status": "Developed lake", "name": "Haraluru kere", "bbmp_id": 9, "Category": "kere", "area": 86420.465432607569, "perimeter": 1608.5197523791348, "area_acres": 21.35, "valley": "Koramangala Challaghatta Valley", "Corporation": "South", "ward_name": "31 - Kasavanahalli", "subvalley": "KC_2", "area_m": 86311 }, "geometry": { "type": "MultiPolygon", "coordinates": [ [ [ [ 77.662391614510298, 12.898656785885869, 0.0 ], [ 77.662501696336392, 12.898176915786868, 0.0 ], [ 77.662784835874902, 12.89788386707226, 0.0 ], [ 77.663133385911351, 12.89778218602107, 0.0 ], [ 77.663232954661538, 12.897691000597382, 0.0 ], [ 77.663535532368755, 12.89752716965312, 0.0 ], [ 77.6637522090532, 12.89740984957008, 0.0 ], [ 77.664207306556591, 12.897005473037799, 0.0 ], [ 77.664239819199508, 12.896996420233577, 0.0 ], [ 77.664262719584016, 12.896885995045418, 0.0 ], [ 77.664481154746099, 12.89679016770217, 0.0 ], [ 77.664929745188033, 12.896804316530421, 0.0 ], [ 77.664907829196011, 12.896699315474297, 0.0 ], [ 77.665013526102697, 12.896606899400998, 0.0 ], [ 77.664955293482222, 12.896513891337841, 0.0 ], [ 77.664811496020576, 12.896449835719682, 0.0 ], [ 77.664592070334919, 12.89645207177912, 0.0 ], [ 77.664373453307149, 12.896495914591059, 0.0 ], [ 77.664273212148046, 12.896392193788667, 0.0 ], [ 77.664028105727127, 12.896354856241798, 0.0 ], [ 77.663854796141507, 12.896206859229446, 0.0 ], [ 77.663738728194772, 12.896058278975278, 0.0 ], [ 77.663585192841055, 12.895975601437749, 0.0 ], [ 77.663488799938293, 12.895882981609383, 0.0 ], [ 77.663426499655543, 12.895576896391018, 0.0 ], [ 77.663025950526489, 12.89452111080433, 0.0 ], [ 77.662083154431912, 12.89468983228408, 0.0 ], [ 77.661966604937746, 12.895318967110668, 0.0 ], [ 77.661891171860603, 12.895394520288697, 0.0 ], [ 77.661836061332806, 12.895684526193088, 0.0 ], [ 77.661579681400269, 12.896502087543441, 0.0 ], [ 77.661629087880812, 12.897011176079729, 0.0 ], [ 77.661665112840595, 12.897279407892288, 0.0 ], [ 77.661913597511273, 12.89760257306229, 0.0 ], [ 77.661943604565053, 12.897733310024178, 0.0 ], [ 77.661906334365483, 12.897817931045751, 0.0 ], [ 77.661870054223797, 12.897996143744239, 0.0 ], [ 77.661825100655918, 12.898302314512241, 0.0 ], [ 77.661940918995185, 12.898699994947346, 0.0 ], [ 77.662040885473459, 12.899043244088412, 0.0 ], [ 77.662343612570112, 12.899401166173849, 0.0 ], [ 77.662431760786234, 12.89960451431998, 0.0 ], [ 77.662613441741883, 12.899720205884089, 0.0 ], [ 77.662765592654409, 12.89967185535285, 0.0 ], [ 77.662706369308893, 12.899485255181398, 0.0 ], [ 77.662608984591628, 12.899299043638722, 0.0 ], [ 77.662520843280902, 12.899084657383288, 0.0 ], [ 77.662453270947722, 12.898754116556438, 0.0 ], [ 77.662391614510298, 12.898656785885869, 0.0 ] ] ] ] } },
{ "type": "Feature", "properties": { "fid": 73, "year": "present", "condition": true, "Overlap": 0, "custodian": "BBMP", "status": null, "name": "Garvebhavipalya Kere", "bbmp_id": 65, "Category": "kere", "area": 60153.746298896149, "perimeter": 1045.774353818651, "area_acres": 14.86, "valley": "Koramangala Challaghatta Valley", "Corporation": "South", "ward_name": "67 - Bandepalya", "subvalley": "KC_1", "area_m": 60080 }, "geometry": { "type": "MultiPolygon", "coordinates": [ [ [ [ 77.637090011319202, 12.89793314446065, 0.0 ], [ 77.637149677622972, 12.897864593434521, 0.0 ], [ 77.637719791244933, 12.897193497624999, 0.0 ], [ 77.638366383748874, 12.897197723590338, 0.0 ], [ 77.638662101015342, 12.897251390818118, 0.0 ], [ 77.638814626397163, 12.89711137079186, 0.0 ], [ 77.638825609856411, 12.896935011666701, 0.0 ], [ 77.638411407365794, 12.896277020201932, 0.0 ], [ 77.638457767990914, 12.896184000674948, 0.0 ], [ 77.638558402395475, 12.895847226906767, 0.0 ], [ 77.638269285859963, 12.895345420499222, 0.0 ], [ 77.637803326721198, 12.894897609898997, 0.0 ], [ 77.637427705667719, 12.894605525550761, 0.0 ], [ 77.637095286265051, 12.894686415601367, 0.0 ], [ 77.636874166714946, 12.895015963911659, 0.0 ], [ 77.636563952295674, 12.895415650915792, 0.0 ], [ 77.636361485226189, 12.89568835962279, 0.0 ], [ 77.63626999669718, 12.896142492681671, 0.0 ], [ 77.636485407539354, 12.896492818129959, 0.0 ], [ 77.636569011827035, 12.896477033457131, 0.0 ], [ 77.636735899405096, 12.896911210931837, 0.0 ], [ 77.636712114824192, 12.897308829120002, 0.0 ], [ 77.636772890158667, 12.897597767432071, 0.0 ], [ 77.63680086146114, 12.897817796025178, 0.0 ], [ 77.636948461386979, 12.897969380468442, 0.0 ], [ 77.637090011319202, 12.89793314446065, 0.0 ] ] ] ] } },
{ "type": "Feature", "properties": { "fid": 74, "year": "present", "condition": true, "Overlap": 0, "custodian": "BBMP", "status": null, "name": "Hulimavu Kere", "bbmp_id": 66, "Category": "kere", "area": 391886.4609728232, "perimeter": 3167.7472442120384, "area_acres": 96.83, "valley": "Koramangala Challaghatta Valley", "Corporation": "South", "ward_name": "59 - Vijaya Bank Layout", "subvalley": "KC_1", "area_m": 391426 }, "geometry": { "type": "MultiPolygon", "coordinates": [ [ [ [ 77.603230535444382, 12.866287177450751, 0.0 ], [ 77.602897387893705, 12.866687586724259, 0.0 ], [ 77.602607612304908, 12.866933137125301, 0.0 ], [ 77.601891795740244, 12.867293223469709, 0.0 ], [ 77.601219578221674, 12.867520508541848, 0.0 ], [ 77.601061969050676, 12.86750001187052, 0.0 ], [ 77.601389472325479, 12.868732184909693, 0.0 ], [ 77.601946377695356, 12.870214520379697, 0.0 ], [ 77.602412078921361, 12.872197479721391, 0.0 ], [ 77.602514417576344, 12.873485116665464, 0.0 ], [ 77.6029702123856, 12.874507141755261, 0.0 ], [ 77.602991491142532, 12.875132309195498, 0.0 ], [ 77.603002168766295, 12.87544601196374, 0.0 ], [ 77.603607073936942, 12.874446045864559, 0.0 ], [ 77.603828037644519, 12.874068810589378, 0.0 ], [ 77.604163469360756, 12.87388898701607, 0.0 ], [ 77.604925860813367, 12.873682856152646, 0.0 ], [ 77.605375304434176, 12.873656324882349, 0.0 ], [ 77.606586908145317, 12.873401598774741, 0.0 ], [ 77.607082914220044, 12.873529028646731, 0.0 ], [ 77.607852145503699, 12.873984652793508, 0.0 ], [ 77.608443437030772, 12.8741905919914, 0.0 ], [ 77.608423896308622, 12.87396428509104, 0.0 ], [ 77.608282645310311, 12.873852150949928, 0.0 ], [ 77.608030656862738, 12.873633554377069, 0.0 ], [ 77.607721103541337, 12.873406486273341, 0.0 ], [ 77.607564235744547, 12.873129112671119, 0.0 ], [ 77.607268084081525, 12.872476815285872, 0.0 ], [ 77.607240391561589, 12.872416727514878, 0.0 ], [ 77.60731949704315, 12.872009231320998, 0.0 ], [ 77.607315542933407, 12.871626817168538, 0.0 ], [ 77.607233836972469, 12.871382621066649, 0.0 ], [ 77.606908769474614, 12.871164750053691, 0.0 ], [ 77.606681454797851, 12.87097578510879, 0.0 ], [ 77.606426867595488, 12.870781547678298, 0.0 ], [ 77.606374763081845, 12.870621207702598, 0.0 ], [ 77.606463356547238, 12.87049988788023, 0.0 ], [ 77.606594623728427, 12.87023564495003, 0.0 ], [ 77.60627348729173, 12.869808579208801, 0.0 ], [ 77.6058352186067, 12.869245233443168, 0.0 ], [ 77.605660804543717, 12.868870489835718, 0.0 ], [ 77.605457112997598, 12.868609578191347, 0.0 ], [ 77.605131531354004, 12.86823815463587, 0.0 ], [ 77.605158243213111, 12.867979110118398, 0.0 ], [ 77.605077633284182, 12.86793955867503, 0.0 ], [ 77.604993138891359, 12.867471456445388, 0.0 ], [ 77.604773271975063, 12.866796133685449, 0.0 ], [ 77.604546550477806, 12.866074114114458, 0.0 ], [ 77.604469397868328, 12.8656804747378, 0.0 ], [ 77.604280422935076, 12.865782746950204, 0.0 ], [ 77.604071003689072, 12.866028642646917, 0.0 ], [ 77.603617984314482, 12.866091697458041, 0.0 ], [ 77.603230535444382, 12.866287177450751, 0.0 ] ] ] ] } },
{ "type": "Feature", "properties": { "fid": 75, "year": "present", "condition": true, "Overlap": 0, "custodian": "BBMP", "status": "Work in progress", "name": "Ibblur Kere", "bbmp_id": 59, "Category": "kere", "area": 22901.483956212644, "perimeter": 715.11985649699443, "area_acres": 5.66, "valley": "Koramangala Challaghatta Valley", "Corporation": "South", "ward_name": "70 - Iblur", "subvalley": "KC_1", "area_m": 22872 }, "geometry": { "type": "MultiPolygon", "coordinates": [ [ [ [ 77.665715938593948, 12.922888437454239, 0.0 ], [ 77.665811707051276, 12.922877590715659, 0.0 ], [ 77.666198721089955, 12.922897351199278, 0.0 ], [ 77.666619224263499, 12.922883569604879, 0.0 ], [ 77.667054432287827, 12.922888608107218, 0.0 ], [ 77.667538438783282, 12.922935831936828, 0.0 ], [ 77.667838380738914, 12.922951737121609, 0.0 ], [ 77.667896092723936, 12.922922690645276, 0.0 ], [ 77.667750601927565, 12.92242618840185, 0.0 ], [ 77.667716206201575, 12.922374369644089, 0.0 ], [ 77.667646759936105, 12.922209082957041, 0.0 ], [ 77.666854890336325, 12.92182892791663, 0.0 ], [ 77.666378054557725, 12.921572288654689, 0.0 ], [ 77.666140106736819, 12.921475121268212, 0.0 ], [ 77.666190968934075, 12.92171173985297, 0.0 ], [ 77.6661404072469, 12.921958879973953, 0.0 ], [ 77.666175445452183, 12.922075827973458, 0.0 ], [ 77.66612811887066, 12.922167687044521, 0.0 ], [ 77.666110995990408, 12.922376543500057, 0.0 ], [ 77.665909255077366, 12.922501916042581, 0.0 ], [ 77.665649096940527, 12.922589942997819, 0.0 ], [ 77.665547273348409, 12.9226329733143, 0.0 ], [ 77.665544398478758, 12.92274752352284, 0.0 ], [ 77.665593951854433, 12.92286084376404, 0.0 ], [ 77.665690528612288, 12.922882689661513, 0.0 ], [ 77.665715938593948, 12.922888437454239, 0.0 ] ] ] ] } },
{ "type": "Feature", "properties": { "fid": 76, "year": "present", "condition": true, "Overlap": 0, "custodian": "BBMP", "status": "Work in progress", "name": "Sarakki Kere", "bbmp_id": 61, "Category": "kere", "area": 230226.03813862428, "perimeter": 2432.6969255627382, "area_acres": 56.89, "valley": "Koramangala Challaghatta Valley", "Corporation": "South", "ward_name": "53 - Jaraganahalli", "subvalley": "VV_1", "area_m": 229964 }, "geometry": { "type": "MultiPolygon", "coordinates": [ [ [ [ 77.580954046586342, 12.901694925324438, 0.0 ], [ 77.581086345424708, 12.901683234397998, 0.0 ], [ 77.581462139062964, 12.899926389489691, 0.0 ], [ 77.581601900503358, 12.898730626963481, 0.0 ], [ 77.581110959157286, 12.898170141757458, 0.0 ], [ 77.579655415413839, 12.897494254234349, 0.0 ], [ 77.576494654676125, 12.89600956668153, 0.0 ], [ 77.574712726961366, 12.894840998932432, 0.0 ], [ 77.574677005188846, 12.894998853900137, 0.0 ], [ 77.574678943269276, 12.895188316474798, 0.0 ], [ 77.57628308022602, 12.896904920675077, 0.0 ], [ 77.57726480147312, 12.898465234412219, 0.0 ], [ 77.5777039531323, 12.89958425812169, 0.0 ], [ 77.577902946256472, 12.899879019458076, 0.0 ], [ 77.577904571442318, 12.900313135951157, 0.0 ], [ 77.577951226180488, 12.900826981870299, 0.0 ], [ 77.57804217912927, 12.901624612551648, 0.0 ], [ 77.578072959324658, 12.901935599396868, 0.0 ], [ 77.579174629761781, 12.901735250707999, 0.0 ], [ 77.580209820429417, 12.901779172087688, 0.0 ], [ 77.580783095077351, 12.901671820492989, 0.0 ], [ 77.580806130960951, 12.901674933898651, 0.0 ], [ 77.580954046586342, 12.901694925324438, 0.0 ] ] ] ] } },
{ "type": "Feature", "properties": { "fid": 77, "year": "present", "condition": true, "Overlap": 0, "custodian": "BBMP", "status": null, "name": "Junnasandra Kere", "bbmp_id": 33, "Category": "kere", "area": 120811.5649433732, "perimeter": 1450.9175787803358, "area_acres": 29.85, "valley": "Koramangala Challaghatta Valley", "Corporation": "South", "ward_name": "31 - Kasavanahalli", "subvalley": "KC_2", "area_m": 120655 }, "geometry": { "type": "MultiPolygon", "coordinates": [ [ [ [ 77.679864426087263, 12.903343357387602, 0.0 ], [ 77.681748235169081, 12.903433004851291, 0.0 ], [ 77.681342163597364, 12.901963420100103, 0.0 ], [ 77.681581655616966, 12.901339311634809, 0.0 ], [ 77.682044518799501, 12.899882414618032, 0.0 ], [ 77.68074807398088, 12.898523484556039, 0.0 ], [ 77.679212635740953, 12.900152552819071, 0.0 ], [ 77.678860090280665, 12.90117287752855, 0.0 ], [ 77.679864426087263, 12.903343357387602, 0.0 ] ] ] ] } },
{ "type": "Feature", "properties": { "fid": 78, "year": "present", "condition": true, "Overlap": 0, "custodian": "BBMP", "status": "To Be Developed", "name": "Kaggadasapura kere", "bbmp_id": 55, "Category": "kere", "area": 133324.0195376426, "perimeter": 1987.9372206272681, "area_acres": 32.94, "valley": "Koramangala Challaghatta Valley", "Corporation": "Central", "ward_name": "17 - Kaggadasapura", "subvalley": "KC_2", "area_m": 133154 }, "geometry": { "type": "MultiPolygon", "coordinates": [ [ [ [ 77.671429654544966, 12.982978464192961, 0.0 ], [ 77.671886926937788, 12.982590880807569, 0.0 ], [ 77.672251702177377, 12.98219246359505, 0.0 ], [ 77.672789826053233, 12.981885255454378, 0.0 ], [ 77.673366020008729, 12.981686257519478, 0.0 ], [ 77.673685520290434, 12.98164676988123, 0.0 ], [ 77.673720097410992, 12.981423381121068, 0.0 ], [ 77.673329155732688, 12.981375191896298, 0.0 ], [ 77.672672787977547, 12.981399346773017, 0.0 ], [ 77.672264101514088, 12.981351338389562, 0.0 ], [ 77.672133890180262, 12.981320833474481, 0.0 ], [ 77.671852678899867, 12.9808517679279, 0.0 ], [ 77.671885903028169, 12.98045999641322, 0.0 ], [ 77.671936686536881, 12.980349454884921, 0.0 ], [ 77.671669684975313, 12.979507578029699, 0.0 ], [ 77.671709439307037, 12.979268594104431, 0.0 ], [ 77.671805512354524, 12.979133723123612, 0.0 ], [ 77.672024195492, 12.978533099927738, 0.0 ], [ 77.67201286073778, 12.978505445411617, 0.0 ], [ 77.672268461556968, 12.978005050462347, 0.0 ], [ 77.671855181628473, 12.978479910762379, 0.0 ], [ 77.671660006224116, 12.978638787550281, 0.0 ], [ 77.671464443768798, 12.978761467259595, 0.0 ], [ 77.671183531865566, 12.97895742584817, 0.0 ], [ 77.67090313512351, 12.979201646874278, 0.0 ], [ 77.670468418986303, 12.979371876773978, 0.0 ], [ 77.67039752067609, 12.97949141647279, 0.0 ], [ 77.670131637350011, 12.979547448928461, 0.0 ], [ 77.670121159539363, 12.979839075743739, 0.0 ], [ 77.670115278935072, 12.98031990469085, 0.0 ], [ 77.669907282122296, 12.980430644336108, 0.0 ], [ 77.669080547018481, 12.980705308085042, 0.0 ], [ 77.669130346286764, 12.982044886030971, 0.0 ], [ 77.669178474665486, 12.983227847124109, 0.0 ], [ 77.669497882556669, 12.98322456588307, 0.0 ], [ 77.669779383730727, 12.982995425001551, 0.0 ], [ 77.669961791109813, 12.983229627384446, 0.0 ], [ 77.67028349182236, 12.983668991014641, 0.0 ], [ 77.670642608183456, 12.983608775025019, 0.0 ], [ 77.67093505488576, 12.983340295562202, 0.0 ], [ 77.67133648475928, 12.983134428265551, 0.0 ], [ 77.671429654544966, 12.982978464192961, 0.0 ] ] ] ] } },
{ "type": "Feature", "properties": { "fid": 79, "year": "present", "condition": true, "Overlap": 0, "custodian": "BBMP", "status": "Developed lake", "name": "Kaigondanahalli Kere", "bbmp_id": 7, "Category": "kere", "area": 162374.97380676027, "perimeter": 1835.355133935733, "area_acres": 40.12, "valley": "Koramangala Challaghatta Valley", "Corporation": "South", "ward_name": "31 - Kasavanahalli", "subvalley": "KC_2", "area_m": 162167 }, "geometry": { "type": "MultiPolygon", "coordinates": [ [ [ [ 77.670699741367883, 12.91245192419092, 0.0 ], [ 77.671063367993497, 12.912997939575501, 0.0 ], [ 77.671283060369305, 12.913222272920178, 0.0 ], [ 77.671586445078745, 12.913599560363908, 0.0 ], [ 77.671743368204332, 12.913721923736841, 0.0 ], [ 77.67224991491905, 12.913899359874781, 0.0 ], [ 77.672866955132434, 12.914447360174172, 0.0 ], [ 77.673101520029391, 12.914688790198532, 0.0 ], [ 77.673581314788734, 12.91553494608487, 0.0 ], [ 77.673554959776254, 12.91574560070776, 0.0 ], [ 77.673675218129091, 12.91571123693881, 0.0 ], [ 77.674441466709609, 12.915249433515118, 0.0 ], [ 77.674506994788587, 12.915178931294738, 0.0 ], [ 77.67524781312234, 12.914771056750858, 0.0 ], [ 77.67586893778919, 12.914379549863797, 0.0 ], [ 77.675755045234595, 12.914087113979681, 0.0 ], [ 77.675187000674228, 12.913565699731237, 0.0 ], [ 77.674547316739691, 12.913295753937332, 0.0 ], [ 77.674072648360195, 12.91247476091379, 0.0 ], [ 77.67387384006922, 12.912366004154729, 0.0 ], [ 77.672036309275356, 12.910812492685936, 0.0 ], [ 77.67172476302612, 12.910784364368329, 0.0 ], [ 77.671345313857373, 12.910624987299268, 0.0 ], [ 77.670948549742661, 12.91061880379142, 0.0 ], [ 77.670301918899455, 12.910676618120199, 0.0 ], [ 77.669764455865149, 12.9111839053342, 0.0 ], [ 77.669800230093443, 12.911603407769009, 0.0 ], [ 77.670559842057429, 12.912353452743051, 0.0 ], [ 77.670699741367883, 12.91245192419092, 0.0 ] ] ] ] } },
{ "type": "Feature", "properties": { "fid": 80, "year": "present", "condition": true, "Overlap": 0, "custodian": "BBMP", "status": "Work in progress", "name": "Kalena Agrahara Kere", "bbmp_id": 74, "Category": "kere", "area": 14639.877332771837, "perimeter": 722.62200432699274, "area_acres": 3.62, "valley": "Koramangala Challaghatta Valley", "Corporation": "South", "ward_name": "37 - Yelenahalli", "subvalley": "KC_1", "area_m": 14623 }, "geometry": { "type": "MultiPolygon", "coordinates": [ [ [ [ 77.589281280043707, 12.86587174174379, 0.0 ], [ 77.589316044521155, 12.866053524323529, 0.0 ], [ 77.589377937649218, 12.866148796719372, 0.0 ], [ 77.589413770512849, 12.866199608649012, 0.0 ], [ 77.58943983077728, 12.866332989915369, 0.0 ], [ 77.58963854029372, 12.866447316658659, 0.0 ], [ 77.589772099149016, 12.866523534458571, 0.0 ], [ 77.589824219677908, 12.86643461368976, 0.0 ], [ 77.589850279942354, 12.866304408221408, 0.0 ], [ 77.589860691638648, 12.866243506516239, 0.0 ], [ 77.589863185952325, 12.866244632005488, 0.0 ], [ 77.589885216386165, 12.866196061588038, 0.0 ], [ 77.5899327439666, 12.866125991022018, 0.0 ], [ 77.590012888675574, 12.865954562987659, 0.0 ], [ 77.590052217867253, 12.865888118484252, 0.0 ], [ 77.59019508702066, 12.865646748636482, 0.0 ], [ 77.590263773683631, 12.865586312220398, 0.0 ], [ 77.59042386728531, 12.865420238159738, 0.0 ], [ 77.590524086894874, 12.86535964113131, 0.0 ], [ 77.590651642810883, 12.865325512807832, 0.0 ], [ 77.590982973507934, 12.86526546637603, 0.0 ], [ 77.591202127071952, 12.865254335896587, 0.0 ], [ 77.591201022435456, 12.865146780480329, 0.0 ], [ 77.591009213292637, 12.865151664710682, 0.0 ], [ 77.590790090455968, 12.865165782664809, 0.0 ], [ 77.590492669368473, 12.865266923351708, 0.0 ], [ 77.590354650034044, 12.865302230627819, 0.0 ], [ 77.58987777693855, 12.865216258226379, 0.0 ], [ 77.589570416648073, 12.865050605038258, 0.0 ], [ 77.589256340209275, 12.864681950424568, 0.0 ], [ 77.589192025712435, 12.864646730272632, 0.0 ], [ 77.589206536898047, 12.86504074522672, 0.0 ], [ 77.589276439631831, 12.86586846962846, 0.0 ], [ 77.589281280043707, 12.86587174174379, 0.0 ] ] ] ] } },
{ "type": "Feature", "properties": { "fid": 81, "year": "present", "condition": true, "Overlap": 0, "custodian": "BBMP", "status": "To Be Developed", "name": "Kammanahalli Kere (Meenakshi Kere)", "bbmp_id": 80, "Category": "kere", "area": 57403.69050553441, "perimeter": 1434.6345679846968, "area_acres": 14.18, "valley": "Koramangala Challaghatta Valley", "Corporation": "South", "ward_name": "38 - Doddakammanahalli", "subvalley": "KC_1", "area_m": 57336 }, "geometry": { "type": "MultiPolygon", "coordinates": [ [ [ [ 77.603480585893493, 12.853927314592941, 0.0 ], [ 77.603382225498223, 12.85410302370641, 0.0 ], [ 77.603377851847142, 12.854758314967748, 0.0 ], [ 77.603368285314957, 12.85534210819973, 0.0 ], [ 77.603170407315119, 12.855430761513919, 0.0 ], [ 77.60303970313575, 12.855449182856729, 0.0 ], [ 77.603007229633462, 12.855515528935561, 0.0 ], [ 77.602810343518044, 12.855499351981168, 0.0 ], [ 77.602754716775692, 12.855717880624779, 0.0 ], [ 77.602676056453362, 12.855780915129698, 0.0 ], [ 77.602279120427028, 12.856145240869269, 0.0 ], [ 77.602091837460023, 12.856332753003763, 0.0 ], [ 77.601854820304894, 12.856860098854122, 0.0 ], [ 77.601878520978943, 12.85724238404784, 0.0 ], [ 77.601715039142121, 12.857371465626867, 0.0 ], [ 77.601850100298236, 12.857659310381447, 0.0 ], [ 77.602094102683552, 12.857632306424618, 0.0 ], [ 77.602281048709912, 12.857412035059976, 0.0 ], [ 77.602612325661397, 12.856288744582027, 0.0 ], [ 77.602788193197227, 12.85620753408509, 0.0 ], [ 77.603107102131844, 12.856236083221138, 0.0 ], [ 77.603185548401868, 12.856195886449397, 0.0 ], [ 77.604078614766962, 12.85636227082194, 0.0 ], [ 77.604241461940305, 12.856475225597341, 0.0 ], [ 77.604552241337061, 12.85663069072611, 0.0 ], [ 77.604753920242814, 12.856910427349298, 0.0 ], [ 77.604874287652606, 12.8570452252831, 0.0 ], [ 77.604892005368498, 12.85698429587775, 0.0 ], [ 77.604924511603855, 12.85687251022096, 0.0 ], [ 77.604864921932659, 12.856490874732328, 0.0 ], [ 77.604849961910517, 12.856119716660197, 0.0 ], [ 77.604733825686068, 12.855651276453036, 0.0 ], [ 77.604817563789283, 12.855137167794933, 0.0 ], [ 77.604747634668641, 12.854832080333628, 0.0 ], [ 77.604564760235235, 12.854275511138908, 0.0 ], [ 77.604282200051287, 12.854025523018359, 0.0 ], [ 77.604271426597336, 12.853984987911648, 0.0 ], [ 77.604207650584243, 12.853935370896549, 0.0 ], [ 77.603675432944982, 12.85385155451957, 0.0 ], [ 77.603480585893493, 12.853927314592941, 0.0 ] ] ] ] } },
{ "type": "Feature", "properties": { "fid": 82, "year": "present", "condition": true, "Overlap": 0, "custodian": "BBMP", "status": "Developed lake", "name": "Kasavanahalli kere", "bbmp_id": 8, "Category": "kere", "area": 127855.08093172498, "perimeter": 1730.536783336169, "area_acres": 31.59, "valley": "Koramangala Challaghatta Valley", "Corporation": "South", "ward_name": "31 - Kasavanahalli", "subvalley": "KC_2", "area_m": 127692 }, "geometry": { "type": "MultiPolygon", "coordinates": [ [ [ [ 77.666469519613358, 12.90623138310319, 0.0 ], [ 77.666532042103839, 12.906055286873361, 0.0 ], [ 77.66682609883182, 12.905961156146551, 0.0 ], [ 77.667187237031499, 12.905803133835478, 0.0 ], [ 77.667546791574836, 12.905681314410218, 0.0 ], [ 77.667883290767378, 12.905851726231429, 0.0 ], [ 77.667989922003173, 12.905807072918169, 0.0 ], [ 77.668509058853033, 12.905989838590438, 0.0 ], [ 77.669037063383257, 12.905669495810521, 0.0 ], [ 77.669390026170319, 12.905546426603618, 0.0 ], [ 77.669677607893632, 12.905521768056659, 0.0 ], [ 77.669853800773851, 12.90543308520262, 0.0 ], [ 77.670060896635377, 12.905126879619518, 0.0 ], [ 77.66973664799491, 12.904826102695671, 0.0 ], [ 77.669556344024656, 12.904685985368658, 0.0 ], [ 77.669341761277806, 12.904411322312109, 0.0 ], [ 77.668926741478344, 12.903465829146491, 0.0 ], [ 77.668755138680481, 12.903137730717971, 0.0 ], [ 77.668494917764264, 12.902724488825678, 0.0 ], [ 77.668353235954271, 12.902460620481961, 0.0 ], [ 77.668241854483, 12.902296832093441, 0.0 ], [ 77.667826229407623, 12.902145287556641, 0.0 ], [ 77.667321932943551, 12.902399440172738, 0.0 ], [ 77.666616033285521, 12.902684823365506, 0.0 ], [ 77.666404430218591, 12.903419867655611, 0.0 ], [ 77.666102930775182, 12.90393923256353, 0.0 ], [ 77.666062573824448, 12.904269495651461, 0.0 ], [ 77.666185672786824, 12.90484906504429, 0.0 ], [ 77.666269190642637, 12.905008750659718, 0.0 ], [ 77.666249237046102, 12.905328852162379, 0.0 ], [ 77.666105285046953, 12.90548698909542, 0.0 ], [ 77.666078662893199, 12.906322646788402, 0.0 ], [ 77.666104890759968, 12.907122957414289, 0.0 ], [ 77.666121892180158, 12.907053168424246, 0.0 ], [ 77.666338642510951, 12.907416437796201, 0.0 ], [ 77.666549302658822, 12.907205441362359, 0.0 ], [ 77.66645082344624, 12.906284041310936, 0.0 ], [ 77.666469519613358, 12.90623138310319, 0.0 ] ] ] ] } },
{ "type": "Feature", "properties": { "fid": 83, "year": "present", "condition": true, "Overlap": 0, "custodian": "BBMP", "status": "Developed lake", "name": "Kodagi Singasandra kere", "bbmp_id": 97, "Category": "kere", "area": 29311.377372462302, "perimeter": 950.39611243013144, "area_acres": 7.24, "valley": "Koramangala Challaghatta Valley", "Corporation": "South", "ward_name": "66 - Singasandra", "subvalley": "KC_1", "area_m": 29275 }, "geometry": { "type": "MultiPolygon", "coordinates": [ [ [ [ 77.641932153596386, 12.879502139347057, 0.0 ], [ 77.642035599564309, 12.880087091318018, 0.0 ], [ 77.64216920303609, 12.88009917107696, 0.0 ], [ 77.642192306075415, 12.87953212317664, 0.0 ], [ 77.642238212791725, 12.879369546567439, 0.0 ], [ 77.642268164489209, 12.879176539937422, 0.0 ], [ 77.642746455318658, 12.878154356213198, 0.0 ], [ 77.642931526308757, 12.877746113417532, 0.0 ], [ 77.642907385298827, 12.877136794861848, 0.0 ], [ 77.642799973530586, 12.877050798615208, 0.0 ], [ 77.642445586114704, 12.87711242858725, 0.0 ], [ 77.642165274925844, 12.877155492035969, 0.0 ], [ 77.641808232290686, 12.877309905119366, 0.0 ], [ 77.641666630238845, 12.877304212355583, 0.0 ], [ 77.641258599228337, 12.877339202355419, 0.0 ], [ 77.640807824767919, 12.87780237253922, 0.0 ], [ 77.640977371503283, 12.877778237103977, 0.0 ], [ 77.641423457874666, 12.877825189710499, 0.0 ], [ 77.641639315849289, 12.878095864000118, 0.0 ], [ 77.641882491842239, 12.878714583893322, 0.0 ], [ 77.641961903167839, 12.87895180228535, 0.0 ], [ 77.641932153596386, 12.879502139347057, 0.0 ] ] ] ] } },
{ "type": "Feature", "properties": { "fid": 84, "year": "present", "condition": true, "Overlap": 0, "custodian": "BBMP", "status": "Developed lake", "name": "Kudlu Doddakere ", "bbmp_id": 101, "Category": "kere", "area": 138780.21407589316, "perimeter": 2188.1062278738855, "area_acres": 34.29, "valley": "Koramangala Challaghatta Valley", "Corporation": "South", "ward_name": "32 - Kudlu", "subvalley": "KC_2", "area_m": 138604 }, "geometry": { "type": "MultiPolygon", "coordinates": [ [ [ [ 77.666124672977276, 12.886220564366299, 0.0 ], [ 77.666827287129578, 12.886662395691859, 0.0 ], [ 77.667272571509002, 12.88712904868672, 0.0 ], [ 77.667589257225302, 12.887606248320401, 0.0 ], [ 77.667714814142826, 12.887973014186311, 0.0 ], [ 77.668161738954907, 12.888048034523129, 0.0 ], [ 77.667397118645027, 12.886865433854933, 0.0 ], [ 77.667000429646151, 12.886260341589962, 0.0 ], [ 77.666555216754034, 12.885706926522596, 0.0 ], [ 77.666530211117504, 12.885412343146708, 0.0 ], [ 77.666295011086177, 12.884979642347592, 0.0 ], [ 77.66622433624633, 12.884666464651239, 0.0 ], [ 77.666274464156885, 12.884088393513617, 0.0 ], [ 77.666310279150906, 12.883640404620669, 0.0 ], [ 77.666205319479218, 12.883303268994089, 0.0 ], [ 77.665717956337005, 12.883238602671948, 0.0 ], [ 77.664912708858154, 12.883157554857249, 0.0 ], [ 77.664711137972134, 12.88308329824069, 0.0 ], [ 77.664072856445856, 12.882996724663331, 0.0 ], [ 77.663450754674969, 12.882654903027769, 0.0 ], [ 77.662860540248971, 12.882452016373371, 0.0 ], [ 77.662586918201313, 12.88246474706173, 0.0 ], [ 77.662445238387249, 12.88260842033854, 0.0 ], [ 77.662677273300631, 12.883339183988237, 0.0 ], [ 77.662790474262152, 12.883497187983609, 0.0 ], [ 77.662966501589224, 12.883843549963759, 0.0 ], [ 77.663110327602396, 12.884021136585121, 0.0 ], [ 77.663359531055164, 12.884575645182959, 0.0 ], [ 77.663583223756859, 12.885091967693917, 0.0 ], [ 77.663715933823397, 12.886015335228119, 0.0 ], [ 77.663776586513507, 12.886620527566828, 0.0 ], [ 77.663669800045753, 12.887069239421608, 0.0 ], [ 77.66374287159573, 12.887267439917201, 0.0 ], [ 77.664014183874301, 12.887035891838767, 0.0 ], [ 77.664273358302651, 12.88661547008944, 0.0 ], [ 77.664384036705925, 12.886534765474142, 0.0 ], [ 77.664798439729864, 12.88641117917339, 0.0 ], [ 77.665192144872279, 12.886248014266069, 0.0 ], [ 77.665597356013947, 12.886214045312226, 0.0 ], [ 77.666124672977276, 12.886220564366299, 0.0 ] ] ] ] } },
{ "type": "Feature", "properties": { "fid": 85, "year": "present", "condition": true, "Overlap": 0, "custodian": "BBMP", "status": "To Be Developed", "name": "Konanakunte  kere", "bbmp_id": 95, "Category": "kere", "area": 26574.541544493288, "perimeter": 693.28351351794004, "area_acres": 6.57, "valley": "Koramangala Challaghatta Valley", "Corporation": "South", "ward_name": "45 - Konanakunte", "subvalley": "VV_1", "area_m": 26545 }, "geometry": { "type": "MultiPolygon", "coordinates": [ [ [ [ 77.568641801667667, 12.89246081236889, 0.0 ], [ 77.568755843083906, 12.892411405044946, 0.0 ], [ 77.568815670019546, 12.891788261955067, 0.0 ], [ 77.568905484979283, 12.891394041911946, 0.0 ], [ 77.569040257968226, 12.891211046491382, 0.0 ], [ 77.569049343826819, 12.891016196381335, 0.0 ], [ 77.569179016331972, 12.890835618796709, 0.0 ], [ 77.569271639549953, 12.890402232062261, 0.0 ], [ 77.569271639549967, 12.890221654034843, 0.0 ], [ 77.56871590024204, 12.890293885261439, 0.0 ], [ 77.567845241992956, 12.89047446323676, 0.0 ], [ 77.567748179208252, 12.890868699006528, 0.0 ], [ 77.567845241992941, 12.891738505417141, 0.0 ], [ 77.568203117333738, 12.892063021690378, 0.0 ], [ 77.568378607493159, 12.892428589748928, 0.0 ], [ 77.568641801667667, 12.89246081236889, 0.0 ] ] ] ] } },
{ "type": "Feature", "properties": { "fid": 86, "year": "present", "condition": true, "Overlap": 0, "custodian": "BBMP", "status": "To Be Developed", "name": "Kothanaru Kere", "bbmp_id": 87, "Category": "kere", "area": 47144.070881385356, "perimeter": 1187.6578123724357, "area_acres": 11.65, "valley": "Koramangala Challaghatta Valley", "Corporation": "South", "ward_name": "44 - Harinagar", "subvalley": "VV_1", "area_m": 47090 }, "geometry": { "type": "MultiPolygon", "coordinates": [ [ [ [ 77.579086211741128, 12.872767502164031, 0.0 ], [ 77.578892124703941, 12.873380987938202, 0.0 ], [ 77.578857238283959, 12.873599876233548, 0.0 ], [ 77.578886266417697, 12.87413964998953, 0.0 ], [ 77.578866973891778, 12.874358080932261, 0.0 ], [ 77.578854928274794, 12.874583480554309, 0.0 ], [ 77.578807152156472, 12.874823312051133, 0.0 ], [ 77.578708719564801, 12.87502140212443, 0.0 ], [ 77.578633109617655, 12.87523784426909, 0.0 ], [ 77.579002386873299, 12.874969230314738, 0.0 ], [ 77.579387743288848, 12.874761274577168, 0.0 ], [ 77.579616979981125, 12.874723816735301, 0.0 ], [ 77.579890994810654, 12.874854878271289, 0.0 ], [ 77.580423810753189, 12.875032669933191, 0.0 ], [ 77.580976782675435, 12.875076501341352, 0.0 ], [ 77.581214347230556, 12.875151600336929, 0.0 ], [ 77.581398862155552, 12.875301328804159, 0.0 ], [ 77.581426772911541, 12.87523442192046, 0.0 ], [ 77.581334152638377, 12.874885864352979, 0.0 ], [ 77.580997786496667, 12.874648918671678, 0.0 ], [ 77.580706165310872, 12.874433373429149, 0.0 ], [ 77.580570367212246, 12.874216292368148, 0.0 ], [ 77.580343963103388, 12.873847210428609, 0.0 ], [ 77.58021705215063, 12.87371579117168, 0.0 ], [ 77.580198808770035, 12.873380480733561, 0.0 ], [ 77.579783674275845, 12.872637546299787, 0.0 ], [ 77.579751784923246, 12.872542527977723, 0.0 ], [ 77.579658498201951, 12.872128449904759, 0.0 ], [ 77.579574398624132, 12.871964544851059, 0.0 ], [ 77.579323031105972, 12.871978860014448, 0.0 ], [ 77.579115281982681, 12.871976105432299, 0.0 ], [ 77.579139416722484, 12.872373927662318, 0.0 ], [ 77.579086211741128, 12.872767502164031, 0.0 ] ] ] ] } },
{ "type": "Feature", "properties": { "fid": 87, "year": "present", "condition": true, "Overlap": 0, "custodian": "BBMP", "status": "Developed lake", "name": "Kundalahalli kere", "bbmp_id": 16, "Category": "kere", "area": 71355.121029876173, "perimeter": 1505.4380929363081, "area_acres": 17.63, "valley": "Koramangala Challaghatta Valley", "Corporation": "East", "ward_name": "37 - Kundalahalli", "subvalley": "KC_2", "area_m": 71258 }, "geometry": { "type": "MultiPolygon", "coordinates": [ [ [ [ 77.720331103865334, 12.971837799076367, 0.0 ], [ 77.720625697886135, 12.971936315935949, 0.0 ], [ 77.720896360503289, 12.971443307750128, 0.0 ], [ 77.720968807153696, 12.971090190525896, 0.0 ], [ 77.721045989448243, 12.970904148710909, 0.0 ], [ 77.72106238096903, 12.970730693501299, 0.0 ], [ 77.720920833757006, 12.970600717719771, 0.0 ], [ 77.720809097184414, 12.970410676967301, 0.0 ], [ 77.720903645915214, 12.970140799315571, 0.0 ], [ 77.721061129482379, 12.970055497607838, 0.0 ], [ 77.721231121967847, 12.969999941454256, 0.0 ], [ 77.721287168242839, 12.969551207581157, 0.0 ], [ 77.721332070222914, 12.969198195112869, 0.0 ], [ 77.72138377905263, 12.968910839738751, 0.0 ], [ 77.721547158753111, 12.968807550323229, 0.0 ], [ 77.721531985203967, 12.968532845310669, 0.0 ], [ 77.721402671833289, 12.967847038690881, 0.0 ], [ 77.721316149291169, 12.96773441310255, 0.0 ], [ 77.721120750698674, 12.967694629956549, 0.0 ], [ 77.720840389082127, 12.967685611804692, 0.0 ], [ 77.720547713512559, 12.967664771515638, 0.0 ], [ 77.720327817091317, 12.96761329332128, 0.0 ], [ 77.720168386008069, 12.96751935554534, 0.0 ], [ 77.720051469075756, 12.967413022521319, 0.0 ], [ 77.71982387197032, 12.967218893483121, 0.0 ], [ 77.719546666029501, 12.96693430012202, 0.0 ], [ 77.719461573074042, 12.96695311555043, 0.0 ], [ 77.719702342315571, 12.967243388739147, 0.0 ], [ 77.719874645428646, 12.967432208327372, 0.0 ], [ 77.720091138583086, 12.967699422437779, 0.0 ], [ 77.720100218321818, 12.967974191574021, 0.0 ], [ 77.720138848844044, 12.968164997419798, 0.0 ], [ 77.720095165907622, 12.96835867607434, 0.0 ], [ 77.720108337530874, 12.9687210198973, 0.0 ], [ 77.720123184798794, 12.968965852166198, 0.0 ], [ 77.720096888957769, 12.969414358445549, 0.0 ], [ 77.720045561350588, 12.969671749950837, 0.0 ], [ 77.719705640805103, 12.969788835255978, 0.0 ], [ 77.719444128441467, 12.969841543101071, 0.0 ], [ 77.719309147830387, 12.97016904042675, 0.0 ], [ 77.719290172766478, 12.970803006319242, 0.0 ], [ 77.719590243420001, 12.970943276171708, 0.0 ], [ 77.719634901620793, 12.971128043708962, 0.0 ], [ 77.719631212958788, 12.97134916863558, 0.0 ], [ 77.719598427989851, 12.971696079270448, 0.0 ], [ 77.719599402377781, 12.971785698683759, 0.0 ], [ 77.720331103865334, 12.971837799076367, 0.0 ] ] ] ] } },
{ "type": "Feature", "properties": { "fid": 88, "year": "present", "condition": true, "Overlap": 0, "custodian": "BBMP", "status": "Work in progress", "name": "Haralakunte Kere (Somasandra Palya Kere)", "bbmp_id": 64, "Category": "kere", "area": 28772.151220746338, "perimeter": 649.70221481836097, "area_acres": 7.11, "valley": "Koramangala Challaghatta Valley", "Corporation": "South", "ward_name": "69 - Hosapalya", "subvalley": "KC_1", "area_m": 28736 }, "geometry": { "type": "MultiPolygon", "coordinates": [ [ [ [ 77.648089567211329, 12.897610512677062, 0.0 ], [ 77.647797752394339, 12.897603093656286, 0.0 ], [ 77.647582600791978, 12.897622877711676, 0.0 ], [ 77.64745400443195, 12.897721797988623, 0.0 ], [ 77.64742768340416, 12.897935762579101, 0.0 ], [ 77.647326624993084, 12.8986769839589, 0.0 ], [ 77.647288181042271, 12.899082390017288, 0.0 ], [ 77.647295395508777, 12.899155079238362, 0.0 ], [ 77.647330354085781, 12.899242697246658, 0.0 ], [ 77.64742185534196, 12.899294630392051, 0.0 ], [ 77.647800225401269, 12.89933419850283, 0.0 ], [ 77.648621263699908, 12.899371293606686, 0.0 ], [ 77.648843834323046, 12.89932677948206, 0.0 ], [ 77.648910605509982, 12.899247643260503, 0.0 ], [ 77.648900713482291, 12.899101735852009, 0.0 ], [ 77.6487869551638, 12.898411766920313, 0.0 ], [ 77.64868556187993, 12.898174358255647, 0.0 ], [ 77.648653412789926, 12.897983936722525, 0.0 ], [ 77.648576749575284, 12.897724270995548, 0.0 ], [ 77.64844320720141, 12.897655026801683, 0.0 ], [ 77.648299772799831, 12.897632769739372, 0.0 ], [ 77.648089567211329, 12.897610512677062, 0.0 ] ] ] ] } },
{ "type": "Feature", "properties": { "fid": 89, "year": "present", "condition": true, "Overlap": 0, "custodian": "BBMP", "status": "Developed lake", "name": "Mahadevapura  Kere-1", "bbmp_id": 35, "Category": "kere", "area": 73048.135608863086, "perimeter": 1200.3484832090974, "area_acres": 18.05, "valley": "Koramangala Challaghatta Valley", "Corporation": "East", "ward_name": "22 - Mahadevapura", "subvalley": "KC_2", "area_m": 72952 }, "geometry": { "type": "MultiPolygon", "coordinates": [ [ [ [ 77.691721365889862, 12.98857290632426, 0.0 ], [ 77.691813563610438, 12.988521418865629, 0.0 ], [ 77.692254338462391, 12.9889181504616, 0.0 ], [ 77.692664473607067, 12.988806779026367, 0.0 ], [ 77.693159643197333, 12.988645014043229, 0.0 ], [ 77.69335427440771, 12.988590785517381, 0.0 ], [ 77.693495483125105, 12.988519707434829, 0.0 ], [ 77.69356288638663, 12.98840114130221, 0.0 ], [ 77.693484061426759, 12.987934025826867, 0.0 ], [ 77.693547869627082, 12.987029915605309, 0.0 ], [ 77.693530891921995, 12.986866013752071, 0.0 ], [ 77.69352507557322, 12.98632656748849, 0.0 ], [ 77.693591364047762, 12.985890794214708, 0.0 ], [ 77.693524916240975, 12.98533200363536, 0.0 ], [ 77.693344603303075, 12.985384553367719, 0.0 ], [ 77.692733616458526, 12.986235561710203, 0.0 ], [ 77.692470540697457, 12.98627021146547, 0.0 ], [ 77.691472275511686, 12.986740722332229, 0.0 ], [ 77.691196366608295, 12.98665693471529, 0.0 ], [ 77.690877616696284, 12.986651789666466, 0.0 ], [ 77.690819492336942, 12.986720767536328, 0.0 ], [ 77.690613815586048, 12.986950158745859, 0.0 ], [ 77.690980758571342, 12.987560280772497, 0.0 ], [ 77.691091293901124, 12.98774406882529, 0.0 ], [ 77.691290799901125, 12.988142281490299, 0.0 ], [ 77.691490869171488, 12.988592698423529, 0.0 ], [ 77.691721365889862, 12.98857290632426, 0.0 ] ] ] ] } },
{ "type": "Feature", "properties": { "fid": 90, "year": "present", "condition": true, "Overlap": 0, "custodian": "BBMP", "status": "Developed lake", "name": "Munnekolalu kere", "bbmp_id": 13, "Category": "kere", "area": 47402.600508611649, "perimeter": 931.26457142474351, "area_acres": 11.71, "valley": "Koramangala Challaghatta Valley", "Corporation": "East", "ward_name": "42 - Priyadarshini Ward", "subvalley": "KC_2", "area_m": 47339 }, "geometry": { "type": "MultiPolygon", "coordinates": [ [ [ [ 77.707186625843093, 12.961378629221858, 0.0 ], [ 77.707368444100069, 12.96160105428573, 0.0 ], [ 77.707431374437618, 12.961757480214493, 0.0 ], [ 77.707529253494698, 12.96200077763198, 0.0 ], [ 77.707731930579897, 12.962066435219187, 0.0 ], [ 77.707817161593184, 12.962154047730989, 0.0 ], [ 77.708742124956601, 12.96199737272398, 0.0 ], [ 77.708834718251552, 12.96194587279421, 0.0 ], [ 77.709218735395751, 12.96092939394844, 0.0 ], [ 77.709449810461123, 12.96038701311323, 0.0 ], [ 77.709537589039059, 12.960155887132171, 0.0 ], [ 77.709604166761622, 12.959940345562712, 0.0 ], [ 77.709229862159802, 12.95999974892039, 0.0 ], [ 77.709036889139171, 12.96003037415173, 0.0 ], [ 77.708334522813075, 12.960130556902127, 0.0 ], [ 77.707993301042038, 12.960118678654156, 0.0 ], [ 77.707605051182611, 12.96010516276451, 0.0 ], [ 77.707265872547794, 12.96001723287468, 0.0 ], [ 77.707182834912985, 12.960021011158, 0.0 ], [ 77.706971248232946, 12.959934668387429, 0.0 ], [ 77.70687041017041, 12.960071483517979, 0.0 ], [ 77.706932249192903, 12.960224315526451, 0.0 ], [ 77.707066304232455, 12.960376396431389, 0.0 ], [ 77.707115724566449, 12.96049394019068, 0.0 ], [ 77.70712954752868, 12.96065907728239, 0.0 ], [ 77.70718239412767, 12.96085757836266, 0.0 ], [ 77.7072367364744, 12.960936671475441, 0.0 ], [ 77.707186625843093, 12.961378629221858, 0.0 ] ] ] ] } },
{ "type": "Feature", "properties": { "fid": 91, "year": "present", "condition": true, "Overlap": 0, "custodian": "BBMP", "status": "To Be Developed", "name": "Konappana agrahara Kere", "bbmp_id": 100, "Category": "kere", "area": 13206.554679196328, "perimeter": 578.05917258515842, "area_acres": 3.26, "valley": "Koramangala Challaghatta Valley", "Corporation": "South", "ward_name": "33 - Naganathapura", "subvalley": "KC_2", "area_m": 13190 }, "geometry": { "type": "MultiPolygon", "coordinates": [ [ [ [ 77.669090450132174, 12.878479926705818, 0.0 ], [ 77.669105569109078, 12.878382029261768, 0.0 ], [ 77.669110506192496, 12.878339711551268, 0.0 ], [ 77.669128709152119, 12.878278766628549, 0.0 ], [ 77.669159985660542, 12.878222611108582, 0.0 ], [ 77.669307613156107, 12.878136932124919, 0.0 ], [ 77.669363704622384, 12.878094092911718, 0.0 ], [ 77.669376886539013, 12.878067541415248, 0.0 ], [ 77.669276794466654, 12.878023652733258, 0.0 ], [ 77.669225080556984, 12.877971345699578, 0.0 ], [ 77.669130708903836, 12.877959099170681, 0.0 ], [ 77.668887506744369, 12.87802244298647, 0.0 ], [ 77.66882459365425, 12.878038829129959, 0.0 ], [ 77.66879885856099, 12.877970159661531, 0.0 ], [ 77.668766404296676, 12.877883561219576, 0.0 ], [ 77.668596843016175, 12.877890572825242, 0.0 ], [ 77.668436085855632, 12.87796617912942, 0.0 ], [ 77.668301161316961, 12.877938495293899, 0.0 ], [ 77.668241650226506, 12.87791268461323, 0.0 ], [ 77.66811558571132, 12.877958878358911, 0.0 ], [ 77.6681840686865, 12.878069132465518, 0.0 ], [ 77.668199012524113, 12.878208990979973, 0.0 ], [ 77.668233222279511, 12.878388278852572, 0.0 ], [ 77.668280825428027, 12.878389252887571, 0.0 ], [ 77.668319405223926, 12.8783900422843, 0.0 ], [ 77.668354937057671, 12.87843987271815, 0.0 ], [ 77.668353810885165, 12.87858782011163, 0.0 ], [ 77.66838210476439, 12.878716975680712, 0.0 ], [ 77.668399237735485, 12.878809261012066, 0.0 ], [ 77.668392223497321, 12.878909717579987, 0.0 ], [ 77.668372676170165, 12.878979796039252, 0.0 ], [ 77.668403643323273, 12.879110105348483, 0.0 ], [ 77.668668605215942, 12.87907332849144, 0.0 ], [ 77.668881412704039, 12.879081726126596, 0.0 ], [ 77.669083422799858, 12.879087591948412, 0.0 ], [ 77.669299174400891, 12.87911973462192, 0.0 ], [ 77.669353301163937, 12.879145599882778, 0.0 ], [ 77.669422882531066, 12.879105264792598, 0.0 ], [ 77.669492545946071, 12.879021346340981, 0.0 ], [ 77.669479679910452, 12.878874856875749, 0.0 ], [ 77.669478784555253, 12.878790331267028, 0.0 ], [ 77.669454161740362, 12.878753598366368, 0.0 ], [ 77.669362370222629, 12.878730758829011, 0.0 ], [ 77.669334598156169, 12.87873391351018, 0.0 ], [ 77.669260173043327, 12.8787423675839, 0.0 ], [ 77.669165745141655, 12.878724838273314, 0.0 ], [ 77.669109038047509, 12.87870956610236, 0.0 ], [ 77.669094988838864, 12.878654233386278, 0.0 ], [ 77.669083296280533, 12.878567176107808, 0.0 ], [ 77.669090450132174, 12.878479926705818, 0.0 ] ] ] ] } },
{ "type": "Feature", "properties": { "fid": 92, "year": "present", "condition": true, "Overlap": 0, "custodian": "BBMP", "status": "To Be Developed", "name": "Nallurahalli kere", "bbmp_id": 26, "Category": "kere", "area": 93633.473957650363, "perimeter": 1665.994622433956, "area_acres": 23.14, "valley": "Koramangala Challaghatta Valley", "Corporation": "East", "ward_name": "33 - S.M Krishna Ward", "subvalley": "KC_2", "area_m": 93504 }, "geometry": { "type": "MultiPolygon", "coordinates": [ [ [ [ 77.733928997216083, 12.974702965667358, 0.0 ], [ 77.734006321220392, 12.975324829786787, 0.0 ], [ 77.734021145091305, 12.975444047391209, 0.0 ], [ 77.734055147674283, 12.975717424926742, 0.0 ], [ 77.734157755869774, 12.97586204721312, 0.0 ], [ 77.735454088654365, 12.975757440252089, 0.0 ], [ 77.735964959206967, 12.975828374065781, 0.0 ], [ 77.736626794804536, 12.97547377713256, 0.0 ], [ 77.737060805486564, 12.974841776514088, 0.0 ], [ 77.737479380962327, 12.974379514236137, 0.0 ], [ 77.738088228788129, 12.973923726849472, 0.0 ], [ 77.738370717848525, 12.97399238595564, 0.0 ], [ 77.739235916141368, 12.973725105499037, 0.0 ], [ 77.739688564927846, 12.973597981725138, 0.0 ], [ 77.739665288212791, 12.973596054873978, 0.0 ], [ 77.739353875853809, 12.97344406253618, 0.0 ], [ 77.738852026668994, 12.973406954839739, 0.0 ], [ 77.738384941368764, 12.973386437659599, 0.0 ], [ 77.737883277673433, 12.9733662836975, 0.0 ], [ 77.737477817742032, 12.973446861709528, 0.0 ], [ 77.737015107995887, 12.973763252757879, 0.0 ], [ 77.736373306945694, 12.973880375484377, 0.0 ], [ 77.736116239726428, 12.973851217633932, 0.0 ], [ 77.735420962094494, 12.973519379843381, 0.0 ], [ 77.73502722686986, 12.97309110138184, 0.0 ], [ 77.734644721284525, 12.972838105336569, 0.0 ], [ 77.734523245419609, 12.972858994419822, 0.0 ], [ 77.734510127366192, 12.973240679640258, 0.0 ], [ 77.734454991375941, 12.973733031487509, 0.0 ], [ 77.734294729421208, 12.974099306408352, 0.0 ], [ 77.734187985183269, 12.974384757528759, 0.0 ], [ 77.734042016676227, 12.974516399325719, 0.0 ], [ 77.733928997216083, 12.974702965667358, 0.0 ] ] ] ] } },
{ "type": "Feature", "properties": { "fid": 93, "year": "present", "condition": true, "Overlap": 0, "custodian": "BBMP", "status": "To Be Developed", "name": "Nyanappanahalli / Akshayanagara Kere", "bbmp_id": 73, "Category": "kere", "area": 12686.174020398408, "perimeter": 589.41665543271461, "area_acres": 3.13, "valley": "Koramangala Challaghatta Valley", "Corporation": "South", "ward_name": "59 - Vijaya Bank Layout", "subvalley": "KC_1", "area_m": 12671 }, "geometry": { "type": "MultiPolygon", "coordinates": [ [ [ [ 77.61332293159802, 12.872441082925608, 0.0 ], [ 77.613363918616741, 12.872543498458068, 0.0 ], [ 77.613502501898196, 12.872263783376139, 0.0 ], [ 77.613555178810827, 12.872132091424968, 0.0 ], [ 77.613809626437416, 12.871928179993732, 0.0 ], [ 77.614323530501849, 12.87200360083669, 0.0 ], [ 77.61479991401346, 12.872089463763167, 0.0 ], [ 77.615015811711984, 12.87219269355804, 0.0 ], [ 77.615111802341573, 12.872146762108432, 0.0 ], [ 77.61510737257268, 12.87204947630258, 0.0 ], [ 77.615129505995384, 12.871874732536391, 0.0 ], [ 77.615027250203482, 12.871580407010729, 0.0 ], [ 77.61502764275464, 12.871561092087768, 0.0 ], [ 77.614759097744269, 12.871452191510809, 0.0 ], [ 77.614607310431296, 12.871329526744168, 0.0 ], [ 77.614531364637514, 12.871263160523542, 0.0 ], [ 77.614312212283508, 12.871241854143985, 0.0 ], [ 77.614117768425132, 12.871294137649059, 0.0 ], [ 77.613820676087329, 12.871344089011419, 0.0 ], [ 77.61372764323211, 12.871395801306251, 0.0 ], [ 77.613412075797925, 12.872187218528316, 0.0 ], [ 77.61332293159802, 12.872441082925608, 0.0 ] ] ] ] } },
{ "type": "Feature", "properties": { "fid": 94, "year": "present", "condition": true, "Overlap": 0, "custodian": "BBMP", "status": "Work in progress", "name": "Panathur Govt Kere", "bbmp_id": 4, "Category": "kere", "area": 67742.523245732766, "perimeter": 1656.3202384942581, "area_acres": 16.74, "valley": "Koramangala Challaghatta Valley", "Corporation": "East", "ward_name": "48 - Panathur", "subvalley": "KC_2", "area_m": 67652 }, "geometry": { "type": "MultiPolygon", "coordinates": [ [ [ [ 77.706238693432383, 12.93359924552623, 0.0 ], [ 77.706369294545581, 12.933538609492489, 0.0 ], [ 77.70641588612996, 12.93334183460281, 0.0 ], [ 77.706509069298832, 12.933039103700212, 0.0 ], [ 77.706633313523895, 12.932796918713679, 0.0 ], [ 77.70683521038967, 12.932736372430321, 0.0 ], [ 77.707176882008753, 12.932569870075312, 0.0 ], [ 77.707442629500036, 12.932294970957891, 0.0 ], [ 77.707523860479355, 12.93206265299558, 0.0 ], [ 77.707605413583892, 12.931860199389789, 0.0 ], [ 77.707655633857968, 12.931575934883323, 0.0 ], [ 77.707697436868315, 12.931217088515439, 0.0 ], [ 77.707595182958883, 12.930912006058472, 0.0 ], [ 77.707527926605181, 12.930322817036199, 0.0 ], [ 77.70749498327983, 12.93009168425669, 0.0 ], [ 77.707383133921695, 12.92993946597154, 0.0 ], [ 77.707037107255488, 12.929905817285558, 0.0 ], [ 77.706850740917844, 12.930087458151991, 0.0 ], [ 77.706788618805291, 12.93020855198942, 0.0 ], [ 77.706742027220898, 12.930390192635468, 0.0 ], [ 77.706742027220869, 12.930511286326039, 0.0 ], [ 77.706742027220884, 12.930708063447959, 0.0 ], [ 77.706648844052083, 12.930814020295438, 0.0 ], [ 77.706478008242541, 12.930950250461837, 0.0 ], [ 77.70632270296116, 12.931010797178596, 0.0 ], [ 77.70613633662353, 12.931086480553869, 0.0 ], [ 77.705981031342134, 12.931131890568029, 0.0 ], [ 77.705934439757712, 12.93128325722218, 0.0 ], [ 77.705934439757712, 12.931631400178262, 0.0 ], [ 77.705981031342134, 12.931843313044199, 0.0 ], [ 77.706043153454701, 12.932463913973409, 0.0 ], [ 77.706043153454715, 12.932857464982369, 0.0 ], [ 77.706105275567239, 12.933099649910098, 0.0 ], [ 77.706105275567239, 12.933372107672849, 0.0 ], [ 77.706105275557775, 12.933630531686539, 0.0 ], [ 77.706238693432383, 12.93359924552623, 0.0 ] ] ], [ [ [ 77.708279300000015, 12.9323363, 0.0 ], [ 77.708507, 12.9322796, 0.0 ], [ 77.7086856, 12.9322239, 0.0 ], [ 77.7087208, 12.9322072, 0.0 ], [ 77.7088225, 12.93215, 0.0 ], [ 77.7090059, 12.9320315, 0.0 ], [ 77.7090754, 12.9318922, 0.0 ], [ 77.7091701, 12.9317278, 0.0 ], [ 77.709261, 12.93157, 0.0 ], [ 77.7092771, 12.9315259, 0.0 ], [ 77.7093045, 12.9314462, 0.0 ], [ 77.7093232, 12.9313734, 0.0 ], [ 77.709322, 12.9313504, 0.0 ], [ 77.7093042, 12.9313258, 0.0 ], [ 77.7091953, 12.9312609, 0.0 ], [ 77.7090281, 12.9311511, 0.0 ], [ 77.7089698, 12.9311128, 0.0 ], [ 77.7090413, 12.9309722, 0.0 ], [ 77.708024900000012, 12.9302621, 0.0 ], [ 77.7078952, 12.9302921, 0.0 ], [ 77.707914800000012, 12.9303903, 0.0 ], [ 77.7079576, 12.9306308, 0.0 ], [ 77.7079829, 12.9308033, 0.0 ], [ 77.7079936, 12.9309172, 0.0 ], [ 77.7080081, 12.9310476, 0.0 ], [ 77.7080217, 12.9312231, 0.0 ], [ 77.7080275, 12.9314826, 0.0 ], [ 77.7080369, 12.9318167, 0.0 ], [ 77.7080306, 12.932044, 0.0 ], [ 77.7080107, 12.9322966, 0.0 ], [ 77.7080023, 12.9323855, 0.0 ], [ 77.7082401, 12.93235, 0.0 ], [ 77.708279300000015, 12.9323363, 0.0 ] ] ] ] } },
{ "type": "Feature", "properties": { "fid": 95, "year": "present", "condition": true, "Overlap": 0, "custodian": "BBMP", "status": "Developed lake", "name": "Parapana Agahara Kere", "bbmp_id": 98, "Category": "kere", "area": 53669.227859314531, "perimeter": 1253.0788340932968, "area_acres": 13.26, "valley": "Koramangala Challaghatta Valley", "Corporation": "South", "ward_name": "33 - Naganathapura", "subvalley": "KC_2", "area_m": 53601 }, "geometry": { "type": "MultiPolygon", "coordinates": [ [ [ [ 77.661266296015484, 12.877511127390079, 0.0 ], [ 77.661065033135316, 12.877524357431898, 0.0 ], [ 77.660439107047338, 12.877573271647918, 0.0 ], [ 77.66023800414176, 12.87759146603848, 0.0 ], [ 77.659972836748722, 12.877470725372991, 0.0 ], [ 77.659891086092742, 12.877500855431949, 0.0 ], [ 77.659648849261032, 12.877519177452269, 0.0 ], [ 77.659789159788801, 12.877748029902218, 0.0 ], [ 77.659887313554037, 12.877908122526087, 0.0 ], [ 77.659970700961921, 12.878249721806741, 0.0 ], [ 77.660119885849738, 12.878683602246729, 0.0 ], [ 77.660209912241982, 12.87918168075592, 0.0 ], [ 77.660273615531437, 12.879547940210067, 0.0 ], [ 77.660282629317848, 12.879929431604598, 0.0 ], [ 77.660264044861478, 12.880058371336709, 0.0 ], [ 77.66031230981514, 12.88037920222377, 0.0 ], [ 77.660314633778285, 12.880599322622649, 0.0 ], [ 77.660320394340417, 12.88067264542067, 0.0 ], [ 77.660498698762439, 12.880558315369409, 0.0 ], [ 77.660542538854997, 12.880460028062517, 0.0 ], [ 77.660520839277766, 12.880293917581531, 0.0 ], [ 77.660538665318754, 12.880093160793091, 0.0 ], [ 77.660572814733243, 12.879954812353947, 0.0 ], [ 77.661097266247879, 12.879632519335022, 0.0 ], [ 77.661818598121073, 12.879285711476998, 0.0 ], [ 77.661942555608235, 12.879267050339099, 0.0 ], [ 77.662229135821562, 12.879156264320919, 0.0 ], [ 77.66228617036117, 12.879215320660352, 0.0 ], [ 77.662380572051745, 12.87933083938122, 0.0 ], [ 77.662406793359438, 12.87945287478478, 0.0 ], [ 77.662462723184888, 12.879555039733079, 0.0 ], [ 77.662584296308793, 12.879734810373231, 0.0 ], [ 77.662664121918738, 12.879738890606687, 0.0 ], [ 77.662782852408355, 12.879649625590531, 0.0 ], [ 77.662779433459036, 12.87964438052213, 0.0 ], [ 77.662804962748623, 12.879639855610188, 0.0 ], [ 77.662759517894656, 12.879538595058097, 0.0 ], [ 77.662603706966678, 12.879177854008709, 0.0 ], [ 77.66240894330673, 12.878969003690127, 0.0 ], [ 77.662045384474837, 12.878462699165018, 0.0 ], [ 77.661785699594915, 12.877994366568577, 0.0 ], [ 77.661675333520932, 12.877677925129571, 0.0 ], [ 77.661545491080958, 12.877475402398924, 0.0 ], [ 77.661376695909013, 12.877412114012024, 0.0 ], [ 77.661266296015484, 12.877511127390079, 0.0 ] ] ] ] } },
{ "type": "Feature", "properties": { "fid": 96, "year": "present", "condition": true, "Overlap": 0, "custodian": "BBMP", "status": null, "name": "Pattaduru Agrahara kere - 124", "bbmp_id": 30, "Category": "kere", "area": 36560.543342188001, "perimeter": 841.31257992082294, "area_acres": 9.03, "valley": "Koramangala Challaghatta Valley", "Corporation": "East", "ward_name": "33 - S.M Krishna Ward", "subvalley": "KC_2", "area_m": 36510 }, "geometry": { "type": "MultiPolygon", "coordinates": [ [ [ [ 77.738926414437586, 12.981068602728111, 0.0 ], [ 77.739062752073366, 12.981056871275268, 0.0 ], [ 77.738980470758975, 12.980781962148511, 0.0 ], [ 77.739035141611353, 12.980551407430008, 0.0 ], [ 77.739158932796556, 12.980364998122248, 0.0 ], [ 77.739256343679131, 12.98005802416345, 0.0 ], [ 77.739270987648581, 12.979811165348231, 0.0 ], [ 77.739267762458368, 12.979516857056247, 0.0 ], [ 77.73926564843137, 12.979323941805552, 0.0 ], [ 77.739265119655059, 12.979275687906751, 0.0 ], [ 77.7391272717296, 12.979041552834159, 0.0 ], [ 77.73910169169676, 12.97879501613062, 0.0 ], [ 77.738934813800313, 12.978540952886307, 0.0 ], [ 77.738797643486919, 12.978719773691759, 0.0 ], [ 77.738483788272774, 12.979227763499017, 0.0 ], [ 77.73796033723211, 12.979553069519346, 0.0 ], [ 77.737431168180109, 12.979805449738789, 0.0 ], [ 77.736993073023697, 12.980017605343061, 0.0 ], [ 77.737079988143748, 12.980216140553184, 0.0 ], [ 77.737139734451745, 12.980352615355608, 0.0 ], [ 77.737136529090989, 12.980405243918307, 0.0 ], [ 77.7377273179914, 12.980733464132058, 0.0 ], [ 77.738244123669489, 12.980918733696006, 0.0 ], [ 77.738685168474234, 12.980975788058119, 0.0 ], [ 77.738926414437586, 12.981068602728111, 0.0 ] ] ] ] } },
{ "type": "Feature", "properties": { "fid": 97, "year": "present", "condition": true, "Overlap": 0, "custodian": "BBMP", "status": "Work in progress", "name": "Siddapura kere", "bbmp_id": 17, "Category": "kere", "area": 71866.911993302405, "perimeter": 1470.6085730091713, "area_acres": 17.76, "valley": "Koramangala Challaghatta Valley", "Corporation": "East", "ward_name": "37 - Kundalahalli", "subvalley": "KC_2", "area_m": 71769 }, "geometry": { "type": "MultiPolygon", "coordinates": [ [ [ [ 77.724553231951603, 12.959030567213887, 0.0 ], [ 77.724445437311616, 12.95906935644048, 0.0 ], [ 77.72426626375011, 12.959284864571581, 0.0 ], [ 77.724224718503294, 12.959470447884346, 0.0 ], [ 77.724235387213255, 12.959783664465629, 0.0 ], [ 77.724385157037503, 12.96020224153966, 0.0 ], [ 77.724504260481424, 12.960471596449079, 0.0 ], [ 77.724623984155841, 12.960797913508578, 0.0 ], [ 77.724786858674747, 12.960517368517102, 0.0 ], [ 77.724992511917975, 12.959968008689978, 0.0 ], [ 77.725188917502891, 12.960001557865946, 0.0 ], [ 77.725377133094554, 12.959949739557649, 0.0 ], [ 77.725536153864212, 12.959883984655777, 0.0 ], [ 77.725932503774203, 12.95960923277843, 0.0 ], [ 77.726003552459005, 12.959466066971459, 0.0 ], [ 77.726132447733036, 12.959300932074688, 0.0 ], [ 77.726349934683242, 12.959270169888448, 0.0 ], [ 77.72657922757935, 12.958990045926189, 0.0 ], [ 77.727046903593916, 12.957931226709368, 0.0 ], [ 77.727160424802278, 12.957687920718639, 0.0 ], [ 77.72726128723636, 12.957615653274189, 0.0 ], [ 77.727303140290118, 12.957458551035192, 0.0 ], [ 77.727230456668337, 12.957306934629639, 0.0 ], [ 77.726981536145061, 12.957262529708336, 0.0 ], [ 77.726727751870783, 12.957293672259727, 0.0 ], [ 77.726278726849898, 12.957398070100268, 0.0 ], [ 77.725320194162336, 12.957386743004832, 0.0 ], [ 77.724909067394364, 12.957390250434676, 0.0 ], [ 77.724812146756179, 12.95730340991201, 0.0 ], [ 77.724266848856146, 12.956979138206512, 0.0 ], [ 77.724109791139483, 12.956915176629819, 0.0 ], [ 77.723819707028355, 12.956946696159177, 0.0 ], [ 77.723873665209098, 12.957287631161028, 0.0 ], [ 77.724027474954227, 12.957357546038146, 0.0 ], [ 77.724303814348147, 12.957397380994328, 0.0 ], [ 77.72431910867968, 12.957468431912938, 0.0 ], [ 77.724459524950234, 12.95769483753133, 0.0 ], [ 77.724549277335498, 12.957936015463551, 0.0 ], [ 77.724749812559338, 12.95809806466481, 0.0 ], [ 77.724870338801836, 12.958082198019198, 0.0 ], [ 77.725001946372856, 12.958166273525368, 0.0 ], [ 77.725112859237839, 12.958350260878699, 0.0 ], [ 77.725013158071064, 12.958529331890709, 0.0 ], [ 77.724623680834412, 12.95876840484039, 0.0 ], [ 77.724553231951603, 12.959030567213887, 0.0 ] ] ] ] } },
{ "type": "Feature", "properties": { "fid": 98, "year": "present", "condition": true, "Overlap": 0, "custodian": "BBMP", "status": null, "name": "Subbarayana Kere", "bbmp_id": 88, "Category": "gokatte", "area": 11505.996231798083, "perimeter": 533.1686962627964, "area_acres": 2.84, "valley": "Koramangala Challaghatta Valley", "Corporation": "South", "ward_name": "41 - Kothanur", "subvalley": "KC_1", "area_m": 11493 }, "geometry": { "type": "MultiPolygon", "coordinates": [ [ [ [ 77.584417267281083, 12.864029920437698, 0.0 ], [ 77.584425729691588, 12.864035487619756, 0.0 ], [ 77.584679140347305, 12.864059602139589, 0.0 ], [ 77.584829024615388, 12.86416495293488, 0.0 ], [ 77.585001120903129, 12.864312816089116, 0.0 ], [ 77.585096984852257, 12.864459054334008, 0.0 ], [ 77.58527134356379, 12.864550145858882, 0.0 ], [ 77.585331760516667, 12.864567989107877, 0.0 ], [ 77.585465072074385, 12.864607360633467, 0.0 ], [ 77.585481174015356, 12.864407788065968, 0.0 ], [ 77.585358998747836, 12.864070697218819, 0.0 ], [ 77.585121490632261, 12.863573543692812, 0.0 ], [ 77.585131213499821, 12.863539407254297, 0.0 ], [ 77.585067992053169, 12.863400550636408, 0.0 ], [ 77.585052308750932, 12.863286754556871, 0.0 ], [ 77.585050557903216, 12.863115845701177, 0.0 ], [ 77.585102101411906, 12.86271293361736, 0.0 ], [ 77.585079169582315, 12.86268355424183, 0.0 ], [ 77.584995666628487, 12.862717559374721, 0.0 ], [ 77.58487333816403, 12.86282203353141, 0.0 ], [ 77.584737150037867, 12.862990741621068, 0.0 ], [ 77.584683663127763, 12.863083854025769, 0.0 ], [ 77.584608803276879, 12.863216347747029, 0.0 ], [ 77.584487734710734, 12.86356526907317, 0.0 ], [ 77.584471972766451, 12.863593096563088, 0.0 ], [ 77.584417267281083, 12.864029920437698, 0.0 ] ] ] ] } },
{ "type": "Feature", "properties": { "fid": 99, "year": "present", "condition": true, "Overlap": 0, "custodian": "BBMP", "status": "Developed lake", "name": "Ulsoor Kere", "bbmp_id": 52, "Category": "kere", "area": 368678.7698497586, "perimeter": 2970.2345090658646, "area_acres": 91.1, "valley": "Koramangala Challaghatta Valley", "Corporation": "Central", "ward_name": "7 - K Kamaraj Ward", "subvalley": "KC_1", "area_m": 368237 }, "geometry": { "type": "MultiPolygon", "coordinates": [ [ [ [ 77.619857359485735, 12.98612000773916, 0.0 ], [ 77.619886040890876, 12.986731271153561, 0.0 ], [ 77.620222376231226, 12.986946290911781, 0.0 ], [ 77.621138640602325, 12.987242824347963, 0.0 ], [ 77.622007846008614, 12.98729957667064, 0.0 ], [ 77.622297581104277, 12.987318493447601, 0.0 ], [ 77.622111630938178, 12.986577771919441, 0.0 ], [ 77.622058153764769, 12.9857265075147, 0.0 ], [ 77.621873581244913, 12.985116818313267, 0.0 ], [ 77.621732403190506, 12.9843974852751, 0.0 ], [ 77.621774192634277, 12.984134969980076, 0.0 ], [ 77.621680532923364, 12.983699092133978, 0.0 ], [ 77.621833669179537, 12.98343545347541, 0.0 ], [ 77.622165876214481, 12.98325737250701, 0.0 ], [ 77.622140399084572, 12.982951853702501, 0.0 ], [ 77.622285744161417, 12.98194569503435, 0.0 ], [ 77.622394569768275, 12.981704344532028, 0.0 ], [ 77.622347511093821, 12.981464566893422, 0.0 ], [ 77.621963666494068, 12.980966093290521, 0.0 ], [ 77.621424397945958, 12.980512868689912, 0.0 ], [ 77.620996018650132, 12.980014842161168, 0.0 ], [ 77.620713992311238, 12.979668227237077, 0.0 ], [ 77.620452862324854, 12.97919035421055, 0.0 ], [ 77.620201036920633, 12.978537657577409, 0.0 ], [ 77.620182235365021, 12.977806167841338, 0.0 ], [ 77.62006665731343, 12.97740327097692, 0.0 ], [ 77.620019945674017, 12.977196250568621, 0.0 ], [ 77.619595999915532, 12.97818337576556, 0.0 ], [ 77.618995386423066, 12.979314248554379, 0.0 ], [ 77.618436904579369, 12.980215363868412, 0.0 ], [ 77.618272859811555, 12.98050095194453, 0.0 ], [ 77.617929174632025, 12.98064638159298, 0.0 ], [ 77.617451530845202, 12.980760398086581, 0.0 ], [ 77.617218390354054, 12.980828269430909, 0.0 ], [ 77.616831422893583, 12.981094260356366, 0.0 ], [ 77.616609302142365, 12.981151099676103, 0.0 ], [ 77.616378561159252, 12.98144827909899, 0.0 ], [ 77.616046122111399, 12.981604514077741, 0.0 ], [ 77.615914449150253, 12.981791489892919, 0.0 ], [ 77.615816637103364, 12.982021807339731, 0.0 ], [ 77.615953681629151, 12.982348046448879, 0.0 ], [ 77.616513959031295, 12.982680945216529, 0.0 ], [ 77.617704071076574, 12.983608132076448, 0.0 ], [ 77.61831106584286, 12.984148046719309, 0.0 ], [ 77.618906356244352, 12.984633474457061, 0.0 ], [ 77.6194829278584, 12.985457627287291, 0.0 ], [ 77.619857359485735, 12.98612000773916, 0.0 ] ] ] ] } },
{ "type": "Feature", "properties": { "fid": 100, "year": "present", "condition": true, "Overlap": 0, "custodian": "BBMP", "status": "Work in progress", "name": "Vibhutipura kere", "bbmp_id": 40, "Category": "kere", "area": 125777.49396315962, "perimeter": 2188.8771675849484, "area_acres": 31.08, "valley": "Koramangala Challaghatta Valley", "Corporation": "East", "ward_name": "24 - Vignananagara", "subvalley": "KC_2", "area_m": 125616 }, "geometry": { "type": "MultiPolygon", "coordinates": [ [ [ [ 77.678025941829475, 12.967521611612518, 0.0 ], [ 77.67796378727256, 12.967046502625548, 0.0 ], [ 77.677988326273621, 12.966673113715768, 0.0 ], [ 77.677918118404719, 12.96617249211333, 0.0 ], [ 77.67752682859944, 12.96621144306112, 0.0 ], [ 77.677081029465811, 12.966327971442317, 0.0 ], [ 77.676708724023896, 12.966741661690328, 0.0 ], [ 77.676077709881312, 12.966761240991907, 0.0 ], [ 77.675946170111914, 12.96676532225622, 0.0 ], [ 77.675289313917247, 12.966887449927631, 0.0 ], [ 77.675169054714189, 12.96691375738482, 0.0 ], [ 77.674795958754203, 12.967004463810799, 0.0 ], [ 77.674547260130154, 12.96701620306354, 0.0 ], [ 77.67431321010443, 12.967223980574429, 0.0 ], [ 77.674172943051488, 12.96744930483132, 0.0 ], [ 77.674195353570056, 12.967766241213042, 0.0 ], [ 77.674396771925799, 12.967922754005459, 0.0 ], [ 77.674781485437236, 12.968319921184872, 0.0 ], [ 77.675069286887307, 12.968785680517289, 0.0 ], [ 77.675284217935044, 12.969079682425741, 0.0 ], [ 77.675399427120453, 12.969284314313381, 0.0 ], [ 77.67800507035227, 12.969126312468372, 0.0 ], [ 77.6780160137114, 12.969260063493488, 0.0 ], [ 77.677999553245172, 12.969499505527359, 0.0 ], [ 77.678276860797695, 12.969636576452929, 0.0 ], [ 77.67865322866426, 12.969253501664129, 0.0 ], [ 77.67871980346618, 12.969252816008771, 0.0 ], [ 77.678850221290631, 12.968996340930737, 0.0 ], [ 77.679901376834323, 12.9689485728622, 0.0 ], [ 77.680621001055115, 12.969146009865879, 0.0 ], [ 77.680877688613165, 12.969134036126807, 0.0 ], [ 77.682009055088002, 12.969085060045668, 0.0 ], [ 77.681692704701931, 12.968855112064871, 0.0 ], [ 77.681273237340406, 12.968766152235521, 0.0 ], [ 77.679854753986859, 12.968650171822409, 0.0 ], [ 77.679027528063244, 12.968677349321927, 0.0 ], [ 77.678389615803582, 12.968618619412711, 0.0 ], [ 77.678025941829475, 12.967521611612518, 0.0 ] ] ] ] } },
{ "type": "Feature", "properties": { "fid": 101, "year": "present", "condition": true, "Overlap": 0, "custodian": "BBMP", "status": null, "name": "Mangammana Palya Kere", "bbmp_id": 63, "Category": "kere", "area": 18637.523268332501, "perimeter": 548.62777174316375, "area_acres": 4.61, "valley": "Koramangala Challaghatta Valley", "Corporation": "South", "ward_name": "68 - Mangammana Palya", "subvalley": "KC_1", "area_m": 18615 }, "geometry": { "type": "MultiPolygon", "coordinates": [ [ [ [ 77.639152055302475, 12.90141150247897, 0.0 ], [ 77.639133651352097, 12.901394514659229, 0.0 ], [ 77.639096398926981, 12.901360128687809, 0.0 ], [ 77.639037406171553, 12.901425259448569, 0.0 ], [ 77.639029357583638, 12.901523290449621, 0.0 ], [ 77.63898489734143, 12.90175367080588, 0.0 ], [ 77.638836760558632, 12.90252773621733, 0.0 ], [ 77.638792290068082, 12.902721298286366, 0.0 ], [ 77.638747100022883, 12.902917992110076, 0.0 ], [ 77.638872180032834, 12.902957795708971, 0.0 ], [ 77.638933871190773, 12.902947422246161, 0.0 ], [ 77.63893765399493, 12.902942112290527, 0.0 ], [ 77.639072564420744, 12.902960692370609, 0.0 ], [ 77.639450282368784, 12.902920089219608, 0.0 ], [ 77.639840209831561, 12.902851770467501, 0.0 ], [ 77.639907540340644, 12.90271619738002, 0.0 ], [ 77.639916773645595, 12.902683797764727, 0.0 ], [ 77.639982893981184, 12.902451781714857, 0.0 ], [ 77.639987095448348, 12.902400128536478, 0.0 ], [ 77.640010842197398, 12.902379815688748, 0.0 ], [ 77.640130561415333, 12.901799486287947, 0.0 ], [ 77.640124090106269, 12.90178687041645, 0.0 ], [ 77.640030256124632, 12.901714329143022, 0.0 ], [ 77.639858766434074, 12.901613402118898, 0.0 ], [ 77.639616092343672, 12.901607094178541, 0.0 ], [ 77.639405774798618, 12.90146201150637, 0.0 ], [ 77.639150158090061, 12.901405240003053, 0.0 ], [ 77.639152055302475, 12.90141150247897, 0.0 ] ] ] ] } },
{ "type": "Feature", "properties": { "fid": 102, "year": "present", "condition": true, "Overlap": 0, "custodian": "BBMP", "status": null, "name": "Kudlu Chikka Kere", "bbmp_id": 102, "Category": "kere", "area": 30190.948113580875, "perimeter": 882.18131248836062, "area_acres": 7.46, "valley": "Koramangala Challaghatta Valley", "Corporation": "South", "ward_name": "32 - Kudlu", "subvalley": "KC_2", "area_m": 30153 }, "geometry": { "type": "MultiPolygon", "coordinates": [ [ [ [ 77.655579203219759, 12.892411524919471, 0.0 ], [ 77.655616162636647, 12.892290574750129, 0.0 ], [ 77.655643178570841, 12.89192188594043, 0.0 ], [ 77.655622542150709, 12.891747545307123, 0.0 ], [ 77.655630486845098, 12.89173529217865, 0.0 ], [ 77.655716504132684, 12.891485654323031, 0.0 ], [ 77.65578567852782, 12.891188688153406, 0.0 ], [ 77.655851903961718, 12.89093030653596, 0.0 ], [ 77.655857191535148, 12.890746472341528, 0.0 ], [ 77.655758863333361, 12.890701233839811, 0.0 ], [ 77.655693417695204, 12.89072047234993, 0.0 ], [ 77.655614734639627, 12.890733306176712, 0.0 ], [ 77.655510072745884, 12.890726776531819, 0.0 ], [ 77.655430597712879, 12.890759037977459, 0.0 ], [ 77.655338696341659, 12.890758968412667, 0.0 ], [ 77.655260200276487, 12.89075243055524, 0.0 ], [ 77.655168675108072, 12.890745889888429, 0.0 ], [ 77.655051184404996, 12.890739055922449, 0.0 ], [ 77.654933905647169, 12.890732176714499, 0.0 ], [ 77.654870933593642, 12.890699871671048, 0.0 ], [ 77.654787736790226, 12.890680481465949, 0.0 ], [ 77.654701676509944, 12.890693433462067, 0.0 ], [ 77.6545564326142, 12.890706547759708, 0.0 ], [ 77.654464672743003, 12.890706750167791, 0.0 ], [ 77.654358066736137, 12.890725729251869, 0.0 ], [ 77.654237604225727, 12.890750875538558, 0.0 ], [ 77.654162537391613, 12.890776285368101, 0.0 ], [ 77.654128171212008, 12.890840837572247, 0.0 ], [ 77.654117405240143, 12.890925862302268, 0.0 ], [ 77.654133984316658, 12.891005459573648, 0.0 ], [ 77.654164174513355, 12.891086103804469, 0.0 ], [ 77.654205508007934, 12.891133721406851, 0.0 ], [ 77.654237250004712, 12.891209089445729, 0.0 ], [ 77.654276327877284, 12.89134785380924, 0.0 ], [ 77.654296171180178, 12.891418315838752, 0.0 ], [ 77.654317699117797, 12.891475269409629, 0.0 ], [ 77.654346691640356, 12.891597711164328, 0.0 ], [ 77.654345599887094, 12.891677886317199, 0.0 ], [ 77.65435780931324, 12.891766553101078, 0.0 ], [ 77.654365100467416, 12.891834124739541, 0.0 ], [ 77.654386649016047, 12.891902550097468, 0.0 ], [ 77.654393398348532, 12.891979168839939, 0.0 ], [ 77.654474141173225, 12.89203426818424, 0.0 ], [ 77.654568656455396, 12.892105662882461, 0.0 ], [ 77.654621317678249, 12.892169348330629, 0.0 ], [ 77.654703609925363, 12.892234027682299, 0.0 ], [ 77.65481389620949, 12.892331933509174, 0.0 ], [ 77.654915001296231, 12.89236514181249, 0.0 ], [ 77.655021481862263, 12.892447754019619, 0.0 ], [ 77.655115619938186, 12.892505276172471, 0.0 ], [ 77.655173720560029, 12.892546436938231, 0.0 ], [ 77.655269096997358, 12.89260454250201, 0.0 ], [ 77.655334620728482, 12.892679441214019, 0.0 ], [ 77.655409482004899, 12.892704993073281, 0.0 ], [ 77.655498895819136, 12.89278105715568, 0.0 ], [ 77.655574232087019, 12.892832309034345, 0.0 ], [ 77.655634277610147, 12.89294362630004, 0.0 ], [ 77.655695325787661, 12.893021773160182, 0.0 ], [ 77.655819024614161, 12.893109998730489, 0.0 ], [ 77.65588173546351, 12.89320696864754, 0.0 ], [ 77.655952460089651, 12.893251682669797, 0.0 ], [ 77.656000023971231, 12.893296424281528, 0.0 ], [ 77.656055716599028, 12.893341481781617, 0.0 ], [ 77.656123154412114, 12.89333188538088, 0.0 ], [ 77.655729372622858, 12.89277198581317, 0.0 ], [ 77.655661818869717, 12.892662437125479, 0.0 ], [ 77.655584810109673, 12.892419209589299, 0.0 ], [ 77.655579203219759, 12.892411524919471, 0.0 ] ] ] ] } },
{ "type": "Feature", "properties": { "fid": 103, "year": "present", "condition": true, "Overlap": 0, "custodian": "BBMP", "status": "To Be Developed", "name": "Subbedarana kere", "bbmp_id": 83, "Category": "kere", "area": 37778.088668238372, "perimeter": 939.78893160538075, "area_acres": 9.33, "valley": "Koramangala Challaghatta Valley", "Corporation": "South", "ward_name": "37 - Yelenahalli", "subvalley": "KC_1", "area_m": 37733 }, "geometry": { "type": "MultiPolygon", "coordinates": [ [ [ [ 77.617192013627147, 12.858530427442968, 0.0 ], [ 77.616903043602676, 12.858780981285378, 0.0 ], [ 77.616640866657292, 12.858976936047632, 0.0 ], [ 77.61623052637627, 12.85923341008232, 0.0 ], [ 77.615875719840886, 12.859609949573011, 0.0 ], [ 77.615610486313003, 12.859749485989942, 0.0 ], [ 77.615465998793212, 12.85980845754008, 0.0 ], [ 77.615318785133226, 12.859929383843742, 0.0 ], [ 77.615252850022543, 12.860097289487237, 0.0 ], [ 77.615232923305001, 12.860291254145512, 0.0 ], [ 77.61531485144657, 12.860655219104579, 0.0 ], [ 77.615548538867174, 12.860770896099458, 0.0 ], [ 77.615780860895669, 12.860813475546848, 0.0 ], [ 77.615810900892015, 12.860675448549468, 0.0 ], [ 77.616096482868386, 12.860671572859347, 0.0 ], [ 77.616321392075605, 12.860688951878886, 0.0 ], [ 77.616642611003655, 12.860546605865171, 0.0 ], [ 77.616746531997649, 12.860460968248672, 0.0 ], [ 77.616791850341556, 12.860415332714458, 0.0 ], [ 77.616929536833965, 12.860288162318509, 0.0 ], [ 77.61726397700761, 12.860189781859871, 0.0 ], [ 77.617824625990082, 12.860222957252146, 0.0 ], [ 77.618219863732065, 12.860300233611747, 0.0 ], [ 77.618256961396938, 12.860216234055459, 0.0 ], [ 77.618214991406063, 12.860171192895226, 0.0 ], [ 77.618118928110434, 12.860094451656908, 0.0 ], [ 77.617906882723688, 12.859975834910658, 0.0 ], [ 77.617620770794247, 12.859743887851709, 0.0 ], [ 77.617446662916123, 12.859514620935121, 0.0 ], [ 77.617366561784095, 12.859265527393861, 0.0 ], [ 77.617361586941385, 12.859077777954978, 0.0 ], [ 77.617358600597214, 12.858606248309799, 0.0 ], [ 77.617192013627147, 12.858530427442968, 0.0 ] ] ] ] } },
{ "type": "Feature", "properties": { "fid": 104, "year": "present", "condition": true, "Overlap": 0, "custodian": "BBMP", "status": "To Be Developed", "name": "Mestripalya Kere", "bbmp_id": 165, "Category": "kere", "area": 24988.765789359808, "perimeter": 728.73796169679713, "area_acres": 6.17, "valley": "Koramangala Challaghatta Valley", "Corporation": "South", "ward_name": "28 - Kormangala East", "subvalley": "KC_1", "area_m": 24959 }, "geometry": { "type": "MultiPolygon", "coordinates": [ [ [ [ 77.625769023433264, 12.93140149108708, 0.0 ], [ 77.625121798118101, 12.931475499759861, 0.0 ], [ 77.625166605283653, 12.931519181428378, 0.0 ], [ 77.625240539773841, 12.931964943895608, 0.0 ], [ 77.625387670907571, 12.932312902858829, 0.0 ], [ 77.625632085219138, 12.932953866372809, 0.0 ], [ 77.625742982676016, 12.933131083164641, 0.0 ], [ 77.626131068094054, 12.932958919071782, 0.0 ], [ 77.626291986321078, 12.932686515494957, 0.0 ], [ 77.626452906447312, 12.932389344748868, 0.0 ], [ 77.6266561415746, 12.9321830228943, 0.0 ], [ 77.626791749257222, 12.93192696751268, 0.0 ], [ 77.627204876819519, 12.931615719943407, 0.0 ], [ 77.62736538249645, 12.931433241267278, 0.0 ], [ 77.627355874900516, 12.931264178727162, 0.0 ], [ 77.627192762646146, 12.931280381638089, 0.0 ], [ 77.626966299111544, 12.931389435689496, 0.0 ], [ 77.626388365277393, 12.93148261551916, 0.0 ], [ 77.625769023433264, 12.93140149108708, 0.0 ] ] ] ] } },
{ "type": "Feature", "properties": { "fid": 105, "year": "present", "condition": true, "Overlap": 0, "custodian": "BBMP", "status": "To Be Developed", "name": "Gunjur mouji kere", "bbmp_id": 32, "Category": "kere", "area": 208552.95795550942, "perimeter": 2089.816297462256, "area_acres": 51.53, "valley": "Koramangala Challaghatta Valley", "Corporation": "East", "ward_name": "50 - Gunjur", "subvalley": "KC_2", "area_m": 208264 }, "geometry": { "type": "MultiPolygon", "coordinates": [ [ [ [ 77.738218288870442, 12.917992076904262, 0.0 ], [ 77.738911460955734, 12.91821832452028, 0.0 ], [ 77.739134118951696, 12.918327486889588, 0.0 ], [ 77.740373979687931, 12.918646359753717, 0.0 ], [ 77.741713031169013, 12.919417045320911, 0.0 ], [ 77.741912183960991, 12.919196080330908, 0.0 ], [ 77.742387207457355, 12.91859570337756, 0.0 ], [ 77.743003059562426, 12.918157155276928, 0.0 ], [ 77.74335386942964, 12.917808045992381, 0.0 ], [ 77.744017030279736, 12.91775670785724, 0.0 ], [ 77.74418116884965, 12.9176867092833, 0.0 ], [ 77.743674749329003, 12.917392025189132, 0.0 ], [ 77.743017351237498, 12.91715488769082, 0.0 ], [ 77.741801961915883, 12.916257022698238, 0.0 ], [ 77.741303107697391, 12.915624956947127, 0.0 ], [ 77.74087728898941, 12.9147532893278, 0.0 ], [ 77.740511535251528, 12.914291472694389, 0.0 ], [ 77.740048019929844, 12.914143836680401, 0.0 ], [ 77.739606565264751, 12.91350606858866, 0.0 ], [ 77.739415039087845, 12.913541197539676, 0.0 ], [ 77.739233965687873, 12.914059579583219, 0.0 ], [ 77.738869731984295, 12.914786828942548, 0.0 ], [ 77.737998743579837, 12.91635542542994, 0.0 ], [ 77.737495405626817, 12.917202580433397, 0.0 ], [ 77.737601888981516, 12.917207534229902, 0.0 ], [ 77.737936129358005, 12.917288835624436, 0.0 ], [ 77.738198244939127, 12.917357538752141, 0.0 ], [ 77.738218288870442, 12.917992076904262, 0.0 ] ] ] ] } },
{ "type": "Feature", "properties": { "fid": 106, "year": "present", "condition": true, "Overlap": 0, "custodian": "BBMP", "status": "To Be Developed", "name": "Abbigere Kere", "bbmp_id": 172, "Category": "kere", "area": 130494.36390925571, "perimeter": 2147.0070514779418, "area_acres": 32.24, "valley": "Arkavathi Valley", "Corporation": "North", "ward_name": "65 - Abbigere", "subvalley": "AV_1", "area_m": 130356 }, "geometry": { "type": "MultiPolygon", "coordinates": [ [ [ [ 77.529388771340592, 13.081269498659939, 0.0 ], [ 77.529993595350135, 13.08190872009404, 0.0 ], [ 77.530345733292876, 13.081017298512219, 0.0 ], [ 77.530492352520241, 13.081066414973687, 0.0 ], [ 77.531127739764912, 13.081006107733948, 0.0 ], [ 77.531382893800966, 13.080737505894744, 0.0 ], [ 77.531586749091758, 13.08049958752051, 0.0 ], [ 77.531534667346378, 13.080449544367758, 0.0 ], [ 77.530394720391854, 13.080764047883388, 0.0 ], [ 77.530366874460171, 13.080562104640006, 0.0 ], [ 77.530399446558505, 13.080384846057669, 0.0 ], [ 77.530501460644544, 13.080274312042771, 0.0 ], [ 77.53069079298858, 13.080297732638419, 0.0 ], [ 77.531215490988458, 13.080129022320891, 0.0 ], [ 77.53126872701209, 13.079896836167599, 0.0 ], [ 77.53150983286379, 13.079556872851111, 0.0 ], [ 77.531565169755069, 13.079227522871358, 0.0 ], [ 77.531726052672312, 13.07899002607936, 0.0 ], [ 77.531643797083007, 13.078743817641202, 0.0 ], [ 77.531431698888085, 13.078782271314228, 0.0 ], [ 77.53118934080878, 13.078616134615308, 0.0 ], [ 77.530455965915507, 13.078856369754838, 0.0 ], [ 77.530143607186687, 13.078815747009948, 0.0 ], [ 77.529446514746738, 13.078810158770617, 0.0 ], [ 77.5289538937065, 13.0785453638424, 0.0 ], [ 77.528577965068891, 13.078196577139552, 0.0 ], [ 77.527860856413128, 13.077833360278659, 0.0 ], [ 77.527671923303643, 13.077805621353122, 0.0 ], [ 77.527002271867815, 13.077952036584396, 0.0 ], [ 77.526862099149142, 13.07796717967223, 0.0 ], [ 77.525369939841127, 13.078128375338638, 0.0 ], [ 77.525302495675746, 13.078229724322528, 0.0 ], [ 77.525215156281817, 13.078405318838934, 0.0 ], [ 77.52523854759481, 13.078514302529248, 0.0 ], [ 77.525507903769395, 13.078708249706969, 0.0 ], [ 77.526399976480874, 13.078786889621872, 0.0 ], [ 77.527340614141593, 13.079258215342689, 0.0 ], [ 77.527881779858433, 13.079886347156828, 0.0 ], [ 77.528309768693035, 13.08034084645594, 0.0 ], [ 77.528916219518038, 13.08081543848586, 0.0 ], [ 77.529388771340592, 13.081269498659939, 0.0 ] ] ] ] } },
{ "type": "Feature", "properties": { "fid": 107, "year": "present", "condition": true, "Overlap": 0, "custodian": "BBMP", "status": "Developed Lake", "name": "Handrahalli kere", "bbmp_id": 103, "Category": "kere", "area": 45230.501630893908, "perimeter": 888.74084839732291, "area_acres": 11.18, "valley": "Arkavathi Valley", "Corporation": "West", "ward_name": "12 - Andrahalli", "subvalley": "AV_2", "area_m": 45185 }, "geometry": { "type": "MultiPolygon", "coordinates": [ [ [ [ 77.485499881018413, 13.011944995112296, 0.0 ], [ 77.485995186266237, 13.01177698295894, 0.0 ], [ 77.487464655515126, 13.011497514932502, 0.0 ], [ 77.487515588002879, 13.011206701101406, 0.0 ], [ 77.487511449010128, 13.010791720565129, 0.0 ], [ 77.487396375466204, 13.010421490138098, 0.0 ], [ 77.487332381663393, 13.010375379586579, 0.0 ], [ 77.48731913130456, 13.010257035837768, 0.0 ], [ 77.487206236766411, 13.010187038048569, 0.0 ], [ 77.486892586766487, 13.01020675409057, 0.0 ], [ 77.486888079431637, 13.010207037418919, 0.0 ], [ 77.486523737967588, 13.010262035679098, 0.0 ], [ 77.486370347807622, 13.010044973550301, 0.0 ], [ 77.486308212031133, 13.00995704517349, 0.0 ], [ 77.486092089807215, 13.00994876444418, 0.0 ], [ 77.485920843630595, 13.009889555018848, 0.0 ], [ 77.485473621413803, 13.009719094742691, 0.0 ], [ 77.485183623600932, 13.009678186679139, 0.0 ], [ 77.485052808208707, 13.009963401566537, 0.0 ], [ 77.485245754862447, 13.010387181324278, 0.0 ], [ 77.485276766478009, 13.010747019808939, 0.0 ], [ 77.485297292757664, 13.011511992848538, 0.0 ], [ 77.485312687467413, 13.011766983337271, 0.0 ], [ 77.485384529446264, 13.011851980108577, 0.0 ], [ 77.485490014065803, 13.011898963504429, 0.0 ], [ 77.485499881018413, 13.011944995112296, 0.0 ] ] ] ] } },
{ "type": "Feature", "properties": { "fid": 108, "year": "present", "condition": true, "Overlap": 0, "custodian": "BBMP", "status": "Work in progress", "name": "Bagalagunte Kere", "bbmp_id": 169, "Category": "kere", "area": 29857.456066042185, "perimeter": 777.43692009853589, "area_acres": 7.38, "valley": "Arkavathi Valley", "Corporation": "North", "ward_name": "69 - Bagalagunte", "subvalley": "AV_2", "area_m": 29827 }, "geometry": { "type": "MultiPolygon", "coordinates": [ [ [ [ 77.498437521779366, 13.059484494523588, 0.0 ], [ 77.498376749361825, 13.059564018416976, 0.0 ], [ 77.498392015400242, 13.05980168492103, 0.0 ], [ 77.498479096511574, 13.059866744088772, 0.0 ], [ 77.498828671492689, 13.059773927738688, 0.0 ], [ 77.498890848003484, 13.059749790584418, 0.0 ], [ 77.499575167531745, 13.05952193501761, 0.0 ], [ 77.500082085170533, 13.05931932981378, 0.0 ], [ 77.500354226542242, 13.059166066938552, 0.0 ], [ 77.500445635066313, 13.059078728120866, 0.0 ], [ 77.500437944321661, 13.058896946557429, 0.0 ], [ 77.500378153322501, 13.058680993609398, 0.0 ], [ 77.500317888778682, 13.058417973176939, 0.0 ], [ 77.500268789468237, 13.058310182418539, 0.0 ], [ 77.500229813196214, 13.058254072968529, 0.0 ], [ 77.499859805849468, 13.058224701052671, 0.0 ], [ 77.499772609374745, 13.058204696877898, 0.0 ], [ 77.499517231202901, 13.05805855436887, 0.0 ], [ 77.499400160994057, 13.057876105289035, 0.0 ], [ 77.499386291512195, 13.057757663059748, 0.0 ], [ 77.499315349382286, 13.05771543866223, 0.0 ], [ 77.49912039254815, 13.057599401148549, 0.0 ], [ 77.499065292914878, 13.057593937778158, 0.0 ], [ 77.498884041774787, 13.057641027381939, 0.0 ], [ 77.498891777748796, 13.057932799487878, 0.0 ], [ 77.498972380786697, 13.05830859690181, 0.0 ], [ 77.49895582799742, 13.05857236053979, 0.0 ], [ 77.498820055019706, 13.058917299254642, 0.0 ], [ 77.498782735846163, 13.059025925803748, 0.0 ], [ 77.498546826261588, 13.059275930072857, 0.0 ], [ 77.498437521779366, 13.059484494523588, 0.0 ] ] ] ] } },
{ "type": "Feature", "properties": { "fid": 109, "year": "present", "condition": true, "Overlap": 0, "custodian": "BBMP", "status": "To Be Developed", "name": "Doddabidarakallu Kere", "bbmp_id": 174, "Category": "kere", "area": 119108.40943963733, "perimeter": 1686.5320776351932, "area_acres": 29.43, "valley": "Arkavathi Valley", "Corporation": "West", "ward_name": "11 - Dodda Bidarakallu", "subvalley": "AV_2", "area_m": 118988 }, "geometry": { "type": "MultiPolygon", "coordinates": [ [ [ [ 77.493355850471715, 13.043470925821492, 0.0 ], [ 77.493202758175556, 13.04375636034991, 0.0 ], [ 77.49315886109386, 13.043822312402773, 0.0 ], [ 77.49309504039087, 13.044123269074339, 0.0 ], [ 77.493095861330232, 13.044205172559382, 0.0 ], [ 77.492970122092373, 13.044441196677921, 0.0 ], [ 77.492942658957588, 13.044479686588918, 0.0 ], [ 77.492860378957729, 13.04460607677921, 0.0 ], [ 77.492800156989489, 13.044710411408788, 0.0 ], [ 77.493122051383693, 13.044650056755609, 0.0 ], [ 77.493542753978772, 13.044361849918969, 0.0 ], [ 77.493726330476392, 13.044141501650499, 0.0 ], [ 77.49402872474046, 13.04391272215733, 0.0 ], [ 77.495088121693357, 13.044325095091519, 0.0 ], [ 77.495683308655018, 13.044392214803828, 0.0 ], [ 77.496536449477631, 13.044245551631999, 0.0 ], [ 77.497232227875159, 13.043969257379203, 0.0 ], [ 77.497853676691037, 13.04381054705466, 0.0 ], [ 77.497879256517052, 13.043547438444291, 0.0 ], [ 77.497864573829588, 13.043370441756988, 0.0 ], [ 77.497949167346931, 13.042840301081267, 0.0 ], [ 77.497968898755602, 13.042585102361461, 0.0 ], [ 77.497811099814314, 13.042411762666458, 0.0 ], [ 77.497408090468582, 13.042240789293128, 0.0 ], [ 77.496820047194745, 13.042144460003099, 0.0 ], [ 77.496039027112303, 13.042071848473666, 0.0 ], [ 77.495591435306608, 13.041901301938092, 0.0 ], [ 77.494867888040631, 13.04163141137024, 0.0 ], [ 77.494635420194356, 13.041422359201, 0.0 ], [ 77.494445052877026, 13.040965178055941, 0.0 ], [ 77.494213243371149, 13.040821692714401, 0.0 ], [ 77.494224589077348, 13.041234565387466, 0.0 ], [ 77.49428152614621, 13.04170263695887, 0.0 ], [ 77.494253702764254, 13.041892340312907, 0.0 ], [ 77.494151061678323, 13.042031762951012, 0.0 ], [ 77.494012990699602, 13.042222623498022, 0.0 ], [ 77.493843210806887, 13.042457316004489, 0.0 ], [ 77.493528147367499, 13.042904796274509, 0.0 ], [ 77.493400033780247, 13.043400076215258, 0.0 ], [ 77.493355850471715, 13.043470925821492, 0.0 ] ] ] ] } },
{ "type": "Feature", "properties": { "fid": 110, "year": "present", "condition": true, "Overlap": 0, "custodian": "BBMP", "status": null, "name": "Herohalli Kere", "bbmp_id": 105, "Category": "kere", "area": 96150.856033340096, "perimeter": 1442.3219203441056, "area_acres": 23.76, "valley": "Arkavathi Valley", "Corporation": "West", "ward_name": "14 - Herohalli", "subvalley": "VV_2", "area_m": 96054 }, "geometry": { "type": "MultiPolygon", "coordinates": [ [ [ [ 77.488030882498308, 12.98938873263662, 0.0 ], [ 77.487970919238677, 12.989572867505366, 0.0 ], [ 77.488026792855948, 12.989751372081519, 0.0 ], [ 77.488109117544511, 12.98986994336941, 0.0 ], [ 77.488446985997612, 12.989846813621162, 0.0 ], [ 77.488535477761729, 12.989905645769468, 0.0 ], [ 77.48865160939846, 12.9900238929566, 0.0 ], [ 77.488828394992979, 12.990121665642198, 0.0 ], [ 77.489132390801686, 12.990092228399687, 0.0 ], [ 77.489455877537637, 12.989983030889077, 0.0 ], [ 77.489633786717661, 12.990193520792777, 0.0 ], [ 77.489722873596037, 12.990312026595952, 0.0 ], [ 77.490594953493286, 12.990290404153351, 0.0 ], [ 77.491060691826334, 12.990206365080139, 0.0 ], [ 77.491310530256627, 12.99017081358469, 0.0 ], [ 77.491342948194188, 12.990031249870196, 0.0 ], [ 77.491490969796004, 12.98995688822639, 0.0 ], [ 77.491624741193917, 12.989809721273286, 0.0 ], [ 77.491748296675453, 12.989994206456512, 0.0 ], [ 77.491843510071959, 12.990048993837227, 0.0 ], [ 77.491930962048741, 12.990006664098102, 0.0 ], [ 77.492374444526718, 12.989805821005049, 0.0 ], [ 77.492298887795059, 12.989604321621169, 0.0 ], [ 77.492263493692207, 12.98944551524631, 0.0 ], [ 77.492092807583418, 12.989281375711782, 0.0 ], [ 77.491894745840412, 12.989084343208809, 0.0 ], [ 77.491899787575392, 12.988911886678721, 0.0 ], [ 77.491852035747456, 12.988690763163929, 0.0 ], [ 77.491387954094009, 12.98854448827923, 0.0 ], [ 77.490798839531465, 12.988358802482621, 0.0 ], [ 77.490403910094315, 12.988032656688901, 0.0 ], [ 77.49026703175474, 12.987919617649903, 0.0 ], [ 77.490270158240151, 12.987554877659228, 0.0 ], [ 77.490300582743004, 12.987335592272441, 0.0 ], [ 77.490265664479139, 12.987104006510389, 0.0 ], [ 77.490061901962108, 12.987013124156798, 0.0 ], [ 77.489782093606649, 12.986995781078658, 0.0 ], [ 77.489765208417367, 12.986988448863361, 0.0 ], [ 77.489673049439546, 12.986948429770759, 0.0 ], [ 77.489339187591767, 12.986973472077228, 0.0 ], [ 77.489217636477846, 12.987168403193939, 0.0 ], [ 77.48904153434404, 12.987816951471791, 0.0 ], [ 77.488956798041542, 12.988078057546421, 0.0 ], [ 77.488898090928842, 12.988592807987029, 0.0 ], [ 77.488633288850679, 12.98886362631686, 0.0 ], [ 77.488492952632356, 12.989030748131873, 0.0 ], [ 77.488248212223368, 12.989255614415191, 0.0 ], [ 77.488030882498308, 12.98938873263662, 0.0 ] ] ] ] } },
{ "type": "Feature", "properties": { "fid": 111, "year": "present", "condition": true, "Overlap": 0, "custodian": "BBMP", "status": "Developed lake", "name": "Kammagondanahalli Kere", "bbmp_id": 170, "Category": "kere", "area": 70965.215287655592, "perimeter": 1219.366573625573, "area_acres": 17.54, "valley": "Arkavathi Valley", "Corporation": "North", "ward_name": "67 - Shettihalli", "subvalley": "AV_1", "area_m": 70890 }, "geometry": { "type": "MultiPolygon", "coordinates": [ [ [ [ 77.522237435583534, 13.067257927253458, 0.0 ], [ 77.522295727005869, 13.067390899310242, 0.0 ], [ 77.522135062088054, 13.06758711622626, 0.0 ], [ 77.522153294115867, 13.06764739416675, 0.0 ], [ 77.52230485752662, 13.067815825338947, 0.0 ], [ 77.52231620121492, 13.068012400058036, 0.0 ], [ 77.522566491476908, 13.068293459240728, 0.0 ], [ 77.522673690649768, 13.068575061257718, 0.0 ], [ 77.522942060976789, 13.068822518086396, 0.0 ], [ 77.522981934647902, 13.068972506455319, 0.0 ], [ 77.523230556548256, 13.069623282097098, 0.0 ], [ 77.523364096387255, 13.069760162382067, 0.0 ], [ 77.523399420252275, 13.06976845382848, 0.0 ], [ 77.524403296675402, 13.06972409787271, 0.0 ], [ 77.525036315396164, 13.069596998459422, 0.0 ], [ 77.525579310249, 13.069280773945508, 0.0 ], [ 77.525587064877357, 13.06917705960684, 0.0 ], [ 77.525634647008701, 13.068658401784209, 0.0 ], [ 77.525604266483086, 13.068270054398878, 0.0 ], [ 77.52562823333507, 13.068027996855967, 0.0 ], [ 77.525573095489918, 13.067803985820076, 0.0 ], [ 77.525465894849034, 13.067658212644789, 0.0 ], [ 77.525359121869641, 13.06755869339891, 0.0 ], [ 77.525296341644093, 13.067599393340149, 0.0 ], [ 77.525170419684585, 13.067648044181171, 0.0 ], [ 77.52492934048044, 13.067741186628639, 0.0 ], [ 77.524803468446748, 13.067491957026469, 0.0 ], [ 77.523565125880864, 13.067663620906368, 0.0 ], [ 77.523317128513156, 13.06773966698268, 0.0 ], [ 77.522994466988962, 13.067738324543839, 0.0 ], [ 77.522839182435263, 13.067805369013588, 0.0 ], [ 77.522595481721623, 13.067625374701029, 0.0 ], [ 77.522581422828253, 13.06729775125004, 0.0 ], [ 77.522411508602616, 13.06704895008909, 0.0 ], [ 77.522261844532522, 13.067059047962157, 0.0 ], [ 77.522237435583534, 13.067257927253458, 0.0 ] ] ] ] } },
{ "type": "Feature", "properties": { "fid": 112, "year": "present", "condition": true, "Overlap": 0, "custodian": "BBMP", "status": "Developed lake", "name": "Lingadeeranahalli (handrahalli) Kere", "bbmp_id": 104, "Category": "kere", "area": 14706.179644182324, "perimeter": 466.72058085555136, "area_acres": 3.63, "valley": "Arkavathi Valley", "Corporation": "West", "ward_name": "12 - Andrahalli", "subvalley": "AV_2", "area_m": 14692 }, "geometry": { "type": "MultiPolygon", "coordinates": [ [ [ [ 77.482821014384257, 13.00298630058516, 0.0 ], [ 77.482759666353218, 13.002861156262407, 0.0 ], [ 77.482741803086967, 13.00285633584827, 0.0 ], [ 77.482655652214561, 13.002894594793242, 0.0 ], [ 77.482307762935378, 13.003049241668586, 0.0 ], [ 77.482291806902253, 13.00305136169087, 0.0 ], [ 77.482151693756805, 13.003146485006152, 0.0 ], [ 77.482058454301708, 13.003239715963616, 0.0 ], [ 77.481969625419495, 13.003340360133299, 0.0 ], [ 77.482056181272881, 13.003778798885818, 0.0 ], [ 77.48213972783104, 13.00395306279497, 0.0 ], [ 77.482358642950999, 13.004196834979838, 0.0 ], [ 77.482747660466529, 13.004287082727908, 0.0 ], [ 77.482988480833299, 13.003817794079449, 0.0 ], [ 77.483247825843677, 13.003438752599962, 0.0 ], [ 77.483295875939064, 13.003313904769568, 0.0 ], [ 77.483235891165435, 13.00313813419459, 0.0 ], [ 77.483124864155513, 13.002987436185299, 0.0 ], [ 77.483066532343017, 13.003007959521621, 0.0 ], [ 77.482856609500516, 13.002982584621691, 0.0 ], [ 77.482821014384257, 13.00298630058516, 0.0 ] ] ] ] } },
{ "type": "Feature", "properties": { "fid": 113, "year": "present", "condition": true, "Overlap": 0, "custodian": "BBMP", "status": null, "name": "Mallasandra Gudde Kere", "bbmp_id": 171, "Category": "kere", "area": 16460.782242618501, "perimeter": 739.12158715273597, "area_acres": 4.07, "valley": "Arkavathi Valley", "Corporation": "North", "ward_name": "68 - Mallasandra", "subvalley": "AV_1", "area_m": 16444 }, "geometry": { "type": "MultiPolygon", "coordinates": [ [ [ [ 77.517345565058861, 13.058159735183388, 0.0 ], [ 77.517393169334042, 13.058257132287348, 0.0 ], [ 77.517685864903498, 13.05859754065373, 0.0 ], [ 77.517736900791391, 13.058645421911399, 0.0 ], [ 77.517801067564449, 13.058745583823702, 0.0 ], [ 77.517926596496579, 13.058941529421592, 0.0 ], [ 77.517941992973959, 13.059175487144952, 0.0 ], [ 77.518021646522882, 13.059323688812677, 0.0 ], [ 77.518109163263503, 13.05909768898573, 0.0 ], [ 77.51816949421675, 13.058917880673238, 0.0 ], [ 77.518293278234609, 13.058708106088098, 0.0 ], [ 77.518464730100121, 13.05848935404908, 0.0 ], [ 77.518705167813735, 13.05822310825392, 0.0 ], [ 77.518898843270293, 13.05805521751533, 0.0 ], [ 77.51892467527432, 13.05803368329213, 0.0 ], [ 77.518948625955659, 13.057996537870117, 0.0 ], [ 77.519026026682013, 13.057818821695593, 0.0 ], [ 77.518852841406641, 13.057800275690898, 0.0 ], [ 77.518697072760418, 13.057852871477232, 0.0 ], [ 77.518145211174371, 13.0578071698801, 0.0 ], [ 77.517619871722232, 13.057808030317876, 0.0 ], [ 77.517134509218096, 13.057897887053242, 0.0 ], [ 77.516903946240419, 13.057853310461828, 0.0 ], [ 77.516448713584396, 13.057917333551691, 0.0 ], [ 77.516491448119709, 13.057954667565129, 0.0 ], [ 77.517023662053845, 13.058099022210378, 0.0 ], [ 77.517345565058861, 13.058159735183388, 0.0 ] ] ] ] } },
{ "type": "Feature", "properties": { "fid": 114, "year": "present", "condition": true, "Overlap": 0, "custodian": "BBMP", "status": null, "name": "Shivapura Kere", "bbmp_id": 168, "Category": "kere", "area": 61023.08487110585, "perimeter": 1346.7338349718527, "area_acres": 15.08, "valley": "Arkavathi Valley", "Corporation": "West", "ward_name": "6 - Shivapura", "subvalley": "AV_2", "area_m": 60960 }, "geometry": { "type": "MultiPolygon", "coordinates": [ [ [ [ 77.508190841746554, 13.02291302740521, 0.0 ], [ 77.507663710358031, 13.022748084577538, 0.0 ], [ 77.50748206173499, 13.02272176078487, 0.0 ], [ 77.507412258827557, 13.022713186850691, 0.0 ], [ 77.50727394769801, 13.022696197950728, 0.0 ], [ 77.506985579204937, 13.022749187848341, 0.0 ], [ 77.506730120201482, 13.022801859116997, 0.0 ], [ 77.506616728592732, 13.022799370194541, 0.0 ], [ 77.506426619868861, 13.022804794667589, 0.0 ], [ 77.506093469702932, 13.022768573621041, 0.0 ], [ 77.505841834702949, 13.022835776330442, 0.0 ], [ 77.505709086172246, 13.022849040824749, 0.0 ], [ 77.505582911363121, 13.022909768012568, 0.0 ], [ 77.505469663842987, 13.02292162010454, 0.0 ], [ 77.505443887120236, 13.0229039406846, 0.0 ], [ 77.505402798830573, 13.022818280491901, 0.0 ], [ 77.505311004846462, 13.022559119175849, 0.0 ], [ 77.505259772907692, 13.022414476078687, 0.0 ], [ 77.505218756888652, 13.022335986584498, 0.0 ], [ 77.505053458121395, 13.022438734356379, 0.0 ], [ 77.504952498258646, 13.022449539402542, 0.0 ], [ 77.504733079127917, 13.022523618128069, 0.0 ], [ 77.504519298441039, 13.022576481222526, 0.0 ], [ 77.504214243984762, 13.02266044898569, 0.0 ], [ 77.50413116738315, 13.022794978983322, 0.0 ], [ 77.504184718460962, 13.02295366060361, 0.0 ], [ 77.504355479798534, 13.02314304932543, 0.0 ], [ 77.504526625459121, 13.023370641942689, 0.0 ], [ 77.504600701824614, 13.023579201156531, 0.0 ], [ 77.504639158016332, 13.02373875528107, 0.0 ], [ 77.504639158003258, 13.023980902585484, 0.0 ], [ 77.504639158017923, 13.02413378156256, 0.0 ], [ 77.504639158038032, 13.02423779736854, 0.0 ], [ 77.504608693091143, 13.024326841055849, 0.0 ], [ 77.504565059463644, 13.024454374398811, 0.0 ], [ 77.50473836123183, 13.024423107711629, 0.0 ], [ 77.5047646257064, 13.024418369127996, 0.0 ], [ 77.505158747781181, 13.0242305742239, 0.0 ], [ 77.505430724045752, 13.024151529177999, 0.0 ], [ 77.505859258571377, 13.024141017449338, 0.0 ], [ 77.506189359320516, 13.02402956979569, 0.0 ], [ 77.506363926213879, 13.023951465946649, 0.0 ], [ 77.506376086557822, 13.02394744736176, 0.0 ], [ 77.506533271352254, 13.023954780345466, 0.0 ], [ 77.506671718892775, 13.023903240993658, 0.0 ], [ 77.506829309167074, 13.023730453872471, 0.0 ], [ 77.507030427854119, 13.023709404336289, 0.0 ], [ 77.507492653348351, 13.023682918550398, 0.0 ], [ 77.507698978850087, 13.023671095715429, 0.0 ], [ 77.507945426345913, 13.023636870933776, 0.0 ], [ 77.508659774870495, 13.023579356813441, 0.0 ], [ 77.508772198588588, 13.023582889945569, 0.0 ], [ 77.508919733730352, 13.0234368562655, 0.0 ], [ 77.509122121788621, 13.023227102056845, 0.0 ], [ 77.508190841746554, 13.02291302740521, 0.0 ] ] ] ] } },
{ "type": "Feature", "properties": { "fid": 115, "year": "present", "condition": true, "Overlap": 0, "custodian": "BBMP", "status": null, "name": "Nelagadiranahalli Kere", "bbmp_id": 167, "Category": "kere", "area": 17684.85767846182, "perimeter": 603.3211398695546, "area_acres": 4.37, "valley": "Arkavathi Valley", "Corporation": "West", "ward_name": "3 - Nelagadaranahalli", "subvalley": "AV_2", "area_m": 17667 }, "geometry": { "type": "MultiPolygon", "coordinates": [ [ [ [ 77.504451531757951, 13.02728171763132, 0.0 ], [ 77.504537555860907, 13.02736951865254, 0.0 ], [ 77.504659576556747, 13.027366526200371, 0.0 ], [ 77.504789312905203, 13.027375050468059, 0.0 ], [ 77.504995757427238, 13.027533808557408, 0.0 ], [ 77.50503010774699, 13.027509149274561, 0.0 ], [ 77.505354356088091, 13.027695539818506, 0.0 ], [ 77.505450196274936, 13.027639200908277, 0.0 ], [ 77.505438584759759, 13.027476336657262, 0.0 ], [ 77.505413545938737, 13.027300564131931, 0.0 ], [ 77.505478692585058, 13.0270750215038, 0.0 ], [ 77.505588546022352, 13.02690213287728, 0.0 ], [ 77.505488503443885, 13.026748968987031, 0.0 ], [ 77.505364792674612, 13.026750174833769, 0.0 ], [ 77.505184868243575, 13.026709540790879, 0.0 ], [ 77.505037856469954, 13.026635993060468, 0.0 ], [ 77.504883868918583, 13.02652991735113, 0.0 ], [ 77.504728788731711, 13.026325256882307, 0.0 ], [ 77.504588215268086, 13.026252407639618, 0.0 ], [ 77.504528780774493, 13.025962882362748, 0.0 ], [ 77.504485831615739, 13.025956827994117, 0.0 ], [ 77.504237907607106, 13.02597629555159, 0.0 ], [ 77.504125099178125, 13.026342647357882, 0.0 ], [ 77.503847229524197, 13.02686603707544, 0.0 ], [ 77.504291820970508, 13.027118707577689, 0.0 ], [ 77.504451531757951, 13.02728171763132, 0.0 ] ] ] ] } },
{ "type": "Feature", "properties": { "fid": 116, "year": "present", "condition": true, "Overlap": 0, "custodian": "BBMP", "status": "Work in progress", "name": "Singapura Kere", "bbmp_id": 149, "Category": "kere", "area": 124122.90771612525, "perimeter": 2654.8426256872162, "area_acres": 30.67, "valley": "Arkavathi Valley", "Corporation": "North", "ward_name": "8 - Singapura", "subvalley": "AV_1", "area_m": 123990 }, "geometry": { "type": "MultiPolygon", "coordinates": [ [ [ [ 77.533133319682818, 13.083342701919788, 0.0 ], [ 77.533338741022419, 13.083387566102671, 0.0 ], [ 77.536230425500918, 13.083557777836882, 0.0 ], [ 77.537086151343814, 13.083776455372851, 0.0 ], [ 77.537384739568111, 13.084359172637209, 0.0 ], [ 77.537689526909617, 13.084356175074531, 0.0 ], [ 77.53793384607053, 13.08440158037296, 0.0 ], [ 77.538343481506644, 13.084158556189442, 0.0 ], [ 77.53845760866605, 13.083867698850197, 0.0 ], [ 77.538153084641579, 13.083690075397612, 0.0 ], [ 77.537995784723293, 13.083560568877861, 0.0 ], [ 77.537547730298357, 13.083324710251059, 0.0 ], [ 77.536992618242451, 13.082976583424898, 0.0 ], [ 77.536769871323301, 13.082656066211507, 0.0 ], [ 77.536776104036051, 13.082646467669727, 0.0 ], [ 77.536059224327218, 13.082316439894241, 0.0 ], [ 77.535416962007119, 13.08151000639992, 0.0 ], [ 77.53501159245954, 13.08121518542835, 0.0 ], [ 77.534788729552162, 13.080775293556018, 0.0 ], [ 77.534439187127006, 13.080085354473599, 0.0 ], [ 77.534120095803246, 13.080103391565558, 0.0 ], [ 77.53408121380771, 13.080105589398876, 0.0 ], [ 77.533927396071434, 13.080114284002081, 0.0 ], [ 77.534068379707108, 13.080440325757362, 0.0 ], [ 77.534326189067329, 13.080958970164621, 0.0 ], [ 77.534125421772146, 13.081417015526158, 0.0 ], [ 77.534144237350191, 13.081698139334581, 0.0 ], [ 77.533840884868908, 13.082453284816671, 0.0 ], [ 77.533429052110648, 13.082653030975878, 0.0 ], [ 77.533308114388745, 13.082749835449928, 0.0 ], [ 77.533149688729225, 13.083073454417459, 0.0 ], [ 77.533133319682818, 13.083342701919788, 0.0 ] ] ], [ [ [ 77.537015306994263, 13.084888852188691, 0.0 ], [ 77.536878117861193, 13.085140026565551, 0.0 ], [ 77.536986466309315, 13.085284021054928, 0.0 ], [ 77.53760365026568, 13.0853424223106, 0.0 ], [ 77.537991407727674, 13.085475608997399, 0.0 ], [ 77.538207776224326, 13.085731364416178, 0.0 ], [ 77.538938180144783, 13.086409181391456, 0.0 ], [ 77.539063961479457, 13.08664970956459, 0.0 ], [ 77.539495925443958, 13.08628280854566, 0.0 ], [ 77.539376961071738, 13.085905212742331, 0.0 ], [ 77.539798721771589, 13.085344999123766, 0.0 ], [ 77.539892659819031, 13.084884718943222, 0.0 ], [ 77.539461737966235, 13.084550488258373, 0.0 ], [ 77.538823443814096, 13.084838830453577, 0.0 ], [ 77.538068001205772, 13.084926851870279, 0.0 ], [ 77.537015306994263, 13.084888852188691, 0.0 ] ] ] ] } },
{ "type": "Feature", "properties": { "fid": 117, "year": "present", "condition": true, "Overlap": 0, "custodian": "BBMP", "status": "To Be Developed", "name": "Konasandra Kere", "bbmp_id": 118, "Category": "kere", "area": 115995.37868135422, "perimeter": 1499.8523630408386, "area_acres": 28.66, "valley": "Vrishabhavati Valley", "Corporation": "West", "ward_name": "20 - Hemmigepura", "subvalley": "VV_2", "area_m": 115880 }, "geometry": { "type": "MultiPolygon", "coordinates": [ [ [ [ 77.486155278425116, 12.893096937861309, 0.0 ], [ 77.485950007431526, 12.891191317061748, 0.0 ], [ 77.485780322396593, 12.890866290368921, 0.0 ], [ 77.485587679705972, 12.890913850171938, 0.0 ], [ 77.485263029060135, 12.891080254004098, 0.0 ], [ 77.484824862287951, 12.891215071794269, 0.0 ], [ 77.484692531686377, 12.89130125486759, 0.0 ], [ 77.484397626997023, 12.891108071991271, 0.0 ], [ 77.483185148087571, 12.891054255443832, 0.0 ], [ 77.482774837169529, 12.891312928665158, 0.0 ], [ 77.482008124222432, 12.891895090103551, 0.0 ], [ 77.48156690045731, 12.892395768734602, 0.0 ], [ 77.481087397828304, 12.893066662816787, 0.0 ], [ 77.481123780520647, 12.893379892171909, 0.0 ], [ 77.481460375980802, 12.893749068769132, 0.0 ], [ 77.482059513271167, 12.893730318492581, 0.0 ], [ 77.483081830709693, 12.89340704144683, 0.0 ], [ 77.484357231627101, 12.893087890063592, 0.0 ], [ 77.484976147878328, 12.893049347190001, 0.0 ], [ 77.485391681985135, 12.893319776148838, 0.0 ], [ 77.485791319876753, 12.893329044154751, 0.0 ], [ 77.486155278425116, 12.893096937861309, 0.0 ] ] ] ] } },
{ "type": "Feature", "properties": { "fid": 118, "year": "present", "condition": true, "Overlap": 0, "custodian": "BBMP", "status": "To Be Developed", "name": "Varahasandra Kere", "bbmp_id": 117, "Category": "kere", "area": 45767.136612448841, "perimeter": 1151.4622627970921, "area_acres": 11.31, "valley": "Vrishabhavati Valley", "Corporation": "West", "ward_name": "20 - Hemmigepura", "subvalley": "VV_2", "area_m": 45721 }, "geometry": { "type": "MultiPolygon", "coordinates": [ [ [ [ 77.490584588843575, 12.881839195720442, 0.0 ], [ 77.490767530357786, 12.88148468603208, 0.0 ], [ 77.491017375614234, 12.881162203532352, 0.0 ], [ 77.491440396032075, 12.880844605729219, 0.0 ], [ 77.492238982826265, 12.880797808384481, 0.0 ], [ 77.493389351156367, 12.879963728485988, 0.0 ], [ 77.493531369560458, 12.879511616181109, 0.0 ], [ 77.493189416660897, 12.879273160663322, 0.0 ], [ 77.492578489010029, 12.879442296027248, 0.0 ], [ 77.491883007389063, 12.87981475033259, 0.0 ], [ 77.491349391230528, 12.87972183695604, 0.0 ], [ 77.490837565675619, 12.879138757894649, 0.0 ], [ 77.490471435755779, 12.879148773331552, 0.0 ], [ 77.490473427500845, 12.880024144844279, 0.0 ], [ 77.490671806447381, 12.88055794438265, 0.0 ], [ 77.490498105709065, 12.881173676582188, 0.0 ], [ 77.490377992407147, 12.88182156284501, 0.0 ], [ 77.490584588843575, 12.881839195720442, 0.0 ] ] ] ] } },
{ "type": "Feature", "properties": { "fid": 119, "year": "present", "condition": true, "Overlap": 0, "custodian": "BBMP", "status": null, "name": "Kengeri Kere", "bbmp_id": 112, "Category": "kere", "area": 83367.675769582391, "perimeter": 1480.1657826458857, "area_acres": 20.6, "valley": "Vrishabhavati Valley", "Corporation": "West", "ward_name": "21 - Mylasandra", "subvalley": "VV_2", "area_m": 83284 }, "geometry": { "type": "MultiPolygon", "coordinates": [ [ [ [ 77.489183471385019, 12.917752389627452, 0.0 ], [ 77.48949935470057, 12.917370478402541, 0.0 ], [ 77.48965360675956, 12.916807190952317, 0.0 ], [ 77.489472193582259, 12.91664560166201, 0.0 ], [ 77.488760896427763, 12.916103630127703, 0.0 ], [ 77.487716584612187, 12.915558295814879, 0.0 ], [ 77.486674346741466, 12.914549110276868, 0.0 ], [ 77.485488466678646, 12.913155852365886, 0.0 ], [ 77.48535741809512, 12.913372680893049, 0.0 ], [ 77.485765939080878, 12.914276848649799, 0.0 ], [ 77.486208531795029, 12.915931959312788, 0.0 ], [ 77.486832480043333, 12.917069252409391, 0.0 ], [ 77.487602803760026, 12.917519208424569, 0.0 ], [ 77.488442369107219, 12.917563470770512, 0.0 ], [ 77.488704338902409, 12.91778962055441, 0.0 ], [ 77.489183471385019, 12.917752389627452, 0.0 ] ] ] ] } },
{ "type": "Feature", "properties": { "fid": 120, "year": "present", "condition": true, "Overlap": 0, "custodian": "BBMP", "status": null, "name": "Mylasandra (Sunnakallu palya) Kere", "bbmp_id": 123, "Category": "kere", "area": 41242.075203172863, "perimeter": 1065.5917550154275, "area_acres": 10.19, "valley": "Vrishabhavati Valley", "Corporation": "West", "ward_name": "20 - Hemmigepura", "subvalley": "VV_2", "area_m": 41200 }, "geometry": { "type": "MultiPolygon", "coordinates": [ [ [ [ 77.492966048613255, 12.909352061722247, 0.0 ], [ 77.493326715395128, 12.908786804452538, 0.0 ], [ 77.493818937735071, 12.908056972929108, 0.0 ], [ 77.493927667514214, 12.907605176276695, 0.0 ], [ 77.494415948846026, 12.90714975679014, 0.0 ], [ 77.494764717851538, 12.90672833228918, 0.0 ], [ 77.49463082925908, 12.906657750382758, 0.0 ], [ 77.49440391208816, 12.906607654609831, 0.0 ], [ 77.493954677442346, 12.906971242923101, 0.0 ], [ 77.493542997682667, 12.907092760944151, 0.0 ], [ 77.493019089034533, 12.907313340254257, 0.0 ], [ 77.492822691945975, 12.907654916541151, 0.0 ], [ 77.492430339251356, 12.907710921259779, 0.0 ], [ 77.491676985334479, 12.907626647621381, 0.0 ], [ 77.492042194301973, 12.908191513783569, 0.0 ], [ 77.492248887494966, 12.908888546091781, 0.0 ], [ 77.492289693022016, 12.909645955214399, 0.0 ], [ 77.492689484777259, 12.909668272121468, 0.0 ], [ 77.492966048613255, 12.909352061722247, 0.0 ] ] ] ] } },
{ "type": "Feature", "properties": { "fid": 121, "year": "present", "condition": true, "Overlap": 0, "custodian": "BBMP", "status": "Developed lake", "name": "H Gollahalli kere", "bbmp_id": 114, "Category": "kere", "area": 52670.927522527054, "perimeter": 1355.0412582560662, "area_acres": 13.01, "valley": "Vrishabhavati Valley", "Corporation": "West", "ward_name": "20 - Hemmigepura", "subvalley": "VV_2", "area_m": 52618 }, "geometry": { "type": "MultiPolygon", "coordinates": [ [ [ [ 77.483392486726729, 12.876190004706089, 0.0 ], [ 77.483869244670601, 12.876031085391462, 0.0 ], [ 77.483886271740033, 12.875849463317605, 0.0 ], [ 77.483545730351537, 12.875230813128523, 0.0 ], [ 77.483284648620398, 12.874793785013301, 0.0 ], [ 77.483290324310204, 12.874402162416542, 0.0 ], [ 77.483585460180223, 12.873777836537654, 0.0 ], [ 77.484851139007418, 12.873079726691261, 0.0 ], [ 77.484873841766628, 12.872415670983713, 0.0 ], [ 77.484686544002969, 12.871870804762137, 0.0 ], [ 77.483908974499258, 12.8722681030487, 0.0 ], [ 77.483188161893622, 12.872444049432755, 0.0 ], [ 77.482677349810913, 12.872546211849302, 0.0 ], [ 77.48304059395862, 12.873210267556852, 0.0 ], [ 77.482995188440157, 12.87362459291284, 0.0 ], [ 77.482807890676497, 12.874163783444605, 0.0 ], [ 77.482529781875897, 12.874578108800591, 0.0 ], [ 77.482172213417982, 12.875015136915817, 0.0 ], [ 77.482745458088601, 12.875372705373726, 0.0 ], [ 77.483313027069414, 12.875974328493387, 0.0 ], [ 77.483392486726729, 12.876190004706089, 0.0 ] ] ] ] } },
{ "type": "Feature", "properties": { "fid": 122, "year": "present", "condition": true, "Overlap": 0, "custodian": "BBMP", "status": "Work in progress", "name": "Annappanakere / Yelchenahalli Kere", "bbmp_id": 72, "Category": "kere", "area": 15850.256757855415, "perimeter": 513.09143043872632, "area_acres": 3.92, "valley": "Vrishabhavati Valley", "Corporation": "South", "ward_name": "46 - Yelachenahalli", "subvalley": "VV_1", "area_m": 15833 }, "geometry": { "type": "MultiPolygon", "coordinates": [ [ [ [ 77.565258230842787, 12.899805858386197, 0.0 ], [ 77.56526237635984, 12.900415249392223, 0.0 ], [ 77.565448924626992, 12.900469141113845, 0.0 ], [ 77.566045879081869, 12.900266010778504, 0.0 ], [ 77.566161953559217, 12.899349851510939, 0.0 ], [ 77.566021005979593, 12.898773624641294, 0.0 ], [ 77.565204339121166, 12.898922863255013, 0.0 ], [ 77.565258230842787, 12.899805858386197, 0.0 ] ] ] ] } },
{ "type": "Feature", "properties": { "fid": 123, "year": "present", "condition": true, "Overlap": 0, "custodian": "BBMP", "status": null, "name": "Deepanjali Nagara Kere", "bbmp_id": 162, "Category": "kere", "area": 20221.423438411206, "perimeter": 566.664748553702, "area_acres": 5.0, "valley": "Vrishabhavati Valley", "Corporation": "West", "ward_name": "94 - Deepanjali Nagara", "subvalley": "VV_1", "area_m": 20200 }, "geometry": { "type": "MultiPolygon", "coordinates": [ [ [ [ 77.53098163705566, 12.948614964988789, 0.0 ], [ 77.530652376199328, 12.948900497360757, 0.0 ], [ 77.530433818770405, 12.949184954088659, 0.0 ], [ 77.530126258871931, 12.949426839267257, 0.0 ], [ 77.530107626245325, 12.949774507827758, 0.0 ], [ 77.530375071308399, 12.949945653702278, 0.0 ], [ 77.531040833791991, 12.950091211126162, 0.0 ], [ 77.531417229166976, 12.950087553421978, 0.0 ], [ 77.531504695799541, 12.949978113607484, 0.0 ], [ 77.531590407185405, 12.94969494722617, 0.0 ], [ 77.531607282634866, 12.949173552383419, 0.0 ], [ 77.531380390361647, 12.948632808456958, 0.0 ], [ 77.531155911900271, 12.948330938248386, 0.0 ], [ 77.53098163705566, 12.948614964988789, 0.0 ] ] ] ] } },
{ "type": "Feature", "properties": { "fid": 124, "year": "present", "condition": true, "Overlap": 0, "custodian": "BBMP", "status": "Developed lake", "name": "Devarakere", "bbmp_id": 93, "Category": "kere", "area": 21734.221853436902, "perimeter": 643.01817638037767, "area_acres": 5.37, "valley": "Vrishabhavati Valley", "Corporation": "South", "ward_name": "49 - Uttarahalli", "subvalley": "VV_1", "area_m": 21710 }, "geometry": { "type": "MultiPolygon", "coordinates": [ [ [ [ 77.553817148949221, 12.898501605853678, 0.0 ], [ 77.554439182925407, 12.898364476182712, 0.0 ], [ 77.554927859886192, 12.898250490452169, 0.0 ], [ 77.555440351626473, 12.898289167190342, 0.0 ], [ 77.555483768645885, 12.898179531440791, 0.0 ], [ 77.555547896098815, 12.897916797265861, 0.0 ], [ 77.555455961357779, 12.897633745918208, 0.0 ], [ 77.55474221794195, 12.897509665950139, 0.0 ], [ 77.554450583346451, 12.89729409179621, 0.0 ], [ 77.554091052389438, 12.896969968780839, 0.0 ], [ 77.553933882545053, 12.896840449834356, 0.0 ], [ 77.553757774114374, 12.897038750476147, 0.0 ], [ 77.553651113403248, 12.897498480732896, 0.0 ], [ 77.553791783023186, 12.898196061165571, 0.0 ], [ 77.553817148949221, 12.898501605853678, 0.0 ] ] ] ] } },
{ "type": "Feature", "properties": { "fid": 125, "year": "present", "condition": true, "Overlap": 0, "custodian": "BBMP", "status": "Developed lake", "name": "Dore kere", "bbmp_id": 71, "Category": "kere", "area": 93036.037468269467, "perimeter": 1358.56855337969, "area_acres": 22.99, "valley": "Vrishabhavati Valley", "Corporation": "South", "ward_name": "49 - Uttarahalli", "subvalley": "VV_1", "area_m": 92934 }, "geometry": { "type": "MultiPolygon", "coordinates": [ [ [ [ 77.54914345750872, 12.90391547457744, 0.0 ], [ 77.54992201812459, 12.903842353327258, 0.0 ], [ 77.550789631971782, 12.903768360792672, 0.0 ], [ 77.550966189778705, 12.903613741279058, 0.0 ], [ 77.551186166835848, 12.903349486166952, 0.0 ], [ 77.551720933530106, 12.903387950964099, 0.0 ], [ 77.55214526914726, 12.903514862214989, 0.0 ], [ 77.552857257184115, 12.903464224879034, 0.0 ], [ 77.553318139388068, 12.90280445377768, 0.0 ], [ 77.553158970622491, 12.902478373670556, 0.0 ], [ 77.553044993966481, 12.90221737899542, 0.0 ], [ 77.552932125747333, 12.902065585017628, 0.0 ], [ 77.552440780961589, 12.90191748661795, 0.0 ], [ 77.551775095909392, 12.90214240881641, 0.0 ], [ 77.551329163927036, 12.90208123432669, 0.0 ], [ 77.551259494497927, 12.901797963725988, 0.0 ], [ 77.551033981995232, 12.901516213860841, 0.0 ], [ 77.550855875354742, 12.901517951791948, 0.0 ], [ 77.550255872208339, 12.901633017444048, 0.0 ], [ 77.549697960214615, 12.901507405178283, 0.0 ], [ 77.549364009905105, 12.901510661991862, 0.0 ], [ 77.54911889166172, 12.90149120982616, 0.0 ], [ 77.548985754057455, 12.901536192760227, 0.0 ], [ 77.548857041872395, 12.902017980219282, 0.0 ], [ 77.548976104237056, 12.90278130275304, 0.0 ], [ 77.549008326795345, 12.903763895747256, 0.0 ], [ 77.54914345750872, 12.90391547457744, 0.0 ] ] ] ] } },
{ "type": "Feature", "properties": { "fid": 126, "year": "present", "condition": true, "Overlap": 0, "custodian": "BBMP", "status": "To Be Developed", "name": "Gowdanapalya Kere", "bbmp_id": 163, "Category": "kere", "area": 40212.890881791711, "perimeter": 760.08522156751815, "area_acres": 9.94, "valley": "Vrishabhavati Valley", "Corporation": "South", "ward_name": "6 - Gowdanapalya", "subvalley": "VV_1", "area_m": 40169 }, "geometry": { "type": "MultiPolygon", "coordinates": [ [ [ [ 77.555050577698324, 12.90741145012735, 0.0 ], [ 77.555413013332114, 12.908019489718519, 0.0 ], [ 77.555838246500244, 12.908233753350961, 0.0 ], [ 77.556153493111466, 12.9085801457652, 0.0 ], [ 77.55691024307545, 12.908550899064378, 0.0 ], [ 77.557442798799968, 12.908370948991298, 0.0 ], [ 77.5575948691165, 12.907998142376599, 0.0 ], [ 77.557567718122357, 12.90751787877613, 0.0 ], [ 77.557298331674318, 12.907302092845468, 0.0 ], [ 77.556938780308784, 12.906977977563459, 0.0 ], [ 77.556757783659279, 12.906695799202648, 0.0 ], [ 77.556223454407871, 12.906701026574739, 0.0 ], [ 77.555580691670812, 12.906991262890879, 0.0 ], [ 77.55535938568508, 12.907124480790991, 0.0 ], [ 77.555182385096629, 12.907235423028879, 0.0 ], [ 77.555050577698324, 12.90741145012735, 0.0 ] ] ] ] } },
{ "type": "Feature", "properties": { "fid": 127, "year": "present", "condition": true, "Overlap": 0, "custodian": "BBMP", "status": "To Be Developed", "name": "Gubbalal kere", "bbmp_id": 70, "Category": "kere", "area": 29341.27425268665, "perimeter": 692.30520970167811, "area_acres": 7.25, "valley": "Vrishabhavati Valley", "Corporation": "South", "ward_name": "51 - Subramanyapura", "subvalley": "VV_1", "area_m": 29310 }, "geometry": { "type": "MultiPolygon", "coordinates": [ [ [ [ 77.540114340212071, 12.881094339098858, 0.0 ], [ 77.54074471313379, 12.88178718369606, 0.0 ], [ 77.541018901408435, 12.882483483637031, 0.0 ], [ 77.541681466910319, 12.88195283114597, 0.0 ], [ 77.541853391929294, 12.881339571375808, 0.0 ], [ 77.541400229616428, 12.880557639618742, 0.0 ], [ 77.540994235921275, 12.88003735923181, 0.0 ], [ 77.540727537659208, 12.880083632369891, 0.0 ], [ 77.540374875152295, 12.880436534943881, 0.0 ], [ 77.540023532471253, 12.880920479701309, 0.0 ], [ 77.540114340212071, 12.881094339098858, 0.0 ] ] ] ] } },
{ "type": "Feature", "properties": { "fid": 128, "year": "present", "condition": true, "Overlap": 0, "custodian": "BBMP", "status": "Developed lake", "name": "Halage vaderahalli kere", "bbmp_id": 136, "Category": "kere", "area": 23551.014216113836, "perimeter": 675.2965351811215, "area_acres": 5.82, "valley": "Vrishabhavati Valley", "Corporation": "West", "ward_name": "23 - Rajarajeshwari Nagara", "subvalley": "VV_1", "area_m": 23526 }, "geometry": { "type": "MultiPolygon", "coordinates": [ [ [ [ 77.514771858149359, 12.925541528537302, 0.0 ], [ 77.515057133368614, 12.92513709650817, 0.0 ], [ 77.515180320395118, 12.924934880247921, 0.0 ], [ 77.515232188616807, 12.924795856474004, 0.0 ], [ 77.515368342698736, 12.924656832622672, 0.0 ], [ 77.51538779328186, 12.924498850879448, 0.0 ], [ 77.515621200279426, 12.924107055724944, 0.0 ], [ 77.515679552028828, 12.923942754348127, 0.0 ], [ 77.515582299113163, 12.923614151270192, 0.0 ], [ 77.515510980308363, 12.923386656578279, 0.0 ], [ 77.515433177975837, 12.923222354727452, 0.0 ], [ 77.515361859171009, 12.923095968614771, 0.0 ], [ 77.515335925060171, 12.92296958243813, 0.0 ], [ 77.515245155672218, 12.922931666572667, 0.0 ], [ 77.515147902756595, 12.922937985883992, 0.0 ], [ 77.514940429869839, 12.922982221058678, 0.0 ], [ 77.514726473455397, 12.923051733460239, 0.0 ], [ 77.514544934679492, 12.92329186706214, 0.0 ], [ 77.514473615874692, 12.923582554797591, 0.0 ], [ 77.514480099402391, 12.92386692290699, 0.0 ], [ 77.514512517040941, 12.92408809787927, 0.0 ], [ 77.514577352318071, 12.92429663410228, 0.0 ], [ 77.514596802901195, 12.924416700333479, 0.0 ], [ 77.514603286428908, 12.924618917013408, 0.0 ], [ 77.514622737012033, 12.924909603203877, 0.0 ], [ 77.514655154650569, 12.925029669140306, 0.0 ], [ 77.51473295698311, 12.925276120092079, 0.0 ], [ 77.514771858149359, 12.925541528537302, 0.0 ] ] ] ] } },
{ "type": "Feature", "properties": { "fid": 129, "year": "present", "condition": true, "Overlap": 0, "custodian": "BBMP", "status": "Work in Progress", "name": "Vishwaneedam Kere", "bbmp_id": 106, "Category": "gokatte", "area": 10963.611565962434, "perimeter": 528.72134348870827, "area_acres": 2.71, "valley": "Vrishabhavati Valley", "Corporation": "West", "ward_name": "15 - Byadarahalli", "subvalley": "VV_2", "area_m": 10953 }, "geometry": { "type": "MultiPolygon", "coordinates": [ [ [ [ 77.491326322132423, 12.983257988285818, 0.0 ], [ 77.49180396101832, 12.983257988285816, 0.0 ], [ 77.492108661686885, 12.983249963665909, 0.0 ], [ 77.492322775670203, 12.983249963665909, 0.0 ], [ 77.492611006032391, 12.983257988285818, 0.0 ], [ 77.492882766088158, 12.983314160618026, 0.0 ], [ 77.493113350377882, 12.983370332937531, 0.0 ], [ 77.493203937063143, 12.983354283704687, 0.0 ], [ 77.493063939458651, 12.98324996366591, 0.0 ], [ 77.49298982307981, 12.983169717452428, 0.0 ], [ 77.492866295781738, 12.983057372710039, 0.0 ], [ 77.492685122411231, 12.982969101805368, 0.0 ], [ 77.49244630296829, 12.982840707706245, 0.0 ], [ 77.492248659291377, 12.982720338178082, 0.0 ], [ 77.492018075001639, 12.982535771455, 0.0 ], [ 77.491886312550363, 12.982447500365057, 0.0 ], [ 77.491729844639451, 12.982359229243778, 0.0 ], [ 77.491631022801016, 12.982303056695731, 0.0 ], [ 77.491581611881799, 12.982295032044972, 0.0 ], [ 77.491326322132423, 12.983257988285818, 0.0 ] ] ] ] } },
{ "type": "Feature", "properties": { "fid": 130, "year": "present", "condition": true, "Overlap": 0, "custodian": "BBMP", "status": null, "name": "Hosakerehalli Kere", "bbmp_id": 137, "Category": "kere", "area": 222724.90089601278, "perimeter": 2071.437559468704, "area_acres": 55.03, "valley": "Vrishabhavati Valley", "Corporation": "West", "ward_name": "22 - Bangarappa Nagara", "subvalley": "VV_1", "area_m": 222486 }, "geometry": { "type": "MultiPolygon", "coordinates": [ [ [ [ 77.531800655348263, 12.92777128230914, 0.0 ], [ 77.533229200998932, 12.928106898216241, 0.0 ], [ 77.534171866719419, 12.928840391656246, 0.0 ], [ 77.534980500301671, 12.929531497952429, 0.0 ], [ 77.535292224857926, 12.929528468823049, 0.0 ], [ 77.535103509127907, 12.92848185987561, 0.0 ], [ 77.535186397132208, 12.927869462852231, 0.0 ], [ 77.535670511175141, 12.927296852234798, 0.0 ], [ 77.53651484722505, 12.927113905453648, 0.0 ], [ 77.536774092478879, 12.926325053926622, 0.0 ], [ 77.536807149504085, 12.925188920655017, 0.0 ], [ 77.536935447453914, 12.92466345261621, 0.0 ], [ 77.537110482734093, 12.924355955597282, 0.0 ], [ 77.536927945471135, 12.92392087928881, 0.0 ], [ 77.536617110723299, 12.924011270672088, 0.0 ], [ 77.535855230669952, 12.923538138199207, 0.0 ], [ 77.535278973533835, 12.92380584717157, 0.0 ], [ 77.534705360393758, 12.924335640252538, 0.0 ], [ 77.534217280689646, 12.92451512067109, 0.0 ], [ 77.533103118357914, 12.924438566756509, 0.0 ], [ 77.532525974148498, 12.924618908690519, 0.0 ], [ 77.532261869810256, 12.924927267898131, 0.0 ], [ 77.53200261009674, 12.925716117373589, 0.0 ], [ 77.532101805087549, 12.926719914871372, 0.0 ], [ 77.531800655348263, 12.92777128230914, 0.0 ] ] ] ] } },
{ "type": "Feature", "properties": { "fid": 131, "year": "present", "condition": true, "Overlap": 0, "custodian": "BBMP", "status": "Developed lake", "name": "Kempambudhi Kere", "bbmp_id": 160, "Category": "kere", "area": 130901.96369336545, "perimeter": 1826.6989685517308, "area_acres": 32.35, "valley": "Vrishabhavati Valley", "Corporation": "West", "ward_name": "101 - Kempambudhi Ward", "subvalley": "VV_1", "area_m": 130757 }, "geometry": { "type": "MultiPolygon", "coordinates": [ [ [ [ 77.558638720633354, 12.948521341320438, 0.0 ], [ 77.558469946492764, 12.94944037005793, 0.0 ], [ 77.558031286312698, 12.950099943201026, 0.0 ], [ 77.55812927475705, 12.950972667940921, 0.0 ], [ 77.558324363371142, 12.952630756855942, 0.0 ], [ 77.559265853432478, 12.95323308729682, 0.0 ], [ 77.559891581636791, 12.953445358978339, 0.0 ], [ 77.560426007450303, 12.95344010528056, 0.0 ], [ 77.561090020533982, 12.953040417876741, 0.0 ], [ 77.561575890133355, 12.952642481318628, 0.0 ], [ 77.561833275985052, 12.951678896595363, 0.0 ], [ 77.562007843325148, 12.951327705714219, 0.0 ], [ 77.56213430219843, 12.950627514205848, 0.0 ], [ 77.56213072922975, 12.950278075534138, 0.0 ], [ 77.561769091837377, 12.94975742143799, 0.0 ], [ 77.561460027284866, 12.950022566132501, 0.0 ], [ 77.561020928805604, 12.950638463139066, 0.0 ], [ 77.560400117242523, 12.950906671822487, 0.0 ], [ 77.559867481801987, 12.951086644097769, 0.0 ], [ 77.55964391398355, 12.951001472569068, 0.0 ], [ 77.559282279756573, 12.950480814271218, 0.0 ], [ 77.559137076674219, 12.949346448521268, 0.0 ], [ 77.559131278034428, 12.94877860928238, 0.0 ], [ 77.558638720633354, 12.948521341320438, 0.0 ] ] ] ] } },
{ "type": "Feature", "properties": { "fid": 132, "year": "present", "condition": true, "Overlap": 0, "custodian": "BBMP", "status": "To Be Developed", "name": "Pattangere/Kenchenahalli Kere", "bbmp_id": 135, "Category": "gokatte", "area": 7791.3176368325949, "perimeter": 462.14607783174421, "area_acres": 1.93, "valley": "Vrishabhavati Valley", "Corporation": "West", "ward_name": "23 - Rajarajeshwari Nagara", "subvalley": "VV_1", "area_m": 7783 }, "geometry": { "type": "MultiPolygon", "coordinates": [ [ [ [ 77.508396329387935, 12.926701433958771, 0.0 ], [ 77.508389845860208, 12.92675198768146, 0.0 ], [ 77.508409296443361, 12.926751987681458, 0.0 ], [ 77.508435230554213, 12.926745668466678, 0.0 ], [ 77.508506549358998, 12.926739349251742, 0.0 ], [ 77.508545450525276, 12.92672671082139, 0.0 ], [ 77.508616769330089, 12.926676157093578, 0.0 ], [ 77.508694571662602, 12.926619284137558, 0.0 ], [ 77.508714022245741, 12.926549772729279, 0.0 ], [ 77.508746439884291, 12.9263917921839, 0.0 ], [ 77.508772373995143, 12.926284365355951, 0.0 ], [ 77.508785341050555, 12.926170619252442, 0.0 ], [ 77.508778857522856, 12.926044234632181, 0.0 ], [ 77.508791824578267, 12.925898892239807, 0.0 ], [ 77.508863143383081, 12.925740911282546, 0.0 ], [ 77.508908528077058, 12.92560820720119, 0.0 ], [ 77.508902044549345, 12.925456545307551, 0.0 ], [ 77.508889077493933, 12.925323841075029, 0.0 ], [ 77.508856659855368, 12.925184817517698, 0.0 ], [ 77.508817758689105, 12.925090028684217, 0.0 ], [ 77.508714022245741, 12.925121624966049, 0.0 ], [ 77.508610285802376, 12.925165859753879, 0.0 ], [ 77.508545450525276, 12.9251848175177, 0.0 ], [ 77.50846116466505, 12.925216413787531, 0.0 ], [ 77.508383362332509, 12.92525432930606, 0.0 ], [ 77.508292592944557, 12.92525432930606, 0.0 ], [ 77.508221274139743, 12.925254329306059, 0.0 ], [ 77.508182372973494, 12.925279606315186, 0.0 ], [ 77.508188856501192, 12.925349118077142, 0.0 ], [ 77.508195340028919, 12.925399672073679, 0.0 ], [ 77.508201823556618, 12.925450226059981, 0.0 ], [ 77.508240724722882, 12.925526057020239, 0.0 ], [ 77.508299076472284, 12.925614526444749, 0.0 ], [ 77.508337977638533, 12.925766188242427, 0.0 ], [ 77.508428747026485, 12.926025276933631, 0.0 ], [ 77.508467648192749, 12.926107426950319, 0.0 ], [ 77.508538966997563, 12.926240130766301, 0.0 ], [ 77.508525999942151, 12.926372834511739, 0.0 ], [ 77.50853248346985, 12.926423388300972, 0.0 ], [ 77.508538966997563, 12.926492899744458, 0.0 ], [ 77.508519516414424, 12.926594007264056, 0.0 ], [ 77.508396329387935, 12.926701433958771, 0.0 ] ] ] ] } },
{ "type": "Feature", "properties": { "fid": 133, "year": "present", "condition": true, "Overlap": 0, "custodian": "BBMP", "status": null, "name": "Malgalu Kere", "bbmp_id": 178, "Category": "kunte", "area": 2809.5456128790975, "perimeter": 394.71224763445719, "area_acres": 0.69, "valley": "Vrishabhavati Valley", "Corporation": "West", "ward_name": "74 - Pattegar Palya", "subvalley": "VV_1", "area_m": 2807 }, "geometry": { "type": "MultiPolygon", "coordinates": [ [ [ [ 77.527117918811555, 12.977724352819505, 0.0 ], [ 77.527059033133057, 12.977737594724088, 0.0 ], [ 77.527040914462745, 12.97775966456347, 0.0 ], [ 77.527022795792448, 12.977768492498679, 0.0 ], [ 77.527004677122122, 12.977794976302429, 0.0 ], [ 77.527000147454558, 12.977839115969051, 0.0 ], [ 77.527013736457278, 12.977887669593306, 0.0 ], [ 77.527027325460011, 12.97794946510135, 0.0 ], [ 77.527045444130323, 12.977975948885822, 0.0 ], [ 77.527099800141244, 12.978024502483349, 0.0 ], [ 77.527181334157618, 12.978037744371941, 0.0 ], [ 77.527222101165833, 12.978037744371937, 0.0 ], [ 77.527303635182207, 12.978028916446279, 0.0 ], [ 77.527376109863454, 12.978020088520319, 0.0 ], [ 77.527471232882547, 12.978020088520323, 0.0 ], [ 77.527570885569247, 12.978028916446283, 0.0 ], [ 77.527670538255947, 12.978050986259809, 0.0 ], [ 77.527761131607505, 12.97809071191924, 0.0 ], [ 77.527838135956301, 12.978117195688652, 0.0 ], [ 77.527901551302364, 12.978148093416069, 0.0 ], [ 77.527937788642987, 12.978178991139638, 0.0 ], [ 77.527887962299644, 12.978214302819039, 0.0 ], [ 77.527860784294205, 12.978254028452348, 0.0 ], [ 77.527869843629333, 12.978311409911498, 0.0 ], [ 77.527865313961755, 12.978377619270971, 0.0 ], [ 77.527865313961755, 12.97843058674586, 0.0 ], [ 77.527883432632095, 12.97848796816425, 0.0 ], [ 77.52791966997269, 12.978536521661782, 0.0 ], [ 77.527960436980877, 12.978576247243598, 0.0 ], [ 77.528005733656656, 12.978607144913969, 0.0 ], [ 77.528123505013639, 12.978629214676159, 0.0 ], [ 77.52818692035973, 12.978611558866568, 0.0 ], [ 77.528227687367917, 12.978558591430238, 0.0 ], [ 77.52823221703548, 12.97844382861282, 0.0 ], [ 77.528223157700339, 12.978337893657399, 0.0 ], [ 77.528209568697619, 12.978280512204382, 0.0 ], [ 77.52814162368395, 12.978227544697518, 0.0 ], [ 77.528105386343341, 12.97819223302001, 0.0 ], [ 77.5279966743215, 12.978134851533357, 0.0 ], [ 77.527860784294205, 12.978077470033456, 0.0 ], [ 77.527774720610211, 12.978050986259811, 0.0 ], [ 77.527656949253213, 12.978011260594059, 0.0 ], [ 77.527539177896216, 12.977993604740558, 0.0 ], [ 77.52743952520953, 12.977980362849619, 0.0 ], [ 77.52733987252283, 12.977967120957977, 0.0 ], [ 77.527276457176754, 12.977927395278819, 0.0 ], [ 77.527240219836131, 12.977870013731041, 0.0 ], [ 77.527199452827944, 12.97779497630243, 0.0 ], [ 77.527158685819757, 12.977759664563466, 0.0 ], [ 77.527126978146697, 12.977742008692118, 0.0 ], [ 77.527117918811555, 12.977724352819505, 0.0 ] ] ] ] } },
{ "type": "Feature", "properties": { "fid": 134, "year": "present", "condition": true, "Overlap": 0, "custodian": "BBMP", "status": "Work in progress", "name": "Mallathahalli Kere", "bbmp_id": 107, "Category": "kere", "area": 212606.30872391816, "perimeter": 2249.1469413382351, "area_acres": 52.53, "valley": "Vrishabhavati Valley", "Corporation": "West", "ward_name": "16 - Ullal", "subvalley": "VV_2", "area_m": 212391 }, "geometry": { "type": "MultiPolygon", "coordinates": [ [ [ [ 77.495671246200061, 12.96748331351583, 0.0 ], [ 77.496546175985401, 12.96709728905387, 0.0 ], [ 77.49659104875559, 12.966926315658242, 0.0 ], [ 77.496397152681567, 12.966477455676717, 0.0 ], [ 77.496285370682742, 12.966011057923597, 0.0 ], [ 77.496262622346364, 12.965753939137548, 0.0 ], [ 77.496256313338449, 12.965432709054088, 0.0 ], [ 77.49626033652109, 12.965213401037667, 0.0 ], [ 77.496407094200435, 12.96498358754592, 0.0 ], [ 77.496330700833894, 12.964484873383668, 0.0 ], [ 77.496180299233956, 12.964349272679238, 0.0 ], [ 77.495896397022236, 12.964004241249567, 0.0 ], [ 77.495668472396147, 12.963482192727209, 0.0 ], [ 77.495375481550653, 12.963135512627321, 0.0 ], [ 77.495149082998054, 12.962766350472812, 0.0 ], [ 77.495076178375342, 12.96215544217822, 0.0 ], [ 77.495053691023486, 12.962133814646329, 0.0 ], [ 77.49443253430664, 12.962380043282231, 0.0 ], [ 77.493677322608818, 12.962583868907299, 0.0 ], [ 77.492967518880221, 12.962874630161389, 0.0 ], [ 77.492520166222405, 12.962682326755452, 0.0 ], [ 77.492161240789244, 12.96242364620789, 0.0 ], [ 77.49180231605574, 12.962164965025282, 0.0 ], [ 77.491644906274999, 12.962013569904478, 0.0 ], [ 77.491583097042124, 12.962516554544482, 0.0 ], [ 77.491988736054665, 12.962993220292679, 0.0 ], [ 77.492214260887607, 12.963275021699399, 0.0 ], [ 77.492660962051772, 12.963401802268468, 0.0 ], [ 77.492929069914226, 12.963486606627022, 0.0 ], [ 77.493072695957537, 12.964490015364714, 0.0 ], [ 77.492944080132901, 12.96499363994614, 0.0 ], [ 77.492637521494771, 12.96552081242881, 0.0 ], [ 77.492619602241689, 12.96595784708183, 0.0 ], [ 77.492627433996361, 12.96674412539638, 0.0 ], [ 77.492450578323144, 12.966876878650302, 0.0 ], [ 77.492546838218843, 12.967596780345922, 0.0 ], [ 77.493191585494742, 12.967481386511208, 0.0 ], [ 77.493752039999421, 12.967847348035178, 0.0 ], [ 77.494087834476161, 12.968018873940432, 0.0 ], [ 77.494511185989708, 12.968036657935899, 0.0 ], [ 77.494864242524301, 12.967705625582889, 0.0 ], [ 77.49510529413493, 12.967310137806527, 0.0 ], [ 77.495520690945241, 12.967332487128029, 0.0 ], [ 77.495671246200061, 12.96748331351583, 0.0 ] ] ] ] } },
{ "type": "Feature", "properties": { "fid": 135, "year": "present", "condition": true, "Overlap": 0, "custodian": "BBMP", "status": "Developed lake", "name": "Uttarahalli Kere", "bbmp_id": 68, "Category": "kere", "area": 39287.165341975167, "perimeter": 899.32572039023717, "area_acres": 9.71, "valley": "Vrishabhavati Valley", "Corporation": "South", "ward_name": "51 - Subramanyapura", "subvalley": "VV_1", "area_m": 39245 }, "geometry": { "type": "MultiPolygon", "coordinates": [ [ [ [ 77.540203951540036, 12.908015339430669, 0.0 ], [ 77.540496584599396, 12.908329210614808, 0.0 ], [ 77.540799246918468, 12.908533771311701, 0.0 ], [ 77.54115734931483, 12.908715949865528, 0.0 ], [ 77.54154807565746, 12.908821361776177, 0.0 ], [ 77.541939575082239, 12.909003214202627, 0.0 ], [ 77.542656114175216, 12.909400327500332, 0.0 ], [ 77.542889556660853, 12.909365291767072, 0.0 ], [ 77.542986542199941, 12.909047632042265, 0.0 ], [ 77.542995244283773, 12.908807280233368, 0.0 ], [ 77.542713298267969, 12.90844962357103, 0.0 ], [ 77.542455163092399, 12.908244632077258, 0.0 ], [ 77.542308348643459, 12.908038557123183, 0.0 ], [ 77.542083389473618, 12.90781139984299, 0.0 ], [ 77.541980662081784, 12.907561210717061, 0.0 ], [ 77.541900530117928, 12.90734356542991, 0.0 ], [ 77.541886307180732, 12.907037909017061, 0.0 ], [ 77.541607013982897, 12.906942334547068, 0.0 ], [ 77.541396940946356, 12.907086353942988, 0.0 ], [ 77.541155789194477, 12.907460021648568, 0.0 ], [ 77.540556204876793, 12.907618749553597, 0.0 ], [ 77.540433642227882, 12.907609019948287, 0.0 ], [ 77.540190171740107, 12.907753363290578, 0.0 ], [ 77.540068822491264, 12.90786375553583, 0.0 ], [ 77.540203951540036, 12.908015339430669, 0.0 ] ] ] ] } },
{ "type": "Feature", "properties": { "fid": 136, "year": "present", "condition": true, "Overlap": 0, "custodian": "BBMP", "status": "Work in progress", "name": "Nayandanahalli kere", "bbmp_id": 177, "Category": "kere", "area": 66997.297550648451, "perimeter": 1196.6446678993912, "area_acres": 16.55, "valley": "Vrishabhavati Valley", "Corporation": "West", "ward_name": "81 - Nayanda Halli", "subvalley": "VV_1", "area_m": 66927 }, "geometry": { "type": "MultiPolygon", "coordinates": [ [ [ [ 77.519941553412679, 12.941072042615597, 0.0 ], [ 77.520586677436626, 12.941369858526009, 0.0 ], [ 77.52149486590308, 12.941404510317279, 0.0 ], [ 77.5220944007866, 12.941572454420271, 0.0 ], [ 77.522584327156906, 12.94185004837597, 0.0 ], [ 77.523249847257233, 12.9419739146496, 0.0 ], [ 77.523378536703831, 12.941560025091476, 0.0 ], [ 77.522886862428706, 12.941108704848432, 0.0 ], [ 77.522614407309163, 12.940438080843409, 0.0 ], [ 77.522186536257536, 12.939725523873086, 0.0 ], [ 77.521606307569684, 12.939275056940881, 0.0 ], [ 77.521114204526071, 12.938780299840422, 0.0 ], [ 77.520756253104722, 12.938414553124401, 0.0 ], [ 77.520506723301509, 12.940024107619566, 0.0 ], [ 77.520070466700219, 12.940679869773749, 0.0 ], [ 77.519941553412679, 12.941072042615597, 0.0 ] ] ] ] } },
{ "type": "Feature", "properties": { "fid": 137, "year": "present", "condition": true, "Overlap": 0, "custodian": "BBMP", "status": "Developed lake", "name": "Sankey Kere", "bbmp_id": 176, "Category": "kere", "area": 145132.39966212492, "perimeter": 2968.3982542580006, "area_acres": 35.86, "valley": "Vrishabhavati Valley", "Corporation": "West", "ward_name": "50 - Sadashiva Nagara", "subvalley": "VV_1", "area_m": 144969 }, "geometry": { "type": "MultiPolygon", "coordinates": [ [ [ [ 77.572468821570979, 13.008615341526419, 0.0 ], [ 77.572426078337614, 13.008790500406278, 0.0 ], [ 77.572520984272614, 13.008670474770458, 0.0 ], [ 77.572468821570979, 13.008615341526419, 0.0 ] ] ], [ [ [ 77.57310686929209, 13.010006893981521, 0.0 ], [ 77.573067731318901, 13.0105314870881, 0.0 ], [ 77.572899913939395, 13.011537877774952, 0.0 ], [ 77.572683945426917, 13.012195276164679, 0.0 ], [ 77.573002524637758, 13.012847372101122, 0.0 ], [ 77.572564277414955, 13.013550659371507, 0.0 ], [ 77.572304662499107, 13.014295858297796, 0.0 ], [ 77.572088240741095, 13.014909577514489, 0.0 ], [ 77.571825469672376, 13.015349021340192, 0.0 ], [ 77.571830426005505, 13.01582949361017, 0.0 ], [ 77.57227724069196, 13.015956112918026, 0.0 ], [ 77.572495465109995, 13.015517110604389, 0.0 ], [ 77.572490056947785, 13.014992959298498, 0.0 ], [ 77.572937771674617, 13.015206936213739, 0.0 ], [ 77.573163657897766, 13.015510480959531, 0.0 ], [ 77.573297296410928, 13.015509154824429, 0.0 ], [ 77.573201892827129, 13.014898529406487, 0.0 ], [ 77.573019651785017, 13.014507184092338, 0.0 ], [ 77.572707379058542, 13.014466598462493, 0.0 ], [ 77.572791513405122, 13.013985242652108, 0.0 ], [ 77.572836059318519, 13.013984800729451, 0.0 ], [ 77.573143823989483, 13.013588593735857, 0.0 ], [ 77.573271601762485, 13.01301943748687, 0.0 ], [ 77.573264840900976, 13.01236424862628, 0.0 ], [ 77.573395773336927, 13.012100847226929, 0.0 ], [ 77.573528508505163, 13.01201216281229, 0.0 ], [ 77.574059898988352, 13.011701103877941, 0.0 ], [ 77.574281273685926, 13.011567855802479, 0.0 ], [ 77.574597600895814, 13.012001553104367, 0.0 ], [ 77.574621000988969, 13.012110530054272, 0.0 ], [ 77.574943504935021, 13.012063644916649, 0.0 ], [ 77.575062735216548, 13.011745754585062, 0.0 ], [ 77.575147203214684, 13.011297158338127, 0.0 ], [ 77.575110750006999, 13.011002655418118, 0.0 ], [ 77.575096118604165, 13.010664252168146, 0.0 ], [ 77.575128061866593, 13.010521963112337, 0.0 ], [ 77.57514683946043, 13.01018322820609, 0.0 ], [ 77.575220509271162, 13.009767501959248, 0.0 ], [ 77.575350311183669, 13.009394902173822, 0.0 ], [ 77.575558291931685, 13.009043368094019, 0.0 ], [ 77.575733765535162, 13.008779524007181, 0.0 ], [ 77.576573576290883, 13.008137772091491, 0.0 ], [ 77.577127677988571, 13.007870166993721, 0.0 ], [ 77.577281553697532, 13.00767206223065, 0.0 ], [ 77.576991787974734, 13.007653098609449, 0.0 ], [ 77.576192239554658, 13.007879456952779, 0.0 ], [ 77.575681779251369, 13.00805925964565, 0.0 ], [ 77.574657249458724, 13.008069428625401, 0.0 ], [ 77.573879067341267, 13.00820820094366, 0.0 ], [ 77.573298632521826, 13.008082907351959, 0.0 ], [ 77.572921803305121, 13.008261379591762, 0.0 ], [ 77.572634964253993, 13.008526326570058, 0.0 ], [ 77.572520984272614, 13.008670474770458, 0.0 ], [ 77.572919226931702, 13.0090913964065, 0.0 ], [ 77.57310686929209, 13.010006893981521, 0.0 ] ] ] ] } },
{ "type": "Feature", "properties": { "fid": 138, "year": "present", "condition": true, "Overlap": 0, "custodian": "BBMP", "status": null, "name": "Subramanyapura Kere", "bbmp_id": 69, "Category": "kere", "area": 34511.112737864256, "perimeter": 998.21842636105453, "area_acres": 8.53, "valley": "Vrishabhavati Valley", "Corporation": "South", "ward_name": "51 - Subramanyapura", "subvalley": "VV_1", "area_m": 34474 }, "geometry": { "type": "MultiPolygon", "coordinates": [ [ [ [ 77.541468908284017, 12.897061486947972, 0.0 ], [ 77.542002008680967, 12.896936171433131, 0.0 ], [ 77.542402743650229, 12.896932275565971, 0.0 ], [ 77.542671555233852, 12.8970934805248, 0.0 ], [ 77.542898158276472, 12.897484441662169, 0.0 ], [ 77.543233318581059, 12.897601315677466, 0.0 ], [ 77.543500034190984, 12.897555036463729, 0.0 ], [ 77.543531221315121, 12.897336308387116, 0.0 ], [ 77.543516337133411, 12.8969651311484, 0.0 ], [ 77.543414166906601, 12.89676954266071, 0.0 ], [ 77.543388924119654, 12.896474914774906, 0.0 ], [ 77.543341639202779, 12.896202343721308, 0.0 ], [ 77.543149755631148, 12.895942100098608, 0.0 ], [ 77.543112278551476, 12.895538378674107, 0.0 ], [ 77.543097616276881, 12.895189041565528, 0.0 ], [ 77.542981668014022, 12.894731476881651, 0.0 ], [ 77.543001393335288, 12.894480096531959, 0.0 ], [ 77.542909914977912, 12.894240718640637, 0.0 ], [ 77.542699742062879, 12.89437381691676, 0.0 ], [ 77.54242763374917, 12.894988051956982, 0.0 ], [ 77.542342884079048, 12.895414804420939, 0.0 ], [ 77.542303101399497, 12.895884804741842, 0.0 ], [ 77.542161921866679, 12.896235657077531, 0.0 ], [ 77.542041460813053, 12.896433410529939, 0.0 ], [ 77.541832719520841, 12.896708470815922, 0.0 ], [ 77.541788634612544, 12.896752584325283, 0.0 ], [ 77.541468908284017, 12.897061486947972, 0.0 ] ] ] ] } },
{ "type": "Feature", "properties": { "fid": 139, "year": "present", "condition": true, "Overlap": 0, "custodian": "BBMP", "status": "Developed lake", "name": "Ullalu Kere", "bbmp_id": 108, "Category": "kere", "area": 97146.968010079116, "perimeter": 1692.389252826104, "area_acres": 24.0, "valley": "Vrishabhavati Valley", "Corporation": "West", "ward_name": "16 - Ullal", "subvalley": "VV_2", "area_m": 97051 }, "geometry": { "type": "MultiPolygon", "coordinates": [ [ [ [ 77.48020004897954, 12.963313425294132, 0.0 ], [ 77.481079279910475, 12.963261357978839, 0.0 ], [ 77.481145656823884, 12.963217038516238, 0.0 ], [ 77.481297757884946, 12.962833330216951, 0.0 ], [ 77.481316672244418, 12.962494578361184, 0.0 ], [ 77.481369316149767, 12.962188269922338, 0.0 ], [ 77.481478717017623, 12.961990636984819, 0.0 ], [ 77.481706921184283, 12.961420534843811, 0.0 ], [ 77.481838266541246, 12.961189927640522, 0.0 ], [ 77.482068526375997, 12.960827317316918, 0.0 ], [ 77.482388189178366, 12.960496619277949, 0.0 ], [ 77.482663853233859, 12.960220948891189, 0.0 ], [ 77.482863630445664, 12.96015351352948, 0.0 ], [ 77.483096378794627, 12.96004207691858, 0.0 ], [ 77.483363397822359, 12.960017686383534, 0.0 ], [ 77.483641443238014, 12.959982268732638, 0.0 ], [ 77.483931165000854, 12.960001347601727, 0.0 ], [ 77.484096670376346, 12.959846865258198, 0.0 ], [ 77.484028236504287, 12.959683693638921, 0.0 ], [ 77.483871699375428, 12.9596196574558, 0.0 ], [ 77.48338220155162, 12.959668014240391, 0.0 ], [ 77.482693684448648, 12.959860249806356, 0.0 ], [ 77.482194566320132, 12.960061599425538, 0.0 ], [ 77.481816739802014, 12.960141653562978, 0.0 ], [ 77.481538693588078, 12.960177069340968, 0.0 ], [ 77.481282375821976, 12.96015766939604, 0.0 ], [ 77.480958599760157, 12.960073382136839, 0.0 ], [ 77.480465962151541, 12.95980503515476, 0.0 ], [ 77.480231806150741, 12.959774501245688, 0.0 ], [ 77.479705332654007, 12.959462788249429, 0.0 ], [ 77.479447501559264, 12.959290497260778, 0.0 ], [ 77.479489232668442, 12.9601310689791, 0.0 ], [ 77.479464263385793, 12.960983197651601, 0.0 ], [ 77.479468589404476, 12.9614200235198, 0.0 ], [ 77.479469135481907, 12.96259955936485, 0.0 ], [ 77.479618541365511, 12.963067767970379, 0.0 ], [ 77.479741458896427, 12.963110283512469, 0.0 ], [ 77.48020004897954, 12.963313425294132, 0.0 ] ] ] ] } },
{ "type": "Feature", "properties": { "fid": 140, "year": "present", "condition": true, "Overlap": 0, "custodian": "BBMP", "status": null, "name": "Dubasipalya Kere (Valagerehalli)", "bbmp_id": 109, "Category": "kere", "area": 41803.707888355479, "perimeter": 1007.6792664561808, "area_acres": 10.33, "valley": "Vrishabhavati Valley", "Corporation": "West", "ward_name": "19 - Kengeri", "subvalley": "VV_2", "area_m": 41761 }, "geometry": { "type": "MultiPolygon", "coordinates": [ [ [ [ 77.495189794109123, 12.932258958383008, 0.0 ], [ 77.495681387018649, 12.932024392666786, 0.0 ], [ 77.496078409567261, 12.93181089533635, 0.0 ], [ 77.495927250357511, 12.931538254344458, 0.0 ], [ 77.495619778433493, 12.93135276103161, 0.0 ], [ 77.495428755750723, 12.930583717343129, 0.0 ], [ 77.495204086428288, 12.929943473640638, 0.0 ], [ 77.495108855807928, 12.92914781736066, 0.0 ], [ 77.494877574750902, 12.92925884054449, 0.0 ], [ 77.494713179031294, 12.929522530621039, 0.0 ], [ 77.494527927111349, 12.929928400693772, 0.0 ], [ 77.494307972120211, 12.93020354348851, 0.0 ], [ 77.49414324974309, 12.930434471757106, 0.0 ], [ 77.493671022326339, 12.931094281724951, 0.0 ], [ 77.493496141878282, 12.931423601216359, 0.0 ], [ 77.493343288393746, 12.93155739198521, 0.0 ], [ 77.493407651851641, 12.93164064118981, 0.0 ], [ 77.493809181389835, 12.931551667768741, 0.0 ], [ 77.494175826494256, 12.931471711162763, 0.0 ], [ 77.494399472819936, 12.931567866914291, 0.0 ], [ 77.494702247743035, 12.931783403105008, 0.0 ], [ 77.494903736078896, 12.93189069183698, 0.0 ], [ 77.495049991407612, 12.932042195035109, 0.0 ], [ 77.495189794109123, 12.932258958383008, 0.0 ] ] ] ] } },
{ "type": "Feature", "properties": { "fid": 141, "year": "present", "condition": true, "Overlap": 0, "custodian": "BBMP", "status": "Developed lake", "name": "Yediyur kere", "bbmp_id": 161, "Category": "kere", "area": 110994.22673460841, "perimeter": 1297.476331888653, "area_acres": 27.43, "valley": "Vrishabhavati Valley", "Corporation": "West", "ward_name": "105 - Yediyuru", "subvalley": "VV_1", "area_m": 110868 }, "geometry": { "type": "MultiPolygon", "coordinates": [ [ [ [ 77.575650745894222, 12.932759605851251, 0.0 ], [ 77.575433469222403, 12.933285957746227, 0.0 ], [ 77.575179281348852, 12.9345552998365, 0.0 ], [ 77.575182419534272, 12.934861055918729, 0.0 ], [ 77.57549817630634, 12.935251092417069, 0.0 ], [ 77.575547192020082, 12.935687446859941, 0.0 ], [ 77.575377584478474, 12.93651911526457, 0.0 ], [ 77.575690653249936, 12.93664707453719, 0.0 ], [ 77.576091440527208, 12.936643115264991, 0.0 ], [ 77.576936200510474, 12.93650371666304, 0.0 ], [ 77.577245679814851, 12.936282239010559, 0.0 ], [ 77.578040968107757, 12.93566280457167, 0.0 ], [ 77.577943377318348, 12.93483377754551, 0.0 ], [ 77.577934850465894, 12.9340038699698, 0.0 ], [ 77.577881792974409, 12.933174402482607, 0.0 ], [ 77.57680721198335, 12.932617131657068, 0.0 ], [ 77.575650745894222, 12.932759605851251, 0.0 ] ] ] ] } },
{ "type": "Feature", "properties": { "fid": 142, "year": "present", "condition": true, "Overlap": 0, "custodian": "BBMP", "status": "Developed lake", "name": "Bheemana Katte Kere", "bbmp_id": 134, "Category": "kunte", "area": 3378.23671432212, "perimeter": 253.92233981699025, "area_acres": 0.83, "valley": "Vrishabhavati Valley", "Corporation": "West", "ward_name": "22 - Bangarappa Nagara", "subvalley": "VV_1", "area_m": 3375 }, "geometry": { "type": "MultiPolygon", "coordinates": [ [ [ [ 77.528582387330573, 12.914688452235959, 0.0 ], [ 77.528449280051788, 12.914620014776236, 0.0 ], [ 77.528449338268459, 12.914829456890178, 0.0 ], [ 77.528446249832513, 12.915009475319287, 0.0 ], [ 77.528471003759719, 12.915179772433047, 0.0 ], [ 77.528530461885822, 12.915338663084622, 0.0 ], [ 77.528578342258285, 12.915452450300499, 0.0 ], [ 77.528651292716788, 12.915540019121043, 0.0 ], [ 77.528727288692323, 12.915531591254108, 0.0 ], [ 77.528833135399296, 12.91544648520196, 0.0 ], [ 77.528930889315745, 12.915331165126807, 0.0 ], [ 77.529008342294773, 12.915293668353961, 0.0 ], [ 77.528776919439565, 12.914948706857849, 0.0 ], [ 77.528582387330573, 12.914688452235959, 0.0 ] ] ] ] } },
{ "type": "Feature", "properties": { "fid": 143, "year": "present", "condition": true, "Overlap": 0, "custodian": "BBMP", "status": "To Be Developed", "name": "Srigandhakavalu Karabu Katte", "bbmp_id": 132, "Category": "gokatte", "area": 11581.049863930792, "perimeter": 446.92426343458072, "area_acres": 2.86, "valley": "Vrishabhavati Valley", "Corporation": "West", "ward_name": "27 - Srigandada Kaval", "subvalley": "VV_2", "area_m": 11569 }, "geometry": { "type": "MultiPolygon", "coordinates": [ [ [ [ 77.500081272908773, 12.98424946189464, 0.0 ], [ 77.500239829138437, 12.984388490592691, 0.0 ], [ 77.500371096709003, 12.984470728144151, 0.0 ], [ 77.500614873059646, 12.984516744554769, 0.0 ], [ 77.500942178241928, 12.984497387664186, 0.0 ], [ 77.501279459137365, 12.984472826324488, 0.0 ], [ 77.501615160774776, 12.98446401848644, 0.0 ], [ 77.501637316927344, 12.984355478952168, 0.0 ], [ 77.501568089798667, 12.984219431339808, 0.0 ], [ 77.501505832468524, 12.98414517577721, 0.0 ], [ 77.501347924263513, 12.98410554376774, 0.0 ], [ 77.501226253690788, 12.984073498281539, 0.0 ], [ 77.501131260852432, 12.983991222263588, 0.0 ], [ 77.501045020047201, 12.98390500494169, 0.0 ], [ 77.500951066391565, 12.98378901224536, 0.0 ], [ 77.500888983677456, 12.983709686749958, 0.0 ], [ 77.500796847392181, 12.983651740915219, 0.0 ], [ 77.500668996463176, 12.98358978808395, 0.0 ], [ 77.500598878315998, 12.983530372491238, 0.0 ], [ 77.500488896970992, 12.983574221505101, 0.0 ], [ 77.500284898977597, 12.983676764090742, 0.0 ], [ 77.500139451776747, 12.983822035177083, 0.0 ], [ 77.500113990337539, 12.98392292542191, 0.0 ], [ 77.500081272908773, 12.98424946189464, 0.0 ] ] ] ] } },
{ "type": "Feature", "properties": { "fid": 144, "year": "present", "condition": true, "Overlap": 0, "custodian": "BBMP", "status": "To Be Developed", "name": "Lingadeeranahalli kere", "bbmp_id": 116, "Category": "kere", "area": 41119.536098677665, "perimeter": 860.86960919229807, "area_acres": 10.16, "valley": "Suvarnamukhi Valley", "Corporation": "South", "ward_name": "52 - Talagattapura", "subvalley": "SV_1", "area_m": 41077 }, "geometry": { "type": "MultiPolygon", "coordinates": [ [ [ [ 77.51362630992169, 12.871340891979509, 0.0 ], [ 77.512889952245928, 12.871399862857752, 0.0 ], [ 77.513201498797216, 12.871953749109828, 0.0 ], [ 77.513423324831464, 12.872299540085319, 0.0 ], [ 77.513686608207124, 12.872857600400588, 0.0 ], [ 77.514789689430259, 12.872771029124451, 0.0 ], [ 77.51509970190979, 12.87276619394437, 0.0 ], [ 77.51493117449624, 12.87176846276305, 0.0 ], [ 77.514913232987311, 12.870844295909521, 0.0 ], [ 77.514829296155639, 12.870481040741952, 0.0 ], [ 77.514340008296855, 12.870470935208919, 0.0 ], [ 77.514314619395208, 12.870470839475299, 0.0 ], [ 77.513933404233754, 12.870625781995599, 0.0 ], [ 77.513916369905502, 12.870625716731089, 0.0 ], [ 77.513720159670029, 12.871066278212108, 0.0 ], [ 77.513720159453143, 12.871091258197499, 0.0 ], [ 77.51362630992169, 12.871340891979509, 0.0 ] ] ] ] } },
{ "type": "Feature", "properties": { "fid": 145, "year": "present", "condition": true, "Overlap": 0, "custodian": "BBMP", "status": "To Be Developed", "name": "Nagarabhavi Kere", "bbmp_id": 133, "Category": "kere", "area": 14500.920263240114, "perimeter": 578.29729449252522, "area_acres": 3.58, "valley": "Vrishabhavati Valley", "Corporation": "West", "ward_name": "25 - Vinayaka Layout", "subvalley": "VV_1", "area_m": 14486 }, "geometry": { "type": "MultiPolygon", "coordinates": [ [ [ [ 77.508493031170062, 12.964365207733019, 0.0 ], [ 77.508400949931826, 12.96444662335122, 0.0 ], [ 77.508413672820041, 12.964614754939596, 0.0 ], [ 77.508416897929109, 12.964621918847039, 0.0 ], [ 77.508404845384433, 12.964957442334168, 0.0 ], [ 77.508418260617503, 12.965166524654901, 0.0 ], [ 77.508486668942524, 12.96526797563696, 0.0 ], [ 77.508528777981581, 12.965404443222118, 0.0 ], [ 77.508729759945169, 12.965639344246966, 0.0 ], [ 77.5089296874079, 12.965873069225729, 0.0 ], [ 77.509062362411555, 12.96596350031062, 0.0 ], [ 77.509181778064089, 12.965884167508928, 0.0 ], [ 77.509368897383084, 12.965748300371279, 0.0 ], [ 77.509517147263253, 12.965455333903076, 0.0 ], [ 77.509528059279873, 12.965431894212838, 0.0 ], [ 77.509818729812153, 12.965130277478012, 0.0 ], [ 77.509822174591051, 12.965122809163191, 0.0 ], [ 77.51003306125051, 12.964933560029129, 0.0 ], [ 77.509979980008552, 12.964758026560268, 0.0 ], [ 77.509828652452057, 12.964875286148789, 0.0 ], [ 77.509610930217065, 12.96500586096851, 0.0 ], [ 77.509269861204103, 12.964927222880799, 0.0 ], [ 77.508958961644225, 12.964772761258541, 0.0 ], [ 77.508668983116422, 12.964535906736447, 0.0 ], [ 77.508493031170062, 12.964365207733019, 0.0 ] ] ] ] } },
{ "type": "Feature", "properties": { "fid": 146, "year": "present", "condition": true, "Overlap": 0, "custodian": "BBMP", "status": null, "name": "Sompura Kere", "bbmp_id": 119, "Category": "kere", "area": 69246.509996667504, "perimeter": 1287.6784697197459, "area_acres": 17.11, "valley": "Vrishabhavati Valley", "Corporation": "South", "ward_name": "52 - Talagattapura", "subvalley": "VV_2", "area_m": 69176 }, "geometry": { "type": "MultiPolygon", "coordinates": [ [ [ [ 77.497230802000047, 12.87518113700003, 0.0 ], [ 77.498026344000039, 12.875697483000071, 0.0 ], [ 77.498177768000062, 12.875572640000028, 0.0 ], [ 77.498315489000049, 12.875468529000038, 0.0 ], [ 77.498355733000039, 12.87519532800008, 0.0 ], [ 77.498491474000048, 12.87505771800005, 0.0 ], [ 77.49981648000005, 12.875652147000038, 0.0 ], [ 77.499768504000031, 12.876037364000068, 0.0 ], [ 77.499962957000037, 12.87613129600004, 0.0 ], [ 77.500766171000066, 12.876636270000059, 0.0 ], [ 77.50083380100007, 12.876285192000068, 0.0 ], [ 77.500973190000082, 12.875949525000072, 0.0 ], [ 77.501142248000065, 12.87561781400006, 0.0 ], [ 77.501128885000071, 12.875207538000039, 0.0 ], [ 77.500826833000076, 12.87506076900007, 0.0 ], [ 77.500541727000041, 12.87474018600005, 0.0 ], [ 77.500000489000058, 12.874464411000082, 0.0 ], [ 77.499621046000073, 12.874097793000029, 0.0 ], [ 77.499026652000055, 12.873824416000044, 0.0 ], [ 77.498254110000062, 12.873540462000049, 0.0 ], [ 77.49793279000005, 12.873580019000027, 0.0 ], [ 77.497515075000081, 12.87433098300005, 0.0 ], [ 77.497230802000047, 12.87518113700003, 0.0 ] ] ] ] } },
{ "type": "Feature", "properties": { "fid": 147, "year": "present", "condition": true, "Overlap": 0, "custodian": "BBMP", "status": null, "name": "Kalyanikunte (Near Saibaba Temple)", "bbmp_id": 96, "Category": "kalyani", "area": 5876.9563716098201, "perimeter": 305.45962354705944, "area_acres": 1.45, "valley": "Vrishabhavati Valley", "Corporation": "South", "ward_name": "48 - Vasanthapura", "subvalley": "VV_1", "area_m": 5870 }, "geometry": { "type": "MultiPolygon", "coordinates": [ [ [ [ 77.554315, 12.8950552, 0.0 ], [ 77.5544456, 12.8944782, 0.0 ], [ 77.5537016, 12.8942739, 0.0 ], [ 77.5536446, 12.8944984, 0.0 ], [ 77.5535452, 12.8948905, 0.0 ], [ 77.5537252, 12.8949364, 0.0 ], [ 77.5537265, 12.8949368, 0.0 ], [ 77.5539922, 12.8950124, 0.0 ], [ 77.5541433, 12.8950397, 0.0 ], [ 77.5543009, 12.8950557, 0.0 ], [ 77.554315, 12.8950552, 0.0 ] ] ] ] } },
{ "type": "Feature", "properties": { "fid": 148, "year": "present", "condition": true, "Overlap": 0, "custodian": "BBMP", "status": null, "name": "Beretena Agrahara (Chowdeshwari Kere)", "bbmp_id": 82, "Category": "kere", "area": 32825.623990148306, "perimeter": 982.39512686157445, "area_acres": 8.11, "valley": "Koramangala Challaghatta Valley", "Corporation": "South", "ward_name": "34 - Chikkathoguru", "subvalley": "KC_2", "area_m": 32784 }, "geometry": { "type": "MultiPolygon", "coordinates": [ [ [ [ 77.659809770290806, 12.8665652891188, 0.0 ], [ 77.6599064930232, 12.866673712741898, 0.0 ], [ 77.659894196714504, 12.867034295346901, 0.0 ], [ 77.660420113133299, 12.866850060736901, 0.0 ], [ 77.660695681127507, 12.866797105122599, 0.0 ], [ 77.660942774731893, 12.866749621146297, 0.0 ], [ 77.661047707046905, 12.866729456230798, 0.0 ], [ 77.661178967912704, 12.8667303824048, 0.0 ], [ 77.661509997427999, 12.866427901477199, 0.0 ], [ 77.661196960425997, 12.8663139659587, 0.0 ], [ 77.661123341828201, 12.866236146595098, 0.0 ], [ 77.660832997904393, 12.865777703671897, 0.0 ], [ 77.660658917075111, 12.865559635977402, 0.0 ], [ 77.660547908595902, 12.865125663290199, 0.0 ], [ 77.660751388226501, 12.864235994082598, 0.0 ], [ 77.660755632632203, 12.8641029715341, 0.0 ], [ 77.660766518393899, 12.863761805790197, 0.0 ], [ 77.660701317396004, 12.863670865986, 0.0 ], [ 77.6606148056308, 12.863550202607595, 0.0 ], [ 77.660389566471494, 12.863615173676999, 0.0 ], [ 77.660362408591297, 12.863801153147101, 0.0 ], [ 77.660298931360103, 12.863994643711401, 0.0 ], [ 77.660149085705896, 12.8642818627988, 0.0 ], [ 77.660136109068304, 12.864431986072297, 0.0 ], [ 77.660003100429293, 12.864681833039102, 0.0 ], [ 77.659973888710098, 12.864926461965799, 0.0 ], [ 77.659962041462094, 12.865183710630799, 0.0 ], [ 77.659795779315104, 12.865985353209201, 0.0 ], [ 77.659799694832003, 12.866356721213299, 0.0 ], [ 77.659809770290806, 12.8665652891188, 0.0 ] ] ] ] } },
{ "type": "Feature", "properties": { "fid": 149, "year": "present", "condition": true, "Overlap": 0, "custodian": "BBMP", "status": null, "name": "Chikka Bettahalli Kere", "bbmp_id": 138, "Category": "kunte", "area": 3241.8249138537794, "perimeter": 224.87074246620526, "area_acres": 0.8, "valley": "Hebbal Nagawara Valley", "Corporation": "North", "ward_name": "7 - Attur", "subvalley": "AV_1", "area_m": 3238 }, "geometry": { "type": "MultiPolygon", "coordinates": [ [ [ [ 77.551927953881403, 13.091167803781385, 0.0 ], [ 77.551934172156976, 13.091176094815481, 0.0 ], [ 77.551942463191068, 13.091184385849582, 0.0 ], [ 77.55195075422516, 13.091190604125153, 0.0 ], [ 77.551959045259252, 13.091196822400716, 0.0 ], [ 77.551967336293359, 13.091203040676293, 0.0 ], [ 77.55197770008597, 13.091207186193348, 0.0 ], [ 77.551985991120063, 13.091213404468911, 0.0 ], [ 77.551996354912689, 13.091217549985956, 0.0 ], [ 77.552008791463834, 13.091223768261527, 0.0 ], [ 77.552021228014979, 13.091232059295631, 0.0 ], [ 77.552033664566125, 13.091236204812677, 0.0 ], [ 77.552044028358736, 13.09124242308825, 0.0 ], [ 77.552052319392828, 13.091248641363817, 0.0 ], [ 77.552066828702493, 13.091254859639394, 0.0 ], [ 77.552077192495119, 13.091261077914959, 0.0 ], [ 77.552091701804784, 13.091267296190532, 0.0 ], [ 77.552099992838876, 13.091273514466105, 0.0 ], [ 77.552108283872982, 13.091279732741674, 0.0 ], [ 77.552118647665594, 13.091285951017246, 0.0 ], [ 77.552126938699686, 13.091292169292823, 0.0 ], [ 77.552137302492312, 13.091298387568395, 0.0 ], [ 77.552145593526404, 13.091304605843966, 0.0 ], [ 77.55215803007755, 13.091310824119537, 0.0 ], [ 77.552170466628695, 13.091317042395108, 0.0 ], [ 77.552180830421321, 13.091323260670684, 0.0 ], [ 77.552193266972452, 13.091327406187728, 0.0 ], [ 77.552203630765078, 13.091331551704776, 0.0 ], [ 77.552213994557704, 13.091337769980349, 0.0 ], [ 77.552226431108835, 13.091341915497395, 0.0 ], [ 77.552236794901461, 13.091346061014445, 0.0 ], [ 77.552247158694072, 13.091350206531491, 0.0 ], [ 77.552257522486698, 13.091352279290014, 0.0 ], [ 77.552269959037844, 13.091352279290012, 0.0 ], [ 77.552284468347509, 13.09135435204854, 0.0 ], [ 77.552294832140134, 13.091354352048542, 0.0 ], [ 77.552305195932746, 13.091354352048537, 0.0 ], [ 77.552315559725372, 13.091352279290016, 0.0 ], [ 77.552325923517984, 13.091346061014441, 0.0 ], [ 77.552336287310609, 13.091341915497393, 0.0 ], [ 77.552346651103221, 13.091337769980354, 0.0 ], [ 77.552357014895847, 13.091331551704776, 0.0 ], [ 77.552369451446992, 13.091327406187732, 0.0 ], [ 77.552381887998138, 13.091321187912158, 0.0 ], [ 77.55239017903223, 13.091314969636587, 0.0 ], [ 77.552400542824842, 13.091306678602486, 0.0 ], [ 77.552410906617467, 13.09130046032692, 0.0 ], [ 77.55241712489304, 13.091292169292819, 0.0 ], [ 77.552423343168613, 13.091283878258729, 0.0 ], [ 77.552429561444185, 13.091273514466106, 0.0 ], [ 77.552435779719758, 13.091265223432007, 0.0 ], [ 77.552439925236797, 13.091254859639392, 0.0 ], [ 77.55244614351237, 13.091244495846768, 0.0 ], [ 77.552454434546462, 13.091232059295629, 0.0 ], [ 77.552456507304996, 13.091221695503013, 0.0 ], [ 77.552460652822035, 13.091211331710385, 0.0 ], [ 77.552460652822035, 13.091200967917771, 0.0 ], [ 77.552462725580568, 13.091190604125153, 0.0 ], [ 77.552464798339088, 13.091180240332534, 0.0 ], [ 77.552464798339088, 13.09116987653991, 0.0 ], [ 77.552464798339088, 13.091159512747289, 0.0 ], [ 77.552460652822035, 13.091149148954674, 0.0 ], [ 77.552456507304996, 13.091138785162054, 0.0 ], [ 77.552450289029423, 13.091128421369429, 0.0 ], [ 77.552448216270903, 13.091118057576812, 0.0 ], [ 77.552439925236797, 13.091111839301245, 0.0 ], [ 77.552431634202705, 13.091101475508625, 0.0 ], [ 77.552425415927132, 13.091091111716006, 0.0 ], [ 77.55241919765156, 13.09108282068191, 0.0 ], [ 77.552412979375987, 13.091074529647813, 0.0 ], [ 77.552404688341895, 13.091066238613717, 0.0 ], [ 77.552396397307803, 13.091060020338142, 0.0 ], [ 77.55238810627371, 13.091051729304048, 0.0 ], [ 77.552377742481085, 13.091045511028476, 0.0 ], [ 77.552369451446992, 13.09103929275291, 0.0 ], [ 77.5523611604129, 13.091033074477336, 0.0 ], [ 77.552354942137327, 13.09102478344324, 0.0 ], [ 77.552346651103221, 13.091018565167669, 0.0 ], [ 77.552338360069129, 13.091012346892098, 0.0 ], [ 77.552327996276517, 13.091008201375052, 0.0 ], [ 77.552319705242411, 13.091001983099472, 0.0 ], [ 77.552311414208319, 13.090995764823907, 0.0 ], [ 77.552303123174227, 13.090989546548334, 0.0 ], [ 77.552294832140134, 13.090983328272763, 0.0 ], [ 77.552286541106028, 13.090975037238664, 0.0 ], [ 77.552278250071936, 13.090966746204572, 0.0 ], [ 77.552269959037844, 13.090956382411953, 0.0 ], [ 77.552259595245218, 13.090946018619329, 0.0 ], [ 77.552251304211126, 13.090935654826714, 0.0 ], [ 77.552245085935553, 13.090927363792616, 0.0 ], [ 77.552240940418514, 13.090917, 0.0 ], [ 77.552234722142941, 13.090908708965904, 0.0 ], [ 77.552228503867369, 13.090900417931804, 0.0 ], [ 77.552220212833262, 13.090892126897714, 0.0 ], [ 77.552213994557704, 13.090883835863616, 0.0 ], [ 77.552205703523597, 13.090875544829521, 0.0 ], [ 77.552197412489505, 13.09086932655395, 0.0 ], [ 77.552191194213933, 13.090861035519854, 0.0 ], [ 77.55218497593836, 13.09085274448576, 0.0 ], [ 77.552178757662787, 13.090844453451663, 0.0 ], [ 77.552172539387215, 13.090836162417562, 0.0 ], [ 77.552166321111642, 13.090827871383471, 0.0 ], [ 77.55215803007755, 13.090821653107891, 0.0 ], [ 77.552151811801977, 13.090813362073803, 0.0 ], [ 77.552143520767885, 13.09080714379823, 0.0 ], [ 77.552133156975259, 13.090800925522664, 0.0 ], [ 77.552122793182647, 13.090794707247088, 0.0 ], [ 77.552112429390021, 13.090788488971517, 0.0 ], [ 77.55210206559741, 13.09078434345447, 0.0 ], [ 77.552091701804784, 13.090782270695939, 0.0 ], [ 77.552077192495119, 13.090778125178892, 0.0 ], [ 77.552066828702493, 13.090773979661849, 0.0 ], [ 77.552056464909882, 13.090771906903321, 0.0 ], [ 77.552046101117256, 13.090771906903322, 0.0 ], [ 77.552033664566125, 13.090769834144803, 0.0 ], [ 77.552023300773499, 13.090769834144803, 0.0 ], [ 77.552012936980873, 13.090769834144801, 0.0 ], [ 77.552002573188261, 13.090769834144798, 0.0 ], [ 77.551988063878596, 13.090769834144796, 0.0 ], [ 77.551975627327451, 13.090769834144792, 0.0 ], [ 77.551961118017786, 13.090769834144801, 0.0 ], [ 77.551946608708121, 13.090769834144799, 0.0 ], [ 77.551936244915495, 13.090771906903322, 0.0 ], [ 77.55192588112287, 13.090773979661845, 0.0 ], [ 77.551915517330258, 13.090776052420374, 0.0 ], [ 77.551903080779113, 13.090780197937422, 0.0 ], [ 77.551892716986487, 13.09078434345447, 0.0 ], [ 77.551880280435356, 13.090788488971517, 0.0 ], [ 77.55186991664273, 13.09079056173004, 0.0 ], [ 77.551859552850118, 13.090796780005615, 0.0 ], [ 77.551851261816012, 13.090802998281184, 0.0 ], [ 77.551842970781919, 13.090809216556755, 0.0 ], [ 77.551834679747827, 13.090815434832324, 0.0 ], [ 77.551828461472255, 13.09082372586642, 0.0 ], [ 77.551820170438162, 13.090829944141992, 0.0 ], [ 77.551809806645537, 13.090836162417563, 0.0 ], [ 77.551801515611444, 13.090844453451663, 0.0 ], [ 77.551793224577352, 13.09085274448576, 0.0 ], [ 77.551784933543246, 13.090858962761322, 0.0 ], [ 77.551774569750634, 13.090867253795425, 0.0 ], [ 77.551764205958008, 13.090873472070991, 0.0 ], [ 77.551753842165397, 13.090881763105086, 0.0 ], [ 77.55174555113129, 13.090887981380664, 0.0 ], [ 77.551739332855732, 13.090896272414758, 0.0 ], [ 77.551731041821625, 13.090904563448857, 0.0 ], [ 77.551724823546053, 13.090912854482951, 0.0 ], [ 77.551720678029014, 13.09092321827557, 0.0 ], [ 77.55171860527048, 13.090933582068187, 0.0 ], [ 77.551714459753441, 13.090943945860809, 0.0 ], [ 77.551714459753441, 13.090956382411949, 0.0 ], [ 77.551712386994922, 13.090968818963093, 0.0 ], [ 77.551710314236388, 13.090979182755712, 0.0 ], [ 77.551708241477868, 13.090989546548331, 0.0 ], [ 77.551708241477868, 13.090999910340955, 0.0 ], [ 77.551708241477868, 13.091010274133573, 0.0 ], [ 77.551708241477868, 13.091020637926194, 0.0 ], [ 77.551708241477868, 13.091031001718806, 0.0 ], [ 77.551708241477868, 13.091041365511431, 0.0 ], [ 77.551708241477868, 13.091051729304048, 0.0 ], [ 77.551716532511961, 13.091057947579623, 0.0 ], [ 77.551927953881403, 13.091167803781385, 0.0 ] ] ] ] } },
{ "type": "Feature", "properties": { "fid": 150, "year": "present", "condition": true, "Overlap": 0, "custodian": "BBMP", "status": "To Be Developed", "name": "Chikkabasthi Kere", "bbmp_id": 110, "Category": "kere", "area": 20951.40521823056, "perimeter": 581.27650250708916, "area_acres": 5.18, "valley": "Vrishabhavati Valley", "Corporation": null, "ward_name": null, "subvalley": "VV_2", "area_m": 20931 }, "geometry": { "type": "MultiPolygon", "coordinates": [ [ [ [ 77.470874815525491, 12.947836190490372, 0.0 ], [ 77.471645881696375, 12.947699388427795, 0.0 ], [ 77.471757810656669, 12.947595750501604, 0.0 ], [ 77.47146762446333, 12.946020454023444, 0.0 ], [ 77.471388859639418, 12.94599558092116, 0.0 ], [ 77.470522446576425, 12.946169692637165, 0.0 ], [ 77.47045197278662, 12.946252602978127, 0.0 ], [ 77.470758741048158, 12.947761571183518, 0.0 ], [ 77.470874815525491, 12.947836190490372, 0.0 ] ] ] ] } },
{ "type": "Feature", "properties": { "fid": 151, "year": "present", "condition": true, "Overlap": 0, "custodian": "BBMP", "status": "Developed lake", "name": "Jogi Kere", "bbmp_id": 115, "Category": "gokatte", "area": 5602.2591430891771, "perimeter": 312.62827935114899, "area_acres": 1.38, "valley": "Suvarnamukhi Valley", "Corporation": "South", "ward_name": "52 - Talagattapura", "subvalley": "SV_1", "area_m": 5596 }, "geometry": { "type": "MultiPolygon", "coordinates": [ [ [ [ 77.538055728261199, 12.8633619263447, 0.0 ], [ 77.5386680967339, 12.863351209896429, 0.0 ], [ 77.538954378994887, 12.86329456581271, 0.0 ], [ 77.538790570428432, 12.862717408527187, 0.0 ], [ 77.538582365147718, 12.862571971014926, 0.0 ], [ 77.538383345394095, 12.862876624330092, 0.0 ], [ 77.538057259182381, 12.86304196381772, 0.0 ], [ 77.537973058517395, 12.863245576334888, 0.0 ], [ 77.538012862468108, 12.863328246078702, 0.0 ], [ 77.538055728261199, 12.8633619263447, 0.0 ] ] ] ] } },
{ "type": "Feature", "properties": { "fid": 152, "year": "present", "condition": true, "Overlap": 0, "custodian": "BBMP", "status": null, "name": "Kacharakanahalli Kere", "bbmp_id": 56, "Category": "kere", "area": 54537.990749185905, "perimeter": 1145.0948495877547, "area_acres": 13.48, "valley": "Hebbal Nagawara Valley", "Corporation": "North", "ward_name": "29 - Lingarajpura", "subvalley": "HN_1", "area_m": 54472 }, "geometry": { "type": "MultiPolygon", "coordinates": [ [ [ [ 77.625980290748927, 13.019995823900583, 0.0 ], [ 77.62613338286711, 13.019769247565689, 0.0 ], [ 77.626323217093642, 13.019646773871148, 0.0 ], [ 77.626623277645265, 13.019554918600244, 0.0 ], [ 77.626408948679824, 13.018042368472695, 0.0 ], [ 77.626733503970343, 13.01796276057124, 0.0 ], [ 77.62680698818707, 13.017754555290525, 0.0 ], [ 77.626782493448161, 13.017570844748715, 0.0 ], [ 77.626972327674693, 13.017503484216725, 0.0 ], [ 77.627064182945603, 13.017442247369456, 0.0 ], [ 77.627064182945603, 13.017325897359644, 0.0 ], [ 77.627015193467784, 13.017191176295654, 0.0 ], [ 77.627009069783057, 13.017087073655288, 0.0 ], [ 77.627125419792876, 13.016995218384389, 0.0 ], [ 77.627247893487407, 13.016811507842581, 0.0 ], [ 77.62746834613759, 13.016670663093862, 0.0 ], [ 77.627517335615408, 13.016517570975687, 0.0 ], [ 77.62736424349724, 13.016193015685165, 0.0 ], [ 77.627002946098344, 13.016107284098988, 0.0 ], [ 77.625557756502786, 13.01679926047313, 0.0 ], [ 77.625576127556968, 13.017050331546935, 0.0 ], [ 77.625465901231891, 13.017264660512367, 0.0 ], [ 77.625257695951177, 13.017374886837461, 0.0 ], [ 77.625135222256631, 13.017687194758535, 0.0 ], [ 77.6253556749068, 13.018520015881393, 0.0 ], [ 77.625667982827878, 13.019450815959887, 0.0 ], [ 77.625851693369682, 13.01983048441296, 0.0 ], [ 77.625980290748927, 13.019995823900583, 0.0 ] ] ] ] } },
{ "type": "Feature", "properties": { "fid": 153, "year": "present", "condition": true, "Overlap": 0, "custodian": "BBMP", "status": null, "name": "Pattandur Agrahara Kere 54", "bbmp_id": 29, "Category": "kere", "area": 45415.720384743065, "perimeter": 1218.349024800413, "area_acres": 11.22, "valley": "Koramangala Challaghatta Valley", "Corporation": "East", "ward_name": "33 - S.M Krishna Ward", "subvalley": "KC_2", "area_m": 45352 }, "geometry": { "type": "MultiPolygon", "coordinates": [ [ [ [ 77.74734333239968, 12.977342852831448, 0.0 ], [ 77.74670167351286, 12.97755002520746, 0.0 ], [ 77.745999589349708, 12.977642101819022, 0.0 ], [ 77.745254344274898, 12.977573044360346, 0.0 ], [ 77.745121984145769, 12.977515496478116, 0.0 ], [ 77.744969482257872, 12.977316956284447, 0.0 ], [ 77.74465296890564, 12.976514163327401, 0.0 ], [ 77.744511976594183, 12.976255197857382, 0.0 ], [ 77.744442919135508, 12.975967458446261, 0.0 ], [ 77.744440041741399, 12.975858117470027, 0.0 ], [ 77.745052926687109, 12.975791937405468, 0.0 ], [ 77.746088788567164, 12.975501320600229, 0.0 ], [ 77.746413934101739, 12.975161788095097, 0.0 ], [ 77.746526152472072, 12.974922964383863, 0.0 ], [ 77.746612474295418, 12.974874048683967, 0.0 ], [ 77.746739079636313, 12.975017918389538, 0.0 ], [ 77.746759221395095, 12.975250987312551, 0.0 ], [ 77.746753466606862, 12.975702738188023, 0.0 ], [ 77.74670167351286, 12.975817833952469, 0.0 ], [ 77.746186619966949, 12.975987600205038, 0.0 ], [ 77.745933409285158, 12.976033638510819, 0.0 ], [ 77.745910390132266, 12.976387557986506, 0.0 ], [ 77.745944918861596, 12.976660910427077, 0.0 ], [ 77.746143459055276, 12.976937140261755, 0.0 ], [ 77.746764976183314, 12.976922753291193, 0.0 ], [ 77.74708436692967, 12.9768220444973, 0.0 ], [ 77.747354841976119, 12.9768709601972, 0.0 ], [ 77.747449795981794, 12.977049358632094, 0.0 ], [ 77.74734333239968, 12.977342852831448, 0.0 ] ] ] ] } },
{ "type": "Feature", "properties": { "fid": 154, "year": "present", "condition": true, "Overlap": 0, "custodian": "BBMP", "status": null, "name": "B. Channasandra Kere", "bbmp_id": 58, "Category": "kere", "area": 16870.586167016067, "perimeter": 541.53606474279297, "area_acres": 4.17, "valley": "Koramangala Challaghatta Valley", "Corporation": "Central", "ward_name": "12 - Kasturi Nagar", "subvalley": "KC_2", "area_m": 16849 }, "geometry": { "type": "MultiPolygon", "coordinates": [ [ [ [ 77.660797937984725, 13.006398912400286, 0.0 ], [ 77.662120656914922, 13.006891799243752, 0.0 ], [ 77.662343430629491, 13.006838890486543, 0.0 ], [ 77.662471525515357, 13.006713580272104, 0.0 ], [ 77.662560635001185, 13.006393343057425, 0.0 ], [ 77.662555065658324, 13.006343218971647, 0.0 ], [ 77.662585697044065, 13.006184492700022, 0.0 ], [ 77.662594051058363, 13.005975642342621, 0.0 ], [ 77.662549496315449, 13.005883748185367, 0.0 ], [ 77.662376846686669, 13.005811346728134, 0.0 ], [ 77.662140149614956, 13.005889317528228, 0.0 ], [ 77.661310317528219, 13.005908810228254, 0.0 ], [ 77.660825784699043, 13.006006273728381, 0.0 ], [ 77.660683766456017, 13.006114875914218, 0.0 ], [ 77.660669843098859, 13.006293094885867, 0.0 ], [ 77.660797937984725, 13.006398912400286, 0.0 ] ] ] ] } },
{ "type": "Feature", "properties": { "fid": 155, "year": "present", "condition": true, "Overlap": 0, "custodian": "BBMP", "status": null, "name": "Shilavanthana kere", "bbmp_id": 15, "Category": "kere", "area": 45283.757915245369, "perimeter": 1209.1774958706937, "area_acres": 11.19, "valley": "Koramangala Challaghatta Valley", "Corporation": "East", "ward_name": "38 - Whitefield", "subvalley": "KC_2", "area_m": 45221 }, "geometry": { "type": "MultiPolygon", "coordinates": [ [ [ [ 77.742737431384768, 12.965540717753779, 0.0 ], [ 77.742747043649388, 12.965554408265197, 0.0 ], [ 77.742884864548913, 12.96560717179193, 0.0 ], [ 77.74293408629876, 12.965616765159227, 0.0 ], [ 77.742968541523652, 12.965554408265199, 0.0 ], [ 77.743140817648083, 12.96533376066858, 0.0 ], [ 77.743391848572259, 12.96522343679691, 0.0 ], [ 77.74433198399413, 12.965228233487998, 0.0 ], [ 77.744888189767309, 12.96521384341446, 0.0 ], [ 77.744976788917015, 12.965098722796128, 0.0 ], [ 77.745070310241701, 12.96497880542875, 0.0 ], [ 77.74521305331622, 12.964921245071878, 0.0 ], [ 77.745542839040155, 12.964921245071878, 0.0 ], [ 77.74569542646465, 12.964714987017118, 0.0 ], [ 77.74570034863963, 12.964619052979911, 0.0 ], [ 77.745601719818382, 12.964656430913609, 0.0 ], [ 77.745603245266793, 12.964650567976289, 0.0 ], [ 77.745603420175698, 12.964649464779779, 0.0 ], [ 77.745603378168809, 12.964648349086438, 0.0 ], [ 77.745603120776622, 12.964647261545728, 0.0 ], [ 77.745602657377006, 12.964646241781363, 0.0 ], [ 77.745602004853595, 12.9646453269477, 0.0 ], [ 77.745601186980608, 12.964644550376031, 0.0 ], [ 77.745600233556601, 12.964643940360151, 0.0 ], [ 77.745599179318901, 12.964643519125538, 0.0 ], [ 77.745598062677857, 12.964643302019571, 0.0 ], [ 77.745596924317425, 12.964643296952318, 0.0 ], [ 77.745266616113867, 12.96467287257196, 0.0 ], [ 77.743662457916841, 12.96481650207733, 0.0 ], [ 77.743647786015984, 12.96467273800722, 0.0 ], [ 77.743607986348678, 12.964279860803469, 0.0 ], [ 77.743607809881894, 12.964278916211402, 0.0 ], [ 77.743607478197006, 12.964278012669647, 0.0 ], [ 77.743607000234917, 12.964277174534089, 0.0 ], [ 77.743502638199146, 12.964125010018968, 0.0 ], [ 77.743502404421463, 12.964124692639558, 0.0 ], [ 77.743389209631502, 12.963981379175538, 0.0 ], [ 77.743388430247848, 12.963980566226279, 0.0 ], [ 77.743212651884448, 12.963829167005468, 0.0 ], [ 77.743063900183202, 12.963699377805419, 0.0 ], [ 77.743062769559515, 12.963698601029531, 0.0 ], [ 77.743061487128486, 12.963698100001329, 0.0 ], [ 77.742663694067744, 12.963593021644408, 0.0 ], [ 77.742349976642743, 12.96341722281327, 0.0 ], [ 77.742140399780482, 12.96328973138205, 0.0 ], [ 77.742057269006011, 12.963239160529696, 0.0 ], [ 77.742056557845004, 12.963238790609861, 0.0 ], [ 77.741855295529533, 12.96315061659357, 0.0 ], [ 77.741854209977888, 12.963150259096199, 0.0 ], [ 77.741853074770361, 12.963150111668359, 0.0 ], [ 77.741851931759228, 12.96315017974533, 0.0 ], [ 77.741850823084462, 12.963150460817287, 0.0 ], [ 77.741849789620076, 12.963150944521821, 0.0 ], [ 77.741848869467347, 12.963151613025948, 0.0 ], [ 77.741773693577841, 12.963218090146478, 0.0 ], [ 77.741772924736111, 12.963218913494147, 0.0 ], [ 77.741772329412413, 12.963219865115859, 0.0 ], [ 77.74177192929703, 12.963220910339848, 0.0 ], [ 77.741771738967927, 12.963222011084023, 0.0 ], [ 77.741763961178876, 12.963327189103913, 0.0 ], [ 77.741763955697067, 12.963327953157059, 0.0 ], [ 77.741774857270897, 12.963511055549906, 0.0 ], [ 77.741749685870886, 12.963646380979842, 0.0 ], [ 77.741749614451791, 12.96364689134924, 0.0 ], [ 77.741737612050443, 12.963774008897349, 0.0 ], [ 77.741737599639194, 12.96377416229822, 0.0 ], [ 77.741729917792895, 12.963888097314538, 0.0 ], [ 77.741729949015763, 12.963889194185292, 0.0 ], [ 77.741730188578472, 12.96389026603474, 0.0 ], [ 77.741730628049694, 12.963891275139671, 0.0 ], [ 77.74173125196242, 12.963892185985127, 0.0 ], [ 77.741784908079822, 12.963956535413043, 0.0 ], [ 77.741828452790983, 12.964073038127868, 0.0 ], [ 77.741913051641745, 12.964299379667919, 0.0 ], [ 77.741918105977959, 12.964386013668308, 0.0 ], [ 77.74191831445728, 12.964387247277829, 0.0 ], [ 77.741934527594353, 12.964444401628201, 0.0 ], [ 77.74195299271544, 12.964687923888809, 0.0 ], [ 77.741953235719791, 12.96468919647285, 0.0 ], [ 77.741953758226558, 12.964690385450579, 0.0 ], [ 77.742113036528224, 12.964964584014648, 0.0 ], [ 77.742113278213836, 12.964964965272699, 0.0 ], [ 77.742281149993019, 12.965208420090327, 0.0 ], [ 77.742281824821632, 12.965209231455942, 0.0 ], [ 77.742282636340164, 12.965209911819608, 0.0 ], [ 77.742283558542923, 12.965210439378547, 0.0 ], [ 77.742284561877199, 12.965210797226741, 0.0 ], [ 77.742285614190351, 12.96521097389666, 0.0 ], [ 77.74238046134731, 12.965218423372429, 0.0 ], [ 77.742442985727067, 12.965350404362439, 0.0 ], [ 77.74244363727999, 12.965351467543337, 0.0 ], [ 77.742444502785119, 12.965352372063151, 0.0 ], [ 77.742557170082378, 12.965447522475648, 0.0 ], [ 77.742558284480864, 12.96544826642487, 0.0 ], [ 77.742737431384768, 12.965540717753779, 0.0 ] ] ] ] } },
{ "type": "Feature", "properties": { "fid": 156, "year": "present", "condition": true, "Overlap": 0, "custodian": "BBMP", "status": null, "name": "SitaramPalya Kere", "bbmp_id": 27, "Category": "kere", "area": 64645.199483467266, "perimeter": 1642.7073869082863, "area_acres": 15.97, "valley": "Hebbal Nagawara Valley", "Corporation": "East", "ward_name": "36 - Bharath Aikya Ward", "subvalley": "HN_2", "area_m": 64558 }, "geometry": { "type": "MultiPolygon", "coordinates": [ [ [ [ 77.712309588416758, 12.983720223516356, 0.0 ], [ 77.712375715588024, 12.983776501960001, 0.0 ], [ 77.712505156008419, 12.983723037438539, 0.0 ], [ 77.712744339393922, 12.983551388185413, 0.0 ], [ 77.713006034156876, 12.983331902255193, 0.0 ], [ 77.713298682063851, 12.983098346714055, 0.0 ], [ 77.713473145239149, 12.982895744316926, 0.0 ], [ 77.713671526753018, 12.982581991993602, 0.0 ], [ 77.713833327278493, 12.982404714896111, 0.0 ], [ 77.714055627130904, 12.982247135253905, 0.0 ], [ 77.714238532072756, 12.982165531510619, 0.0 ], [ 77.714371678615819, 12.982106771339097, 0.0 ], [ 77.714385589466346, 12.982099403529931, 0.0 ], [ 77.714378524701374, 12.981951673424765, 0.0 ], [ 77.714209689370435, 12.981799721626924, 0.0 ], [ 77.713964878140573, 12.981661839439981, 0.0 ], [ 77.713753833976895, 12.981560538241421, 0.0 ], [ 77.713635649245234, 12.981476120575952, 0.0 ], [ 77.713584998645942, 12.98140295859921, 0.0 ], [ 77.713556859424116, 12.981267890334454, 0.0 ], [ 77.713543238039591, 12.981144729928838, 0.0 ], [ 77.713507615785915, 12.980969614583122, 0.0 ], [ 77.713448523420084, 12.980954138011121, 0.0 ], [ 77.713361291832427, 12.9809414753613, 0.0 ], [ 77.712528370866451, 12.981021672143497, 0.0 ], [ 77.712394709562787, 12.981035741754411, 0.0 ], [ 77.712370791224245, 12.981079357548236, 0.0 ], [ 77.712378529510218, 12.981355121922102, 0.0 ], [ 77.712370087743679, 12.981647769829065, 0.0 ], [ 77.712375715588038, 12.981818012121094, 0.0 ], [ 77.712403854809864, 12.982255577020448, 0.0 ], [ 77.712474269725149, 12.982498958181317, 0.0 ], [ 77.712472991992641, 12.98252393196368, 0.0 ], [ 77.712478423747697, 12.982677665347795, 0.0 ], [ 77.712374308626949, 12.98280147792382, 0.0 ], [ 77.712320844105477, 12.983215124484623, 0.0 ], [ 77.712319437144401, 12.983625957123248, 0.0 ], [ 77.712309588416758, 12.983720223516356, 0.0 ] ] ], [ [ [ 77.712536410435163, 12.983905249137607, 0.0 ], [ 77.712525271749428, 12.983966511909104, 0.0 ], [ 77.712564257149481, 12.983983219937702, 0.0 ], [ 77.713243716978894, 12.984673818452837, 0.0 ], [ 77.713516614779223, 12.984863176110213, 0.0 ], [ 77.713761665865249, 12.984974562967496, 0.0 ], [ 77.713973300894068, 12.985024687053272, 0.0 ], [ 77.714274045408729, 12.98507481113905, 0.0 ], [ 77.714418848323191, 12.985141643253415, 0.0 ], [ 77.714485680437562, 12.985108227196232, 0.0 ], [ 77.714491249780423, 12.985041395081863, 0.0 ], [ 77.714301892123046, 12.984445475395416, 0.0 ], [ 77.714145950522862, 12.984128022852168, 0.0 ], [ 77.714123673151406, 12.98381057030892, 0.0 ], [ 77.713967731551207, 12.983359453536934, 0.0 ], [ 77.713928746151169, 12.983337176165479, 0.0 ], [ 77.713867483379659, 12.983476409737079, 0.0 ], [ 77.713661417693686, 12.983532103165714, 0.0 ], [ 77.713566738864998, 12.983454132365623, 0.0 ], [ 77.713566738864998, 12.983337176165476, 0.0 ], [ 77.713605724265051, 12.983209081279604, 0.0 ], [ 77.713722680465196, 12.983153387850964, 0.0 ], [ 77.713694833750878, 12.983036431650818, 0.0 ], [ 77.71353889215068, 12.983153387850964, 0.0 ], [ 77.71330497975039, 12.983275913393971, 0.0 ], [ 77.712976388521412, 12.983543241851448, 0.0 ], [ 77.712775892178314, 12.983827278337506, 0.0 ], [ 77.712536410435163, 12.983905249137607, 0.0 ] ] ] ] } },
{ "type": "Feature", "properties": { "fid": 157, "year": "present", "condition": true, "Overlap": 0, "custodian": "BBMP", "status": null, "name": "Vasanthapura / Janardhana Kere", "bbmp_id": 92, "Category": "kere", "area": 18768.092831529677, "perimeter": 757.96718391072352, "area_acres": 4.64, "valley": "Vrishabhavati Valley", "Corporation": "South", "ward_name": "48 - Vasanthapura", "subvalley": "VV_1", "area_m": 18747 }, "geometry": { "type": "MultiPolygon", "coordinates": [ [ [ [ 77.556594471447056, 12.891531601520551, 0.0 ], [ 77.556756341099657, 12.89187665826968, 0.0 ], [ 77.557028832177565, 12.891904414010858, 0.0 ], [ 77.557135709062749, 12.89176538910745, 0.0 ], [ 77.557209637838213, 12.89155967515344, 0.0 ], [ 77.557318023176336, 12.89131382552767, 0.0 ], [ 77.557429208008415, 12.891048925369899, 0.0 ], [ 77.557443071468569, 12.890775334214309, 0.0 ], [ 77.557144795414104, 12.89068874732299, 0.0 ], [ 77.556827579511349, 12.890528900720049, 0.0 ], [ 77.556492234797417, 12.890649132249544, 0.0 ], [ 77.556044354673446, 12.890822515544919, 0.0 ], [ 77.556026105856546, 12.890845088055489, 0.0 ], [ 77.555430139395227, 12.891017077984889, 0.0 ], [ 77.555061044870769, 12.891129186137169, 0.0 ], [ 77.554855975131915, 12.891309634674499, 0.0 ], [ 77.554750277585597, 12.891396239874576, 0.0 ], [ 77.554843376047913, 12.891517909032022, 0.0 ], [ 77.555102513922051, 12.8914523217453, 0.0 ], [ 77.555525501027233, 12.891286025823897, 0.0 ], [ 77.5559275805673, 12.89123048975615, 0.0 ], [ 77.556244507323314, 12.89117547350112, 0.0 ], [ 77.55644262171829, 12.89131405410884, 0.0 ], [ 77.556594471447056, 12.891531601520551, 0.0 ] ] ] ] } },
{ "type": "Feature", "properties": { "fid": 158, "year": "present", "condition": true, "Overlap": 0, "custodian": "BBMP", "status": null, "name": "Chikkammanahalli Kere", "bbmp_id": 84, "Category": "kere", "area": 13169.25261907652, "perimeter": 601.5639494724486, "area_acres": 3.25, "valley": "Koramangala Challaghatta Valley", "Corporation": "South", "ward_name": "38 - Doddakammanahalli", "subvalley": "KC_1", "area_m": 13154 }, "geometry": { "type": "MultiPolygon", "coordinates": [ [ [ [ 77.602284145229433, 12.849299825838351, 0.0 ], [ 77.602447893152828, 12.849239715841152, 0.0 ], [ 77.6026883331416, 12.849113277571201, 0.0 ], [ 77.602870735891699, 12.849057313091055, 0.0 ], [ 77.603330888284006, 12.848995130335336, 0.0 ], [ 77.603795186193352, 12.849026221713196, 0.0 ], [ 77.604029407906552, 12.849071822400727, 0.0 ], [ 77.604191083071413, 12.849142296190537, 0.0 ], [ 77.604294720997615, 12.849100841020057, 0.0 ], [ 77.604172428244709, 12.848634470352181, 0.0 ], [ 77.60389675136102, 12.848398175880458, 0.0 ], [ 77.603399289315291, 12.848423048982744, 0.0 ], [ 77.603355761386283, 12.848377448295217, 0.0 ], [ 77.60334954311071, 12.848217845888879, 0.0 ], [ 77.60300546519575, 12.848215773130358, 0.0 ], [ 77.602999246920177, 12.84840853967308, 0.0 ], [ 77.602964010025275, 12.848458285877651, 0.0 ], [ 77.602673823831921, 12.848501813806648, 0.0 ], [ 77.60251214866706, 12.848988912059768, 0.0 ], [ 77.602375346604489, 12.849150587224633, 0.0 ], [ 77.60225098109305, 12.849225206531489, 0.0 ], [ 77.602284145229433, 12.849299825838351, 0.0 ] ] ] ] } },
{ "type": "Feature", "properties": { "fid": 159, "year": "present", "condition": true, "Overlap": 0, "custodian": "BBMP", "status": null, "name": "Dasarahalli (Chokkasandra) Kere", "bbmp_id": 166, "Category": "kere", "area": 55538.996948946267, "perimeter": 1025.4985895723833, "area_acres": 13.72, "valley": "Arkavathi Valley", "Corporation": "West", "ward_name": "2 - Chokkasandra", "subvalley": "AV_2", "area_m": 55481 }, "geometry": { "type": "MultiPolygon", "coordinates": [ [ [ [ 77.510903817678624, 13.039779926003188, 0.0 ], [ 77.510894344061413, 13.039789155327465, 0.0 ], [ 77.510860573892586, 13.039862695069479, 0.0 ], [ 77.510879884330535, 13.039878372133536, 0.0 ], [ 77.510985922357023, 13.040056805649149, 0.0 ], [ 77.511058221011439, 13.04032445568126, 0.0 ], [ 77.51111124002469, 13.040883232885104, 0.0 ], [ 77.511236557692357, 13.041559398569992, 0.0 ], [ 77.511212458140875, 13.041817655809067, 0.0 ], [ 77.511183538679106, 13.04191156746551, 0.0 ], [ 77.511183538677884, 13.042053315880688, 0.0 ], [ 77.511422070714303, 13.042016442619138, 0.0 ], [ 77.511778558207908, 13.041896081348389, 0.0 ], [ 77.512319922134893, 13.041798257542453, 0.0 ], [ 77.512481133072228, 13.041750093020958, 0.0 ], [ 77.512645661030149, 13.041737362218258, 0.0 ], [ 77.512912422880078, 13.041797617873858, 0.0 ], [ 77.513207132561476, 13.041886412392072, 0.0 ], [ 77.513222647318216, 13.041891086897158, 0.0 ], [ 77.513566275749284, 13.04181749020864, 0.0 ], [ 77.513941391381749, 13.041700206152878, 0.0 ], [ 77.513950472637376, 13.041630056246451, 0.0 ], [ 77.513935912056539, 13.041312893920971, 0.0 ], [ 77.513929391125998, 13.041229456270374, 0.0 ], [ 77.513853056074808, 13.040979694745822, 0.0 ], [ 77.5137780147531, 13.040857955474609, 0.0 ], [ 77.513645751342906, 13.040692238044489, 0.0 ], [ 77.513519334041121, 13.040543163944649, 0.0 ], [ 77.513228671075993, 13.040434651813781, 0.0 ], [ 77.51310871849445, 13.040363448979541, 0.0 ], [ 77.512902089774713, 13.040142785715259, 0.0 ], [ 77.512885447756759, 13.040050529230509, 0.0 ], [ 77.512788568807267, 13.04000515385524, 0.0 ], [ 77.512701810421959, 13.039995762618817, 0.0 ], [ 77.51247527463812, 13.039995762618821, 0.0 ], [ 77.512210179571909, 13.040056805649147, 0.0 ], [ 77.511892065492432, 13.040066196883251, 0.0 ], [ 77.511506472668842, 13.040014545091292, 0.0 ], [ 77.511299216526169, 13.039944110812158, 0.0 ], [ 77.510985922357023, 13.03982202468082, 0.0 ], [ 77.510903817678624, 13.039779926003188, 0.0 ] ] ] ] } },
{ "type": "Feature", "properties": { "fid": 160, "year": "present", "condition": true, "Overlap": 0, "custodian": "BBMP", "status": "To Be Developed", "name": "Narasappanakere", "bbmp_id": 175, "Category": "kere", "area": 172043.42421722412, "perimeter": 2497.198211751012, "area_acres": 42.51, "valley": "Arkavathi Valley", "Corporation": "West", "ward_name": "11 - Dodda Bidarakallu", "subvalley": "AV_2", "area_m": 171869 }, "geometry": { "type": "MultiPolygon", "coordinates": [ [ [ [ 77.498656154701578, 13.024823420892949, 0.0 ], [ 77.499122216125116, 13.024361996896506, 0.0 ], [ 77.497997640053399, 13.023063517308531, 0.0 ], [ 77.497107254050206, 13.02231225411834, 0.0 ], [ 77.4966945230383, 13.021523891511348, 0.0 ], [ 77.4966945230383, 13.019743119504977, 0.0 ], [ 77.496824370997103, 13.019001131168984, 0.0 ], [ 77.497696207291895, 13.018843458647584, 0.0 ], [ 77.498141400293491, 13.018546663313193, 0.0 ], [ 77.498447470482091, 13.017878873810801, 0.0 ], [ 77.498159950001892, 13.017628452747404, 0.0 ], [ 77.497696207291895, 13.017693376726802, 0.0 ], [ 77.497622008458293, 13.017758300706204, 0.0 ], [ 77.497204640019305, 13.017795400123001, 0.0 ], [ 77.495841236451923, 13.018194218853596, 0.0 ], [ 77.49552589140913, 13.019270101940776, 0.0 ], [ 77.495094610688824, 13.01999354056837, 0.0 ], [ 77.494677242249836, 13.020355259882162, 0.0 ], [ 77.494092926435243, 13.020744803758555, 0.0 ], [ 77.49406510187265, 13.020846827154756, 0.0 ], [ 77.493805405955044, 13.020958125405157, 0.0 ], [ 77.493638458579454, 13.021208546468552, 0.0 ], [ 77.493749756829857, 13.021700113741142, 0.0 ], [ 77.494324797790242, 13.02199690907554, 0.0 ], [ 77.494964762730049, 13.023165540704724, 0.0 ], [ 77.495465604856847, 13.02272962255733, 0.0 ], [ 77.498656154701578, 13.024823420892949, 0.0 ] ] ] ] } },
{ "type": "Feature", "properties": { "fid": 161, "year": "present", "condition": true, "Overlap": 0, "custodian": "BBMP", "status": "To Be Developed", "name": "Srinivasapura Kere", "bbmp_id": 144, "Category": "gokatte", "area": 8193.0406831372529, "perimeter": 361.97290574399597, "area_acres": 2.02, "valley": "Hebbal Nagawara Valley", "Corporation": "North", "ward_name": "2 - Akash Ward", "subvalley": "HN_1", "area_m": 8183 }, "geometry": { "type": "MultiPolygon", "coordinates": [ [ [ [ 77.625339051174862, 13.106738378687609, 0.0 ], [ 77.62553846054017, 13.106710554125009, 0.0 ], [ 77.625686858207359, 13.106311735394415, 0.0 ], [ 77.625691495634456, 13.105616121329426, 0.0 ], [ 77.625478173987858, 13.105592934193922, 0.0 ], [ 77.625427162289768, 13.105523372787427, 0.0 ], [ 77.625181378653465, 13.105569747058427, 0.0 ], [ 77.62490777045457, 13.105820168121822, 0.0 ], [ 77.624870671037769, 13.10590827923672, 0.0 ], [ 77.625102542392767, 13.106334922529909, 0.0 ], [ 77.625339051174862, 13.106738378687609, 0.0 ] ] ] ] } },
{ "type": "Feature", "properties": { "fid": 162, "year": "present", "condition": true, "Overlap": 0, "custodian": "BBMP", "status": null, "name": "Gattigerepalya (Sompura) Kere", "bbmp_id": 120, "Category": "kunte", "area": 1230.1459412034601, "perimeter": 142.39450501161582, "area_acres": 0.3, "valley": "Vrishabhavati Valley", "Corporation": "South", "ward_name": "52 - Talagattapura", "subvalley": "VV_2", "area_m": 1229 }, "geometry": { "type": "MultiPolygon", "coordinates": [ [ [ [ 77.502108477020712, 12.883248802795769, 0.0 ], [ 77.502102375798913, 12.883006787664677, 0.0 ], [ 77.502153219313854, 12.882917303078388, 0.0 ], [ 77.502224400234766, 12.882852223379269, 0.0 ], [ 77.502299648636878, 12.882860358341659, 0.0 ], [ 77.502328121005235, 12.882862392082258, 0.0 ], [ 77.502360660854791, 12.883287443867127, 0.0 ], [ 77.502283378712093, 12.883366759750427, 0.0 ], [ 77.502108477020712, 12.883248802795769, 0.0 ] ] ] ] } },
{ "type": "Feature", "properties": { "fid": 163, "year": "present", "condition": true, "Overlap": 0, "custodian": "BBMP", "status": null, "name": "Busegowdana Kere", "bbmp_id": 124, "Category": "kere", "area": 49289.997949898243, "perimeter": 1033.5020134376252, "area_acres": 12.18, "valley": "Vrishabhavati Valley", "Corporation": "West", "ward_name": "20 - Hemmigepura", "subvalley": "VV_2", "area_m": 49240 }, "geometry": { "type": "MultiPolygon", "coordinates": [ [ [ [ 77.495614362647487, 12.907581765719437, 0.0 ], [ 77.495786519130007, 12.907482130510072, 0.0 ], [ 77.49633595741075, 12.907150245747339, 0.0 ], [ 77.497134860225529, 12.906456676507938, 0.0 ], [ 77.49768163432141, 12.905856973459278, 0.0 ], [ 77.498049398629973, 12.905337373444951, 0.0 ], [ 77.498078020893743, 12.904866744012971, 0.0 ], [ 77.497890863005878, 12.904796672916227, 0.0 ], [ 77.497652316604103, 12.904916541708278, 0.0 ], [ 77.497262954068617, 12.905273029503148, 0.0 ], [ 77.496620168825871, 12.90559274165931, 0.0 ], [ 77.496187479667171, 12.905609940308208, 0.0 ], [ 77.495455924073482, 12.905708384993918, 0.0 ], [ 77.494905903842664, 12.905981478535441, 0.0 ], [ 77.495141569993919, 12.90691340934184, 0.0 ], [ 77.495228994394026, 12.907670371478632, 0.0 ], [ 77.495614362647487, 12.907581765719437, 0.0 ] ] ] ] } },
{ "type": "Feature", "properties": { "fid": 164, "year": "present", "condition": true, "Overlap": 0, "custodian": "BBMP", "status": null, "name": "Chikkagowdanapalya Kere", "bbmp_id": 122, "Category": "kunte", "area": 2433.1848672144115, "perimeter": 183.12764199577191, "area_acres": 0.6, "valley": "Vrishabhavati Valley", "Corporation": "South", "ward_name": "52 - Talagattapura", "subvalley": "VV_1", "area_m": 2431 }, "geometry": { "type": "MultiPolygon", "coordinates": [ [ [ [ 77.516913871992202, 12.8813628480692, 0.0 ], [ 77.517124932306317, 12.881250581944668, 0.0 ], [ 77.517176574723607, 12.881046257598019, 0.0 ], [ 77.517158612143675, 12.880891330346167, 0.0 ], [ 77.517023892794242, 12.880797026801559, 0.0 ], [ 77.516868965542386, 12.880790290834085, 0.0 ], [ 77.516725264902988, 12.880972161955828, 0.0 ], [ 77.516738736837937, 12.881205675494847, 0.0 ], [ 77.516761190062837, 12.881322432264367, 0.0 ], [ 77.516913871992202, 12.8813628480692, 0.0 ] ] ] ] } },
{ "type": "Feature", "properties": { "fid": 165, "year": "present", "condition": true, "Overlap": 0, "custodian": "BBMP", "status": null, "name": "Gandhinagar Hosakerehalli", "bbmp_id": 113, "Category": "kere", "area": 116765.17804692686, "perimeter": 2993.3954819564169, "area_acres": 28.85, "valley": "Vrishabhavati Valley", "Corporation": "West", "ward_name": "18 - Kengal Hanumanthaiah West", "subvalley": "VV_2", "area_m": 116649 }, "geometry": { "type": "MultiPolygon", "coordinates": [ [ [ [ 77.480121236438038, 12.923605334874429, 0.0 ], [ 77.47925207104069, 12.923928520037308, 0.0 ], [ 77.479680303542054, 12.924849507593191, 0.0 ], [ 77.479228307587391, 12.9250593698152, 0.0 ], [ 77.479583985875493, 12.92570695584412, 0.0 ], [ 77.479780980093636, 12.92620187312502, 0.0 ], [ 77.479908801471751, 12.926765970129262, 0.0 ], [ 77.479441708250334, 12.927215806007069, 0.0 ], [ 77.480751070015771, 12.927169099691911, 0.0 ], [ 77.480918587666181, 12.92644801993257, 0.0 ], [ 77.481435978659121, 12.92721011391121, 0.0 ], [ 77.481827975812834, 12.928340872889889, 0.0 ], [ 77.482007006360703, 12.92878456626938, 0.0 ], [ 77.482213849424895, 12.928508508430799, 0.0 ], [ 77.483015429693509, 12.93009402869294, 0.0 ], [ 77.483405882627892, 12.930724144784291, 0.0 ], [ 77.483045771322423, 12.93139566671474, 0.0 ], [ 77.483111718522622, 12.932765488064058, 0.0 ], [ 77.483466742420262, 12.933344548676367, 0.0 ], [ 77.483436565973719, 12.932060040314591, 0.0 ], [ 77.48385856108267, 12.93058279015219, 0.0 ], [ 77.482834589250729, 12.928735757548738, 0.0 ], [ 77.482696876829266, 12.927904340829276, 0.0 ], [ 77.482097895524717, 12.92737898996954, 0.0 ], [ 77.481806132636464, 12.926131228850402, 0.0 ], [ 77.481519339555305, 12.925946260048121, 0.0 ], [ 77.48146376562454, 12.925928204946569, 0.0 ], [ 77.481241469901349, 12.925657378266608, 0.0 ], [ 77.481148846683382, 12.92528724799544, 0.0 ], [ 77.481235143147885, 12.92490325232769, 0.0 ], [ 77.480935813281988, 12.924546985806712, 0.0 ], [ 77.481189047970744, 12.923773068031849, 0.0 ], [ 77.480818445343488, 12.92338258595554, 0.0 ], [ 77.480121236438038, 12.923605334874429, 0.0 ] ] ] ] } },
{ "type": "Feature", "properties": { "fid": 166, "year": "present", "condition": true, "Overlap": 0, "custodian": "BBMP", "status": "Developed Lake", "name": "Mangammanahalli Kere", "bbmp_id": 111, "Category": "kere", "area": 12857.672074493021, "perimeter": 537.85896997079817, "area_acres": 3.18, "valley": "Vrishabhavati Valley", "Corporation": null, "ward_name": null, "subvalley": "VV_2", "area_m": 12845 }, "geometry": { "type": "MultiPolygon", "coordinates": [ [ [ [ 77.472016299596618, 12.958388524825027, 0.0 ], [ 77.472797671823358, 12.958460375144725, 0.0 ], [ 77.472856050208122, 12.958702869973711, 0.0 ], [ 77.473354511801034, 12.958545697399373, 0.0 ], [ 77.473143451486919, 12.95804723580645, 0.0 ], [ 77.472900956657938, 12.958065198386372, 0.0 ], [ 77.472860540853105, 12.957288316804615, 0.0 ], [ 77.472824615693256, 12.957162578745139, 0.0 ], [ 77.472653971183959, 12.957176050680081, 0.0 ], [ 77.472447401514827, 12.957463451958883, 0.0 ], [ 77.47212856572115, 12.957777797107576, 0.0 ], [ 77.4719983370167, 12.957867610007197, 0.0 ], [ 77.472016299596618, 12.958388524825027, 0.0 ] ] ] ] } },
{ "type": "Feature", "properties": { "fid": 167, "year": "present", "condition": true, "Overlap": 0, "custodian": "BBMP", "status": null, "name": "Bayyapanapalya Kunte", "bbmp_id": 125, "Category": "gokatte", "area": 6152.0062370598316, "perimeter": 313.3159014037501, "area_acres": 1.52, "valley": "Suvarnamukhi Valley", "Corporation": "South", "ward_name": "52 - Talagattapura", "subvalley": "SV_1", "area_m": 6145 }, "geometry": { "type": "MultiPolygon", "coordinates": [ [ [ [ 77.543785055540283, 12.867887367590519, 0.0 ], [ 77.543469015003765, 12.86806472926075, 0.0 ], [ 77.543345800649647, 12.86817544479897, 0.0 ], [ 77.5433901007397, 12.868502176897238, 0.0 ], [ 77.543444064154258, 12.868571882104382, 0.0 ], [ 77.543452350285293, 12.868586750131062, 0.0 ], [ 77.54345845279579, 12.868713592185419, 0.0 ], [ 77.543621361683208, 12.868673474594479, 0.0 ], [ 77.544043469892586, 12.868673678207488, 0.0 ], [ 77.544283854241925, 12.868645564166279, 0.0 ], [ 77.544301884539408, 12.86857121549782, 0.0 ], [ 77.544026158006531, 12.868137072568821, 0.0 ], [ 77.543785055540283, 12.867887367590519, 0.0 ] ] ] ] } },
{ "type": "Feature", "properties": { "fid": 168, "year": "present", "condition": true, "Overlap": 0, "custodian": "BBMP", "status": null, "name": "Garudachar Palya (Goshala) Kere", "bbmp_id": 19, "Category": "kere", "area": 15787.557134862989, "perimeter": 629.56128580041388, "area_acres": 3.9, "valley": "Koramangala Challaghatta Valley", "Corporation": "East", "ward_name": "35 - Garudachar Palya", "subvalley": "KC_2", "area_m": 15767 }, "geometry": { "type": "MultiPolygon", "coordinates": [ [ [ [ 77.69756544020656, 12.985934059460659, 0.0 ], [ 77.697515659509421, 12.986067497177633, 0.0 ], [ 77.697506550674092, 12.986239683283719, 0.0 ], [ 77.69748351636251, 12.986476548302457, 0.0 ], [ 77.697444526610852, 12.986928693405288, 0.0 ], [ 77.697441047363824, 12.987283668309738, 0.0 ], [ 77.697395924927292, 12.987506421729091, 0.0 ], [ 77.697328598146257, 12.98770430902715, 0.0 ], [ 77.697608411718804, 12.987547238167231, 0.0 ], [ 77.698084773038332, 12.987309250545019, 0.0 ], [ 77.698627131708605, 12.987019421635829, 0.0 ], [ 77.698911102881027, 12.98690659973381, 0.0 ], [ 77.698934440302835, 12.986769809567038, 0.0 ], [ 77.698940938141078, 12.98669445210029, 0.0 ], [ 77.698589270521225, 12.986629985768669, 0.0 ], [ 77.698413494821224, 12.986603129663948, 0.0 ], [ 77.69827734934502, 12.986522083258119, 0.0 ], [ 77.698129463065015, 12.986369453928299, 0.0 ], [ 77.697923010966562, 12.986210262186896, 0.0 ], [ 77.697815916582286, 12.986110987587967, 0.0 ], [ 77.697663291550214, 12.985858020381462, 0.0 ], [ 77.697566286612897, 12.985742591018909, 0.0 ], [ 77.69756544020656, 12.985934059460659, 0.0 ] ] ] ] } },
{ "type": "Feature", "properties": { "fid": 169, "year": "present", "condition": true, "Overlap": 0, "custodian": "BBMP", "status": null, "name": "Devsandra kere", "bbmp_id": 37, "Category": "kere", "area": 50393.697051875293, "perimeter": 1277.0170009703463, "area_acres": 12.45, "valley": "Hebbal Nagawara Valley", "Corporation": "East", "ward_name": "12 - Chikka Devasandra", "subvalley": "HN_2", "area_m": 50327 }, "geometry": { "type": "MultiPolygon", "coordinates": [ [ [ [ 77.702932510218787, 13.002181653212821, 0.0 ], [ 77.703360813199936, 13.002143581836743, 0.0 ], [ 77.70374880053744, 13.002159816261392, 0.0 ], [ 77.70411810230955, 13.002175268285921, 0.0 ], [ 77.704594584154336, 13.002717912004471, 0.0 ], [ 77.704687826808424, 13.002636952299149, 0.0 ], [ 77.704649653093, 13.002537010070828, 0.0 ], [ 77.70457909723487, 13.002505259909649, 0.0 ], [ 77.704407776042387, 13.002267313808948, 0.0 ], [ 77.704360186822328, 13.002076956928491, 0.0 ], [ 77.704255490538003, 13.001629618259422, 0.0 ], [ 77.704284044070164, 13.001077583306046, 0.0 ], [ 77.704274526226072, 13.000982404865811, 0.0 ], [ 77.704247162424508, 13.000905072383162, 0.0 ], [ 77.703640399868036, 13.00084796531897, 0.0 ], [ 77.702740963607823, 13.000348278507797, 0.0 ], [ 77.702641026245601, 13.00004132803795, 0.0 ], [ 77.702027125306145, 13.000098435102108, 0.0 ], [ 77.702041402071998, 13.000305448209739, 0.0 ], [ 77.702112785902216, 13.000740889573787, 0.0 ], [ 77.70216989296641, 13.001568942003749, 0.0 ], [ 77.702141339434419, 13.001847338941483, 0.0 ], [ 77.701961690128499, 13.002581402661638, 0.0 ], [ 77.701695190495784, 13.002724170322082, 0.0 ], [ 77.701704708339733, 13.003228616055328, 0.0 ], [ 77.701818922468192, 13.003333312339644, 0.0 ], [ 77.701990243660489, 13.0032381338994, 0.0 ], [ 77.702199636229025, 13.002914527202556, 0.0 ], [ 77.702361439577501, 13.002505259909658, 0.0 ], [ 77.702561314301875, 13.002352974405269, 0.0 ], [ 77.702932510218787, 13.002181653212821, 0.0 ] ] ] ] } },
{ "type": "Feature", "properties": { "fid": 170, "year": "present", "condition": true, "Overlap": 0, "custodian": "BBMP", "status": "Work in Progress", "name": "Panathur Kere", "bbmp_id": 24, "Category": "kere", "area": 27479.624122355133, "perimeter": 705.89858348948928, "area_acres": 6.79, "valley": "Koramangala Challaghatta Valley", "Corporation": "East", "ward_name": "48 - Panathur", "subvalley": "KC_2", "area_m": 27443 }, "geometry": { "type": "MultiPolygon", "coordinates": [ [ [ [ 77.7162323, 12.9331633, 0.0 ], [ 77.7167423, 12.9331166, 0.0 ], [ 77.7172354, 12.9330623, 0.0 ], [ 77.7181537, 12.9331974, 0.0 ], [ 77.717251100000013, 12.9314065, 0.0 ], [ 77.7164632, 12.9315329, 0.0 ], [ 77.7164377, 12.9319098, 0.0 ], [ 77.7161302, 12.932933, 0.0 ], [ 77.7162323, 12.9331633, 0.0 ] ] ] ] } },
{ "type": "Feature", "properties": { "fid": 171, "year": "present", "condition": true, "Overlap": 0, "custodian": "BBMP", "status": null, "name": "Puttenahalli Kere", "bbmp_id": 62, "Category": "kere", "area": 32580.952535398304, "perimeter": 854.86765273640708, "area_acres": 8.05, "valley": "Koramangala Challaghatta Valley", "Corporation": "South", "ward_name": "55 - Puttenahalli", "subvalley": "KC_1", "area_m": 32543 }, "geometry": { "type": "MultiPolygon", "coordinates": [ [ [ [ 77.58800005422718, 12.891314149111148, 0.0 ], [ 77.588203580292628, 12.891385004911806, 0.0 ], [ 77.58817961819048, 12.891211202627847, 0.0 ], [ 77.588172569826597, 12.890972420546683, 0.0 ], [ 77.588166776019506, 12.890754358841159, 0.0 ], [ 77.588166776019506, 12.890591838850911, 0.0 ], [ 77.588129726732333, 12.890339029767491, 0.0 ], [ 77.588037103514338, 12.890176509507601, 0.0 ], [ 77.587963004939937, 12.889995931317349, 0.0 ], [ 77.587925955652778, 12.889688948095058, 0.0 ], [ 77.587944480296372, 12.889381964496321, 0.0 ], [ 77.588031567414745, 12.889309199285981, 0.0 ], [ 77.588000713288338, 12.889210976844019, 0.0 ], [ 77.587433598100844, 12.889244673870961, 0.0 ], [ 77.587287818082046, 12.889363288190539, 0.0 ], [ 77.587021888213087, 12.889702832606467, 0.0 ], [ 77.587020659067647, 12.889739981283631, 0.0 ], [ 77.586555561899488, 12.890524229181851, 0.0 ], [ 77.58607612686248, 12.891254538738478, 0.0 ], [ 77.586044992135285, 12.891353992711108, 0.0 ], [ 77.58605979028367, 12.89145299260595, 0.0 ], [ 77.586190430000968, 12.891508636319681, 0.0 ], [ 77.58687005096769, 12.891169687225789, 0.0 ], [ 77.58753693813722, 12.891079398505132, 0.0 ], [ 77.58800005422718, 12.891314149111148, 0.0 ] ] ] ] } },
{ "type": "Feature", "properties": { "fid": 172, "year": "present", "condition": true, "Overlap": 0, "custodian": "KFD", "status": null, "name": "Hebbala Kere", "bbmp_id": 206, "Category": "kere", "area": 536079.93765851855, "perimeter": 3485.1792845118671, "area_acres": 132.46, "valley": "Hebbal Nagawara Valley", "Corporation": "North", "ward_name": "14 - Rajiv Gandhi Nagar", "subvalley": "HN_1", "area_m": 535466 }, "geometry": { "type": "MultiPolygon", "coordinates": [ [ [ [ 77.581957895421681, 13.048133487729361, 0.0 ], [ 77.581694894927722, 13.048551104662478, 0.0 ], [ 77.581260035850789, 13.049582003759456, 0.0 ], [ 77.581240481013566, 13.04984429912656, 0.0 ], [ 77.58122251352404, 13.050259470441178, 0.0 ], [ 77.58087471421068, 13.051092925505111, 0.0 ], [ 77.581163956826856, 13.051345495314891, 0.0 ], [ 77.584882104585787, 13.049888231573462, 0.0 ], [ 77.587003113883142, 13.049131475858998, 0.0 ], [ 77.588710863813162, 13.048384183924821, 0.0 ], [ 77.590011607540106, 13.048371162926429, 0.0 ], [ 77.590744727566317, 13.048299251307229, 0.0 ], [ 77.591447653068627, 13.048299672712609, 0.0 ], [ 77.591813345341961, 13.047991437163608, 0.0 ], [ 77.591832164132569, 13.047934141426378, 0.0 ], [ 77.591208138539727, 13.047673892917889, 0.0 ], [ 77.590953178127208, 13.047428982145842, 0.0 ], [ 77.590852736694799, 13.047106380551329, 0.0 ], [ 77.590750114231327, 13.046574407539595, 0.0 ], [ 77.590723165028663, 13.045851319170868, 0.0 ], [ 77.590717216444986, 13.045280306411158, 0.0 ], [ 77.590495810779942, 13.04437874534781, 0.0 ], [ 77.590402160495998, 13.04394285197022, 0.0 ], [ 77.590263732853117, 13.043485565181696, 0.0 ], [ 77.590037342276688, 13.043138366453471, 0.0 ], [ 77.589636248405199, 13.043074033674241, 0.0 ], [ 77.588906773940167, 13.042957029107129, 0.0 ], [ 77.588480069281204, 13.042999369406729, 0.0 ], [ 77.588136168460636, 13.04353581117689, 0.0 ], [ 77.587407356952809, 13.044399710492179, 0.0 ], [ 77.587039273892302, 13.044950000804159, 0.0 ], [ 77.586732256053764, 13.044982388846829, 0.0 ], [ 77.585661300501599, 13.044531380101658, 0.0 ], [ 77.584969033839869, 13.044193762280758, 0.0 ], [ 77.5842623163837, 13.044431141879848, 0.0 ], [ 77.583927108586607, 13.045383212147597, 0.0 ], [ 77.583250186849725, 13.046059295834707, 0.0 ], [ 77.582417974247775, 13.047386278266778, 0.0 ], [ 77.581957895421681, 13.048133487729361, 0.0 ] ] ] ] } },
{ "type": "Feature", "properties": { "fid": 173, "year": "present", "condition": true, "Overlap": 0, "custodian": "KFD", "status": null, "name": "Nagavara Kere", "bbmp_id": 207, "Category": "kere", "area": 286093.1434238404, "perimeter": 2699.8185414415057, "area_acres": 70.69, "valley": "Hebbal Nagawara Valley", "Corporation": "North", "ward_name": "18 - Kempapura", "subvalley": "HN_1", "area_m": 285756 }, "geometry": { "type": "MultiPolygon", "coordinates": [ [ [ [ 77.602237687936864, 13.044966133544929, 0.0 ], [ 77.602390879293878, 13.045147820963113, 0.0 ], [ 77.602350214665719, 13.04551953308621, 0.0 ], [ 77.602307035687502, 13.04565101561278, 0.0 ], [ 77.602308063758471, 13.04565534126141, 0.0 ], [ 77.602885633860922, 13.045695410871238, 0.0 ], [ 77.605006223918778, 13.04599514887326, 0.0 ], [ 77.605364000183783, 13.04612259325665, 0.0 ], [ 77.60712442720849, 13.046170379040449, 0.0 ], [ 77.609048517531448, 13.04651294123129, 0.0 ], [ 77.610962861678146, 13.04680873905029, 0.0 ], [ 77.611271502687018, 13.04649984623267, 0.0 ], [ 77.611354906875846, 13.046312283797398, 0.0 ], [ 77.611844091131786, 13.045929191372169, 0.0 ], [ 77.612359825196393, 13.043577424304377, 0.0 ], [ 77.6124422360826, 13.04343025666601, 0.0 ], [ 77.612499461222527, 13.04335382225737, 0.0 ], [ 77.612034258297882, 13.042984106105507, 0.0 ], [ 77.611086955722172, 13.043242110498326, 0.0 ], [ 77.60981427366977, 13.043566034243712, 0.0 ], [ 77.608977284572205, 13.043767090148149, 0.0 ], [ 77.607796327352375, 13.043956976130028, 0.0 ], [ 77.606603904528484, 13.04409101320593, 0.0 ], [ 77.605594931369794, 13.044012824920491, 0.0 ], [ 77.605216638681853, 13.043951827576578, 0.0 ], [ 77.60420509108917, 13.043950131311076, 0.0 ], [ 77.603959608330157, 13.043908919696779, 0.0 ], [ 77.60245210553812, 13.043973931763526, 0.0 ], [ 77.602237687936864, 13.044966133544929, 0.0 ] ] ] ] } },
{ "type": "Feature", "properties": { "fid": 174, "year": "present", "condition": true, "Overlap": 0, "custodian": "KFD", "status": null, "name": "Madivala Kere", "bbmp_id": 204, "Category": "kere", "area": 898558.80962771177, "perimeter": 5083.7620892475215, "area_acres": 222.03, "valley": "Koramangala Challaghatta Valley", "Corporation": "South", "ward_name": "60 - Bilekahalli", "subvalley": "KC_1", "area_m": 897486 }, "geometry": { "type": "MultiPolygon", "coordinates": [ [ [ [ 77.616253806388869, 12.91315830914626, 0.0 ], [ 77.616438290017314, 12.914026534912781, 0.0 ], [ 77.616449016715961, 12.914608242595852, 0.0 ], [ 77.61646067756125, 12.915240589362448, 0.0 ], [ 77.616624467832793, 12.91505728452195, 0.0 ], [ 77.617056863727768, 12.91446015440015, 0.0 ], [ 77.617451966743701, 12.914025938807198, 0.0 ], [ 77.617827974938876, 12.913630159210681, 0.0 ], [ 77.618185087747079, 12.913291936126662, 0.0 ], [ 77.618493171371142, 12.91292552055522, 0.0 ], [ 77.619064821080528, 12.912484593049131, 0.0 ], [ 77.619762772144057, 12.912305972826131, 0.0 ], [ 77.620097856708753, 12.91241181784086, 0.0 ], [ 77.621091629416313, 12.912545691827431, 0.0 ], [ 77.621255314655301, 12.912352824812347, 0.0 ], [ 77.621281461326618, 12.912056164655979, 0.0 ], [ 77.621170668142582, 12.911713072617628, 0.0 ], [ 77.621156436100563, 12.911282960567798, 0.0 ], [ 77.6211928272715, 12.91103400370042, 0.0 ], [ 77.620867727587921, 12.910702622932588, 0.0 ], [ 77.620776826107289, 12.910397575809128, 0.0 ], [ 77.620586374518766, 12.90989274155169, 0.0 ], [ 77.620561401919957, 12.909367124713798, 0.0 ], [ 77.620604549928316, 12.90883126333231, 0.0 ], [ 77.620773893587426, 12.908246330022909, 0.0 ], [ 77.620867563475315, 12.907882063939047, 0.0 ], [ 77.620523974127096, 12.907646479580876, 0.0 ], [ 77.620374501365873, 12.907332458173046, 0.0 ], [ 77.620392099674547, 12.907150618373176, 0.0 ], [ 77.620175404267869, 12.906932883166904, 0.0 ], [ 77.619584491145275, 12.906346011478, 0.0 ], [ 77.619061102997946, 12.90569153250963, 0.0 ], [ 77.618609510610241, 12.904443535643539, 0.0 ], [ 77.61834537737451, 12.903413567813558, 0.0 ], [ 77.618509060510618, 12.903220703137869, 0.0 ], [ 77.618542767613334, 12.902713619602387, 0.0 ], [ 77.618463509968365, 12.902590117455327, 0.0 ], [ 77.618191034552737, 12.902631091915019, 0.0 ], [ 77.617703797557198, 12.902738285870607, 0.0 ], [ 77.617559300004629, 12.90257806227687, 0.0 ], [ 77.617376091051028, 12.902056017522529, 0.0 ], [ 77.617248007395119, 12.90192344250838, 0.0 ], [ 77.617015979900643, 12.901894766729511, 0.0 ], [ 77.616818610222481, 12.901870374063982, 0.0 ], [ 77.616474038587825, 12.90153917935425, 0.0 ], [ 77.615882155433496, 12.900987376135221, 0.0 ], [ 77.615478711878183, 12.900729317109908, 0.0 ], [ 77.61487522756174, 12.900011502332928, 0.0 ], [ 77.614389521212502, 12.89978163934949, 0.0 ], [ 77.614034415545959, 12.899374055407018, 0.0 ], [ 77.613246031696534, 12.899477549743668, 0.0 ], [ 77.613047648577961, 12.899144887751946, 0.0 ], [ 77.612897794369033, 12.898792617955406, 0.0 ], [ 77.612874828930927, 12.898458202529849, 0.0 ], [ 77.612844203009388, 12.898324650607872, 0.0 ], [ 77.612647906115114, 12.89819275418073, 0.0 ], [ 77.612267241720332, 12.898139189929619, 0.0 ], [ 77.61221184629666, 12.898436143323682, 0.0 ], [ 77.612355130230966, 12.899094440577493, 0.0 ], [ 77.612546546685905, 12.899694888886019, 0.0 ], [ 77.612523897739266, 12.899994177875117, 0.0 ], [ 77.612287192530317, 12.90006080942652, 0.0 ], [ 77.612082439227962, 12.900053294030458, 0.0 ], [ 77.611918057165369, 12.900179233182181, 0.0 ], [ 77.611856092018655, 12.90078221353299, 0.0 ], [ 77.611882134003778, 12.901412998435228, 0.0 ], [ 77.611930597840754, 12.90209711980785, 0.0 ], [ 77.611665264055134, 12.902274502406046, 0.0 ], [ 77.611564728031865, 12.902850194614413, 0.0 ], [ 77.611109222915545, 12.90300789487363, 0.0 ], [ 77.611129342877064, 12.90316211329284, 0.0 ], [ 77.611172757919249, 12.903494886093601, 0.0 ], [ 77.611362095962917, 12.904470618636488, 0.0 ], [ 77.61154605312943, 12.904447268877776, 0.0 ], [ 77.612652779651185, 12.90429280462609, 0.0 ], [ 77.613203787322021, 12.905731048684968, 0.0 ], [ 77.613363194944156, 12.906064099235179, 0.0 ], [ 77.613639451670622, 12.906386419616599, 0.0 ], [ 77.613974978241018, 12.906784636835667, 0.0 ], [ 77.61420618581927, 12.907461173959698, 0.0 ], [ 77.614690783808982, 12.90813517496542, 0.0 ], [ 77.615035463777673, 12.90847593086586, 0.0 ], [ 77.615351404709259, 12.908864780129768, 0.0 ], [ 77.615602607662808, 12.909588921029329, 0.0 ], [ 77.61586873147165, 12.910810097312169, 0.0 ], [ 77.616253806388869, 12.91315830914626, 0.0 ] ] ] ] } },
{ "type": "Feature", "properties": { "fid": 175, "year": "present", "condition": true, "Overlap": 0, "custodian": "KFD", "status": null, "name": "Puttenahalli Kere", "bbmp_id": 205, "Category": "kere", "area": 116089.3895165287, "perimeter": 2011.9496887481785, "area_acres": 28.69, "valley": "Hebbal Nagawara Valley", "Corporation": "North", "ward_name": "6 - Doddabettahalli", "subvalley": "HN_1", "area_m": 115958 }, "geometry": { "type": "MultiPolygon", "coordinates": [ [ [ [ 77.578934930107209, 13.113850499992068, 0.0 ], [ 77.579173553725553, 13.114088883768099, 0.0 ], [ 77.579359852550482, 13.112344177830552, 0.0 ], [ 77.579361212595046, 13.112205331325949, 0.0 ], [ 77.579371772117909, 13.112162936751849, 0.0 ], [ 77.579394151064591, 13.111217272125748, 0.0 ], [ 77.579125749053176, 13.111122881968058, 0.0 ], [ 77.57836086540685, 13.110907260834638, 0.0 ], [ 77.578093171993828, 13.110880817338966, 0.0 ], [ 77.576924914711597, 13.110676241652737, 0.0 ], [ 77.576537640266977, 13.110828430249859, 0.0 ], [ 77.576406393061674, 13.11060156981652, 0.0 ], [ 77.575699417187209, 13.110397910584892, 0.0 ], [ 77.575284564552419, 13.110336154960079, 0.0 ], [ 77.575046884560606, 13.110338531610997, 0.0 ], [ 77.574401551664977, 13.11018965738014, 0.0 ], [ 77.574102019703304, 13.1101806204166, 0.0 ], [ 77.573787645835154, 13.110205501316271, 0.0 ], [ 77.573487195528131, 13.110197797949366, 0.0 ], [ 77.573242760184954, 13.11019153051226, 0.0 ], [ 77.572778265699753, 13.110274394289759, 0.0 ], [ 77.572600859518701, 13.11037268547941, 0.0 ], [ 77.572727068299216, 13.111080100616268, 0.0 ], [ 77.572865715635984, 13.111078715434337, 0.0 ], [ 77.574488687216785, 13.111183248652141, 0.0 ], [ 77.574841876575817, 13.111368219696081, 0.0 ], [ 77.575288779123511, 13.111743095418392, 0.0 ], [ 77.576026200871297, 13.1119981242738, 0.0 ], [ 77.576797611230177, 13.112172099404111, 0.0 ], [ 77.577441082037382, 13.112444077791316, 0.0 ], [ 77.578150124729447, 13.112769147695426, 0.0 ], [ 77.578763622819991, 13.112950605292776, 0.0 ], [ 77.578964565750212, 13.113365602026386, 0.0 ], [ 77.578934930107209, 13.113850499992068, 0.0 ] ] ] ] } },
{ "type": "Feature", "properties": { "fid": 176, "year": "present", "condition": true, "Overlap": 0, "custodian": "BDA", "status": "", "name": "Bellandur Amanikere", "bbmp_id": 202, "Category": "kere", "area": 3287827.5386952758, "perimeter": 11635.524083337346, "area_acres": 812.41, "valley": "Koramangala Challaghatta Valley", "Corporation": "East", "ward_name": "46 - Yamalur", "subvalley": "KC_1", "area_m": 3283666 }, "geometry": { "type": "MultiPolygon", "coordinates": [ [ [ [ 77.650664634230239, 12.927879104046289, 0.0 ], [ 77.650481171199786, 12.927749980513996, 0.0 ], [ 77.649880737837279, 12.927821602448899, 0.0 ], [ 77.649457262600436, 12.927782222077679, 0.0 ], [ 77.649053746473356, 12.92752423056573, 0.0 ], [ 77.648249711700672, 12.927292145023191, 0.0 ], [ 77.647361919949205, 12.927563245114721, 0.0 ], [ 77.646852843348142, 12.927852341153899, 0.0 ], [ 77.646269344163343, 12.928920879854058, 0.0 ], [ 77.646066547767404, 12.92896644051523, 0.0 ], [ 77.645533272952761, 12.929234777503329, 0.0 ], [ 77.645278817939882, 12.929368822132886, 0.0 ], [ 77.644867244269705, 12.929623972633848, 0.0 ], [ 77.644861451784195, 12.929074271322989, 0.0 ], [ 77.644760840934396, 12.928776508670381, 0.0 ], [ 77.643260964007823, 12.928660245194077, 0.0 ], [ 77.642971091678248, 12.928902208429392, 0.0 ], [ 77.642974111611167, 12.929189009559929, 0.0 ], [ 77.643100470820457, 12.929617976901412, 0.0 ], [ 77.643976158138983, 12.930624964545927, 0.0 ], [ 77.644395918933199, 12.93114656704396, 0.0 ], [ 77.645116855648197, 12.931342429276476, 0.0 ], [ 77.646510503511919, 12.931782441604232, 0.0 ], [ 77.648518980351867, 12.932754010086478, 0.0 ], [ 77.65077813815769, 12.93323301095322, 0.0 ], [ 77.652316228834948, 12.933504202822059, 0.0 ], [ 77.653121950157072, 12.933651373226057, 0.0 ], [ 77.65374808655838, 12.934099149064149, 0.0 ], [ 77.656502267996487, 12.935430553522808, 0.0 ], [ 77.656687422645604, 12.93559316646445, 0.0 ], [ 77.657449504216459, 12.936065894014462, 0.0 ], [ 77.658256811774237, 12.936603679507998, 0.0 ], [ 77.658504267719763, 12.936841403006639, 0.0 ], [ 77.659198636039235, 12.93722745217185, 0.0 ], [ 77.659760113496418, 12.937680376737962, 0.0 ], [ 77.660137880318572, 12.93815461280948, 0.0 ], [ 77.661508906225706, 12.938867446766359, 0.0 ], [ 77.661560175268889, 12.93910594637563, 0.0 ], [ 77.66156600897898, 12.939655639795896, 0.0 ], [ 77.660990477103297, 12.939915686321989, 0.0 ], [ 77.660854765477382, 12.940115349960896, 0.0 ], [ 77.660676875329429, 12.940835930116128, 0.0 ], [ 77.660631692351032, 12.94117102377221, 0.0 ], [ 77.660588030887695, 12.941649515809969, 0.0 ], [ 77.660589552453075, 12.941792914181891, 0.0 ], [ 77.660475073258908, 12.942487250009089, 0.0 ], [ 77.660013880036971, 12.94265927379864, 0.0 ], [ 77.65992224474283, 12.943209962583399, 0.0 ], [ 77.659907513517012, 12.94411840134515, 0.0 ], [ 77.660533259216052, 12.94429606134897, 0.0 ], [ 77.660925286038562, 12.944495228205582, 0.0 ], [ 77.661413131882242, 12.944538050797, 0.0 ], [ 77.661704519844548, 12.944439465447909, 0.0 ], [ 77.662035519330487, 12.944379070331401, 0.0 ], [ 77.661932325681917, 12.944090555270726, 0.0 ], [ 77.662133987649923, 12.943574596062877, 0.0 ], [ 77.662094899703263, 12.94333597247055, 0.0 ], [ 77.66223665927707, 12.94291623435123, 0.0 ], [ 77.662649370987083, 12.942768604414612, 0.0 ], [ 77.663367681315563, 12.942713460146003, 0.0 ], [ 77.663989619194496, 12.94266120085925, 0.0 ], [ 77.664265231204041, 12.942548488986089, 0.0 ], [ 77.665527134812393, 12.941858529364987, 0.0 ], [ 77.665488332691083, 12.941616179364956, 0.0 ], [ 77.665655087488631, 12.941255940522838, 0.0 ], [ 77.666068937020796, 12.941215854374899, 0.0 ], [ 77.666481261430675, 12.941032369906297, 0.0 ], [ 77.666699161821896, 12.94089867850624, 0.0 ], [ 77.667359783657972, 12.940398307898768, 0.0 ], [ 77.668598239442076, 12.939599374557247, 0.0 ], [ 77.669422029567954, 12.939590939157666, 0.0 ], [ 77.670494915646813, 12.939973076659509, 0.0 ], [ 77.670719189826585, 12.940123661592896, 0.0 ], [ 77.67125982191402, 12.940707812205472, 0.0 ], [ 77.671707907275746, 12.940965304037638, 0.0 ], [ 77.672088268462858, 12.94113612773927, 0.0 ], [ 77.672964971991931, 12.941913391130932, 0.0 ], [ 77.673341726150198, 12.942228907185228, 0.0 ], [ 77.673720553021681, 12.942332580528278, 0.0 ], [ 77.673929069738762, 12.942461902741698, 0.0 ], [ 77.674222614403575, 12.942566450211249, 0.0 ], [ 77.674451036716121, 12.942277281401378, 0.0 ], [ 77.674927960576753, 12.942126266079102, 0.0 ], [ 77.675008853162694, 12.941976056008038, 0.0 ], [ 77.674905330288951, 12.941459948982486, 0.0 ], [ 77.675385300390133, 12.941277026077319, 0.0 ], [ 77.67633918258224, 12.940939627479739, 0.0 ], [ 77.676973364680109, 12.94106731801447, 0.0 ], [ 77.67749613303485, 12.94103896386626, 0.0 ], [ 77.677631295867428, 12.941145134458951, 0.0 ], [ 77.677976124544486, 12.94148817095828, 0.0 ], [ 77.678689895758382, 12.942150092201739, 0.0 ], [ 77.679257727736868, 12.94283741311942, 0.0 ], [ 77.679493039805493, 12.943193523612589, 0.0 ], [ 77.679795351270826, 12.943244881026649, 0.0 ], [ 77.679745335215301, 12.942957612591631, 0.0 ], [ 77.679590760981426, 12.942686460418329, 0.0 ], [ 77.679216601199897, 12.942012827672318, 0.0 ], [ 77.679184425958539, 12.94167892022581, 0.0 ], [ 77.679059530320998, 12.941393380142891, 0.0 ], [ 77.67895938425572, 12.941143438556136, 0.0 ], [ 77.678673683522433, 12.940632481875749, 0.0 ], [ 77.678585976638388, 12.94040631417676, 0.0 ], [ 77.678473010364442, 12.940096748955639, 0.0 ], [ 77.678135517305677, 12.939299499275879, 0.0 ], [ 77.677778509050725, 12.938956587534646, 0.0 ], [ 77.677565784309351, 12.938432928057269, 0.0 ], [ 77.677282131192698, 12.938113163864097, 0.0 ], [ 77.677167382383132, 12.937636301630386, 0.0 ], [ 77.677159474839854, 12.93689541984134, 0.0 ], [ 77.676946498872738, 12.936347859771269, 0.0 ], [ 77.676660936757216, 12.9358488485561, 0.0 ], [ 77.676655581758723, 12.935346960620409, 0.0 ], [ 77.676816196772393, 12.934413132241117, 0.0 ], [ 77.676959075516692, 12.934100939042626, 0.0 ], [ 77.676978086217304, 12.93359880105238, 0.0 ], [ 77.676838466337628, 12.933074389258566, 0.0 ], [ 77.67660778899527, 12.93272490837338, 0.0 ], [ 77.67679618157095, 12.932537027262407, 0.0 ], [ 77.676781194434156, 12.932274258581469, 0.0 ], [ 77.676755809250153, 12.932178910929347, 0.0 ], [ 77.676667598624562, 12.931904942673338, 0.0 ], [ 77.676530705731679, 12.93183122129575, 0.0 ], [ 77.6763879064262, 12.931955616977792, 0.0 ], [ 77.676157582072094, 12.932065539603698, 0.0 ], [ 77.675987279026558, 12.932091189033969, 0.0 ], [ 77.67570720408419, 12.932106013498982, 0.0 ], [ 77.674912015566164, 12.93180344308551, 0.0 ], [ 77.674515729375585, 12.931390977732107, 0.0 ], [ 77.67393658473587, 12.931148982313257, 0.0 ], [ 77.673345244638341, 12.931126345610251, 0.0 ], [ 77.673059596629145, 12.930865426878039, 0.0 ], [ 77.67224702637678, 12.930956877182709, 0.0 ], [ 77.668994420535142, 12.930793618437388, 0.0 ], [ 77.66823837931581, 12.930888715919952, 0.0 ], [ 77.667416938333332, 12.931115523038679, 0.0 ], [ 77.666392799634821, 12.931125995287534, 0.0 ], [ 77.665966537392919, 12.930824585813571, 0.0 ], [ 77.665932446772644, 12.930791836826558, 0.0 ], [ 77.665416383548461, 12.928000286491269, 0.0 ], [ 77.663907803541051, 12.92792676945618, 0.0 ], [ 77.663891241775232, 12.92802362119345, 0.0 ], [ 77.663732047139121, 12.92798630584017, 0.0 ], [ 77.663230846492922, 12.928906511667762, 0.0 ], [ 77.662379933691383, 12.92909240001984, 0.0 ], [ 77.662143423630766, 12.929356637330509, 0.0 ], [ 77.660612312842872, 12.929852752045768, 0.0 ], [ 77.659229868411643, 12.929670284283491, 0.0 ], [ 77.658092558764395, 12.929507151522751, 0.0 ], [ 77.657715228711538, 12.929620199565941, 0.0 ], [ 77.656956174412855, 12.929431366674317, 0.0 ], [ 77.656134489409098, 12.929636300986758, 0.0 ], [ 77.655081383323676, 12.929013642990871, 0.0 ], [ 77.654792876440595, 12.929103942119671, 0.0 ], [ 77.654148377160951, 12.929219704134672, 0.0 ], [ 77.653637460787266, 12.929334105733039, 0.0 ], [ 77.653212579654095, 12.929671128628151, 0.0 ], [ 77.652895169486868, 12.929580897508188, 0.0 ], [ 77.651650590980765, 12.92913979776621, 0.0 ], [ 77.651462018479819, 12.928808972448142, 0.0 ], [ 77.651009444477594, 12.927853252399421, 0.0 ], [ 77.650664634230239, 12.927879104046289, 0.0 ] ] ] ] } },
{ "type": "Feature", "properties": { "fid": 177, "year": "present", "condition": true, "Overlap": 0, "custodian": "BDA", "status": null, "name": "Varthur Kere", "bbmp_id": 203, "Category": "kere", "area": 1418515.5714859813, "perimeter": 7036.456311047441, "area_acres": 350.51, "valley": "Koramangala Challaghatta Valley", "Corporation": "East", "ward_name": "40 - Varthur", "subvalley": "KC_2", "area_m": 1416555 }, "geometry": { "type": "MultiPolygon", "coordinates": [ [ [ [ 77.740720792171743, 12.952825665573819, 0.0 ], [ 77.740981301022899, 12.953052053837579, 0.0 ], [ 77.742669442909559, 12.953589873638569, 0.0 ], [ 77.743375041588635, 12.95400099707723, 0.0 ], [ 77.74353815623607, 12.955171659109538, 0.0 ], [ 77.744128851768323, 12.956047473037149, 0.0 ], [ 77.744944717318845, 12.956570604571086, 0.0 ], [ 77.745406940830804, 12.956918982273958, 0.0 ], [ 77.745569229785758, 12.956788815739088, 0.0 ], [ 77.744777325162772, 12.956235174604178, 0.0 ], [ 77.744344559637923, 12.95541186289263, 0.0 ], [ 77.74422605958803, 12.954757935809598, 0.0 ], [ 77.744128628927967, 12.953994590499246, 0.0 ], [ 77.744368035819903, 12.953489766069358, 0.0 ], [ 77.744560502712545, 12.95138827656962, 0.0 ], [ 77.74497379012368, 12.949595429814408, 0.0 ], [ 77.745337269941714, 12.949067897129121, 0.0 ], [ 77.745768419467481, 12.948075854046877, 0.0 ], [ 77.746190590073169, 12.947011649496229, 0.0 ], [ 77.746267069731658, 12.946521108298679, 0.0 ], [ 77.746857940644986, 12.94591274637285, 0.0 ], [ 77.747099252170983, 12.945524837152176, 0.0 ], [ 77.747250533987938, 12.945137877092202, 0.0 ], [ 77.746846768474228, 12.944893252270219, 0.0 ], [ 77.745969618565553, 12.94552068788183, 0.0 ], [ 77.745570249657803, 12.945677437014169, 0.0 ], [ 77.745136032144515, 12.94564186998514, 0.0 ], [ 77.74458863810878, 12.945735949658649, 0.0 ], [ 77.743793159955757, 12.945599815608112, 0.0 ], [ 77.742985793423713, 12.945873255743718, 0.0 ], [ 77.7421294053336, 12.946155238106996, 0.0 ], [ 77.741969382855316, 12.945914975421891, 0.0 ], [ 77.741539786921962, 12.945382681183039, 0.0 ], [ 77.740978324695263, 12.944938993537242, 0.0 ], [ 77.740452235092505, 12.944735786657388, 0.0 ], [ 77.739583450337435, 12.944632523569501, 0.0 ], [ 77.738597276377817, 12.944273579508279, 0.0 ], [ 77.73735095414753, 12.944077934014469, 0.0 ], [ 77.735194488339758, 12.943332697766857, 0.0 ], [ 77.734946372079165, 12.943040470188828, 0.0 ], [ 77.734753200986916, 12.942682147612627, 0.0 ], [ 77.734682837585837, 12.942355295325278, 0.0 ], [ 77.734690158812313, 12.942005788534949, 0.0 ], [ 77.734688372643348, 12.941842011973161, 0.0 ], [ 77.73461789071591, 12.941504241147264, 0.0 ], [ 77.734515561645495, 12.94130876031854, 0.0 ], [ 77.734380194679062, 12.941146385066178, 0.0 ], [ 77.733989869068395, 12.94108496125701, 0.0 ], [ 77.733791402012983, 12.94126175797348, 0.0 ], [ 77.733573527750579, 12.941700830832177, 0.0 ], [ 77.73359192042922, 12.942366739379667, 0.0 ], [ 77.733509055655986, 12.942935432666451, 0.0 ], [ 77.732979606879468, 12.94338869286395, 0.0 ], [ 77.732011967118765, 12.9434752763045, 0.0 ], [ 77.731420669035614, 12.943361357357491, 0.0 ], [ 77.729974950692494, 12.943507542067659, 0.0 ], [ 77.729498537496539, 12.943720006983741, 0.0 ], [ 77.728730910702822, 12.943771724532496, 0.0 ], [ 77.727964352359621, 12.943921706355653, 0.0 ], [ 77.727440913753966, 12.94390534556738, 0.0 ], [ 77.727095594302099, 12.943893211548577, 0.0 ], [ 77.727059103977538, 12.944224076857701, 0.0 ], [ 77.726318664113137, 12.94498841983463, 0.0 ], [ 77.726480132584555, 12.946287357618319, 0.0 ], [ 77.728043251504147, 12.947009622416688, 0.0 ], [ 77.729142267071396, 12.947206854335413, 0.0 ], [ 77.730095708707111, 12.947566177648939, 0.0 ], [ 77.731311061581124, 12.947922751080807, 0.0 ], [ 77.731896156512306, 12.947531246617029, 0.0 ], [ 77.73266673805081, 12.94763556422356, 0.0 ], [ 77.73299906514616, 12.94823683483405, 0.0 ], [ 77.733814390805705, 12.949494964488956, 0.0 ], [ 77.734520330869756, 12.949470701131778, 0.0 ], [ 77.735853874890864, 12.950155178188279, 0.0 ], [ 77.736669946778122, 12.950676486211268, 0.0 ], [ 77.737481285468149, 12.950764302064648, 0.0 ], [ 77.738158722770521, 12.952081881975317, 0.0 ], [ 77.738772052134721, 12.95202726186225, 0.0 ], [ 77.739345877096184, 12.952385159427138, 0.0 ], [ 77.740720792171743, 12.952825665573819, 0.0 ] ] ] ] } },
{ "type": "Feature", "properties": { "fid": 178, "year": "present", "condition": true, "Overlap": 0, "custodian": "Horitculture Department", "status": null, "name": "Lalbagh kere", "bbmp_id": null, "Category": "kere", "area": 139179.92449993268, "perimeter": 1922.0336926522752, "area_acres": 34.39, "valley": "Koramangala Challaghatta Valley", "Corporation": "Central", "ward_name": "40 - Ashoka Pillar", "subvalley": "KC_1", "area_m": 139021 }, "geometry": { "type": "MultiPolygon", "coordinates": [ [ [ [ 77.581521984761991, 12.945057839379896, 0.0 ], [ 77.581635873491877, 12.945264408686381, 0.0 ], [ 77.58168490502706, 12.945700759307838, 0.0 ], [ 77.581774809405886, 12.946267840713547, 0.0 ], [ 77.581899476774879, 12.947074667674967, 0.0 ], [ 77.581868678116379, 12.947115157445518, 0.0 ], [ 77.581833371433632, 12.94745033407774, 0.0 ], [ 77.581644919931165, 12.947609965716289, 0.0 ], [ 77.581524356162532, 12.94773545945486, 0.0 ], [ 77.581414721436389, 12.94797558252386, 0.0 ], [ 77.581411423204997, 12.948128598739018, 0.0 ], [ 77.581436875240243, 12.948233522728232, 0.0 ], [ 77.581559408803955, 12.94829923886242, 0.0 ], [ 77.581681006833534, 12.948274130242554, 0.0 ], [ 77.581826481226869, 12.948200977615537, 0.0 ], [ 77.582077651652412, 12.947978574670476, 0.0 ], [ 77.582382728456736, 12.947784321648378, 0.0 ], [ 77.58304191357243, 12.947424013058161, 0.0 ], [ 77.583337536944995, 12.947258537257749, 0.0 ], [ 77.583682587114808, 12.947159501253161, 0.0 ], [ 77.583892207169058, 12.947162203223419, 0.0 ], [ 77.584374953638005, 12.947181318915849, 0.0 ], [ 77.585092083013777, 12.94724113480498, 0.0 ], [ 77.585300586350499, 12.94728888485618, 0.0 ], [ 77.585512259717049, 12.947337360688842, 0.0 ], [ 77.585983245437205, 12.947633871780811, 0.0 ], [ 77.586197985915518, 12.947660424587768, 0.0 ], [ 77.586376883740627, 12.947520007871558, 0.0 ], [ 77.586492817468908, 12.94741846188729, 0.0 ], [ 77.586593241947497, 12.947231016914039, 0.0 ], [ 77.586655801082401, 12.946680613282069, 0.0 ], [ 77.586639108097287, 12.946479988840929, 0.0 ], [ 77.586593567522456, 12.946317896508031, 0.0 ], [ 77.586484866108222, 12.946175553999737, 0.0 ], [ 77.586396152878265, 12.946080820211229, 0.0 ], [ 77.586293065198916, 12.946010132652212, 0.0 ], [ 77.586029539786864, 12.945979283123489, 0.0 ], [ 77.585824055080053, 12.945904830851211, 0.0 ], [ 77.585555951874184, 12.945902710572179, 0.0 ], [ 77.585410184362786, 12.945947183439079, 0.0 ], [ 77.585322852008829, 12.945986295731979, 0.0 ], [ 77.585152420033893, 12.946002328846838, 0.0 ], [ 77.585009768083836, 12.945972219786253, 0.0 ], [ 77.584476500436196, 12.945717278720551, 0.0 ], [ 77.584202390585119, 12.945499322267498, 0.0 ], [ 77.583917986378069, 12.94540742058784, 0.0 ], [ 77.583646286850922, 12.945056340706328, 0.0 ], [ 77.583309161280127, 12.944505118325738, 0.0 ], [ 77.582875696435281, 12.944064806888834, 0.0 ], [ 77.582743171350387, 12.943975286411218, 0.0 ], [ 77.582442037105082, 12.944078666025629, 0.0 ], [ 77.582158871042381, 12.944033664542541, 0.0 ], [ 77.581504665050517, 12.943930188855386, 0.0 ], [ 77.581382872136899, 12.943936176009398, 0.0 ], [ 77.581329802989146, 12.943989289773688, 0.0 ], [ 77.581273090561439, 12.944161958045012, 0.0 ], [ 77.581285594161926, 12.944429555469148, 0.0 ], [ 77.581521984761991, 12.945057839379896, 0.0 ] ] ] ] } },
{ "type": "Feature", "properties": { "fid": 179, "year": "present", "condition": true, "Overlap": 0, "custodian": "Unknown", "status": null, "name": "Mallasandra Kere-2", "bbmp_id": null, "Category": "kere", "area": 13979.174378952943, "perimeter": 501.24577172910142, "area_acres": 3.45, "valley": "Arkavathi Valley", "Corporation": "North", "ward_name": "68 - Mallasandra", "subvalley": "AV_1", "area_m": 13965 }, "geometry": { "type": "MultiPolygon", "coordinates": [ [ [ [ 77.519130496710389, 13.056768705191368, 0.0 ], [ 77.519044448298473, 13.056881993452492, 0.0 ], [ 77.519270523314773, 13.056847577395878, 0.0 ], [ 77.519352874846817, 13.056903733103068, 0.0 ], [ 77.51939405061286, 13.056943844314663, 0.0 ], [ 77.519468166991658, 13.056983955519771, 0.0 ], [ 77.51962463490257, 13.05708824462258, 0.0 ], [ 77.519764632507034, 13.057240667078229, 0.0 ], [ 77.519789337966671, 13.057296822696058, 0.0 ], [ 77.519863454345526, 13.057304844926129, 0.0 ], [ 77.519904630111526, 13.057304844926152, 0.0 ], [ 77.519962276183961, 13.057288800465738, 0.0 ], [ 77.520019922256409, 13.057248689310111, 0.0 ], [ 77.520061098022438, 13.057136378039781, 0.0 ], [ 77.52015168470767, 13.05701604447918, 0.0 ], [ 77.520258741699337, 13.056903733103058, 0.0 ], [ 77.520423444763438, 13.05680746616861, 0.0 ], [ 77.520497561142278, 13.056711199196679, 0.0 ], [ 77.520579912674336, 13.056606909934729, 0.0 ], [ 77.52056344236793, 13.056510642884611, 0.0 ], [ 77.520538736908321, 13.056310086409788, 0.0 ], [ 77.520504804038879, 13.056247647959943, 0.0 ], [ 77.520499284775084, 13.056078963375301, 0.0 ], [ 77.520509601405806, 13.056014320531398, 0.0 ], [ 77.520212032551385, 13.055884551176367, 0.0 ], [ 77.519909767581154, 13.056012996364148, 0.0 ], [ 77.519735063883203, 13.056097169834759, 0.0 ], [ 77.519624634902584, 13.056197774712748, 0.0 ], [ 77.519439181854409, 13.056494478643748, 0.0 ], [ 77.519313183060419, 13.056692919151786, 0.0 ], [ 77.519229542490862, 13.056740348115307, 0.0 ], [ 77.519143227918676, 13.056751943728347, 0.0 ], [ 77.519130496710389, 13.056768705191368, 0.0 ] ] ] ] } },
{ "type": "Feature", "properties": { "fid": 180, "year": "present", "condition": true, "Overlap": 0, "custodian": "Unknown", "status": null, "name": "Dodda Bettahalli Kere", "bbmp_id": null, "Category": "kere", "area": 28920.470837702858, "perimeter": 781.80872669417363, "area_acres": 7.15, "valley": "Hebbal Nagawara Valley", "Corporation": "North", "ward_name": "7 - Attur", "subvalley": "HN_1", "area_m": 28889 }, "geometry": { "type": "MultiPolygon", "coordinates": [ [ [ [ 77.555196995304613, 13.091298000319318, 0.0 ], [ 77.555094511362284, 13.091291844571812, 0.0 ], [ 77.554830505948786, 13.091229919612559, 0.0 ], [ 77.554640537704287, 13.091253315062881, 0.0 ], [ 77.554407640310018, 13.091370360910547, 0.0 ], [ 77.554064647943648, 13.091452641104068, 0.0 ], [ 77.553853842862253, 13.091583810081978, 0.0 ], [ 77.553358786141786, 13.09181819015229, 0.0 ], [ 77.553191944373069, 13.091956094572788, 0.0 ], [ 77.553057170159803, 13.092366186406219, 0.0 ], [ 77.553227115637057, 13.092529440956207, 0.0 ], [ 77.553322876298225, 13.0925930333969, 0.0 ], [ 77.554035280952661, 13.092500219892539, 0.0 ], [ 77.554182621439253, 13.09242914326571, 0.0 ], [ 77.554881376464536, 13.092224862788028, 0.0 ], [ 77.554985974098855, 13.092117604950209, 0.0 ], [ 77.555613439063094, 13.091953621441347, 0.0 ], [ 77.555999877453246, 13.09182788151162, 0.0 ], [ 77.556115237595122, 13.091753489561093, 0.0 ], [ 77.556062291751076, 13.091617283013081, 0.0 ], [ 77.556050213419027, 13.091565958155382, 0.0 ], [ 77.556071557915686, 13.091448294273446, 0.0 ], [ 77.556025469340739, 13.091412895247551, 0.0 ], [ 77.555908878087266, 13.091339351149362, 0.0 ], [ 77.555859988171676, 13.091327883749889, 0.0 ], [ 77.555567264999937, 13.091318832794498, 0.0 ], [ 77.555423920503117, 13.09131128930502, 0.0 ], [ 77.555323061969617, 13.09128539681948, 0.0 ], [ 77.555209979037983, 13.091319220279839, 0.0 ], [ 77.555196995304613, 13.091298000319318, 0.0 ] ] ] ] } },
{ "type": "Feature", "properties": { "fid": 181, "year": "present", "condition": true, "Overlap": 0, "custodian": "Unknown", "status": null, "name": "Kadiranpalaya Kere", "bbmp_id": null, "Category": "kere", "area": 82537.445724062622, "perimeter": 1480.1794887824308, "area_acres": 20.39, "valley": "Koramangala Challaghatta Valley", "Corporation": "Central", "ward_name": "15 - Indiranagar", "subvalley": "KC_1", "area_m": 82436 }, "geometry": { "type": "MultiPolygon", "coordinates": [ [ [ [ 77.637448578413156, 12.9881484137005, 0.0 ], [ 77.637513176773467, 12.987613920640408, 0.0 ], [ 77.638492082050064, 12.987190687235179, 0.0 ], [ 77.638086890797382, 12.98540386499787, 0.0 ], [ 77.637882117125983, 12.984303828641011, 0.0 ], [ 77.63721545218344, 12.984362257265518, 0.0 ], [ 77.636218450754768, 12.984734006171289, 0.0 ], [ 77.634698096049974, 12.98376785282, 0.0 ], [ 77.636160933788304, 12.985940029909051, 0.0 ], [ 77.636771544297019, 12.987225376171949, 0.0 ], [ 77.63675834737036, 12.987638803665206, 0.0 ], [ 77.63711460464782, 12.988117363149129, 0.0 ], [ 77.637448578413156, 12.9881484137005, 0.0 ] ] ] ] } },
{ "type": "Feature", "properties": { "fid": 182, "year": "present", "condition": true, "Overlap": 0, "custodian": "Unknown", "status": null, "name": "Thippasandra Kere", "bbmp_id": null, "Category": "kere", "area": 14572.937253564596, "perimeter": 546.20962628384461, "area_acres": 3.6, "valley": "Suvarnamukhi Valley", "Corporation": "South", "ward_name": "40 - Anjanapura", "subvalley": "SV_1", "area_m": 14557 }, "geometry": { "type": "MultiPolygon", "coordinates": [ [ [ [ 77.5564236, 12.8709715, 0.0 ], [ 77.5563913, 12.8709372, 0.0 ], [ 77.5563908, 12.8709366, 0.0 ], [ 77.5563889, 12.8709342, 0.0 ], [ 77.5563013, 12.8708016, 0.0 ], [ 77.5563008, 12.8708008, 0.0 ], [ 77.556300100000016, 12.8707996, 0.0 ], [ 77.5561501, 12.8705098, 0.0 ], [ 77.5560754, 12.8703598, 0.0 ], [ 77.5560752, 12.8703594, 0.0 ], [ 77.55599, 12.8701797, 0.0 ], [ 77.555606, 12.8702888, 0.0 ], [ 77.5550811, 12.8704316, 0.0 ], [ 77.5550799, 12.8704319, 0.0 ], [ 77.5550789, 12.870432, 0.0 ], [ 77.5549835, 12.8704425, 0.0 ], [ 77.5549821, 12.8704426, 0.0 ], [ 77.5549797, 12.8704424, 0.0 ], [ 77.5549774, 12.8704418, 0.0 ], [ 77.5549752, 12.8704408, 0.0 ], [ 77.55497440000002, 12.8704403, 0.0 ], [ 77.5549184, 12.870404, 0.0 ], [ 77.5549169, 12.8704029, 0.0 ], [ 77.5549156, 12.8704016, 0.0 ], [ 77.5549144, 12.8704001, 0.0 ], [ 77.5548057, 12.8702381, 0.0 ], [ 77.5546237, 12.870469, 0.0 ], [ 77.554656900000012, 12.870515, 0.0 ], [ 77.5547562, 12.8705178, 0.0 ], [ 77.554758, 12.870518, 0.0 ], [ 77.5547598, 12.8705184, 0.0 ], [ 77.5547615, 12.870519, 0.0 ], [ 77.5547631, 12.8705199, 0.0 ], [ 77.5548397, 12.8705669, 0.0 ], [ 77.5548415, 12.8705683, 0.0 ], [ 77.5548431, 12.8705699, 0.0 ], [ 77.5548444, 12.8705717, 0.0 ], [ 77.5549189, 12.8707026, 0.0 ], [ 77.5549195, 12.8707039, 0.0 ], [ 77.5549504, 12.870776, 0.0 ], [ 77.5550777, 12.8710738, 0.0 ], [ 77.5552263, 12.8714211, 0.0 ], [ 77.5554271, 12.871353, 0.0 ], [ 77.5564236, 12.8709715, 0.0 ] ] ] ] } },
{ "type": "Feature", "properties": { "fid": 183, "year": "present", "condition": true, "Overlap": 0, "custodian": "Unknown", "status": null, "name": "Kannuru kere", "bbmp_id": null, "Category": "kere", "area": 207016.48933115229, "perimeter": 2152.0387027721476, "area_acres": 51.15, "valley": "Hebbal Nagawara Valley", "Corporation": "North", "ward_name": "21 - Kogilu", "subvalley": "HN_2", "area_m": 206759 }, "geometry": { "type": "MultiPolygon", "coordinates": [ [ [ [ 77.652401385648872, 13.09789633671488, 0.0 ], [ 77.652159275472144, 13.097852019257358, 0.0 ], [ 77.651808304947508, 13.097899608482978, 0.0 ], [ 77.651201542344893, 13.097941249059938, 0.0 ], [ 77.650651291945394, 13.097978428146535, 0.0 ], [ 77.650499601294655, 13.097978428148902, 0.0 ], [ 77.65035683362413, 13.098037914676267, 0.0 ], [ 77.650338987662806, 13.0978802753851, 0.0 ], [ 77.650190271338303, 13.097871352408632, 0.0 ], [ 77.650145656442263, 13.097960582196842, 0.0 ], [ 77.650166476731101, 13.098168785034318, 0.0 ], [ 77.64996719685746, 13.098222322909919, 0.0 ], [ 77.649821454860373, 13.098269912132347, 0.0 ], [ 77.649756019678478, 13.0983204756795, 0.0 ], [ 77.649702481800162, 13.098225297240241, 0.0 ], [ 77.649574585761556, 13.098243143199849, 0.0 ], [ 77.64949725327088, 13.098115247172151, 0.0 ], [ 77.649286670955405, 13.098112867714349, 0.0 ], [ 77.649172456816387, 13.097991515205159, 0.0 ], [ 77.648851229555049, 13.097941546528967, 0.0 ], [ 77.648701323495089, 13.09762745767901, 0.0 ], [ 77.648394373004137, 13.097777363726859, 0.0 ], [ 77.648194498263081, 13.097713118283071, 0.0 ], [ 77.648016038675564, 13.097820194030739, 0.0 ], [ 77.647823302318415, 13.097763086969668, 0.0 ], [ 77.647587735660963, 13.097784502122449, 0.0 ], [ 77.647687673034127, 13.097984376845218, 0.0 ], [ 77.647908962929932, 13.098305604077009, 0.0 ], [ 77.648101699291544, 13.098626831309298, 0.0 ], [ 77.648401511413965, 13.09941205343541, 0.0 ], [ 77.648615662929785, 13.099954570540568, 0.0 ], [ 77.64877270737496, 13.100368596752599, 0.0 ], [ 77.648922613432575, 13.100525641176421, 0.0 ], [ 77.649143903334249, 13.10121092594167, 0.0 ], [ 77.649936263915009, 13.10149646124969, 0.0 ], [ 77.650043339668045, 13.101467907715907, 0.0 ], [ 77.650236076023987, 13.101439354180968, 0.0 ], [ 77.650521611367424, 13.101482184474539, 0.0 ], [ 77.650735762877417, 13.101674920812471, 0.0 ], [ 77.651064128522876, 13.101746304637322, 0.0 ], [ 77.651078405291614, 13.101853380382178, 0.0 ], [ 77.651599507293284, 13.101924764204201, 0.0 ], [ 77.651906457790432, 13.102146054072639, 0.0 ], [ 77.651999256773607, 13.1019533177301, 0.0 ], [ 77.652077778992918, 13.101960456111893, 0.0 ], [ 77.652663126444622, 13.101903349038544, 0.0 ], [ 77.652734510280965, 13.101939040952612, 0.0 ], [ 77.652905831486478, 13.101939040949937, 0.0 ], [ 77.653177090057113, 13.101624952093269, 0.0 ], [ 77.653669638521592, 13.101517876340527, 0.0 ], [ 77.653948035480525, 13.101503599570311, 0.0 ], [ 77.65401228092837, 13.10123947939792, 0.0 ], [ 77.654012280927688, 13.101196649099908, 0.0 ], [ 77.654083664762439, 13.101146680417802, 0.0 ], [ 77.65412649506122, 13.100975359224933, 0.0 ], [ 77.65430495464912, 13.10090397539202, 0.0 ], [ 77.654197878893953, 13.10080403803167, 0.0 ], [ 77.653983727386972, 13.100804038035012, 0.0 ], [ 77.653712468807356, 13.100554194634066, 0.0 ], [ 77.653098567812052, 13.100035472144928, 0.0 ], [ 77.652717854012451, 13.099464401510458, 0.0 ], [ 77.652372832120989, 13.098286568319658, 0.0 ], [ 77.652515599786909, 13.097953443777167, 0.0 ], [ 77.652401385648872, 13.09789633671488, 0.0 ] ] ] ] } },
{ "type": "Feature", "properties": { "fid": 184, "year": "present", "condition": true, "Overlap": 0, "custodian": "Unknown", "status": null, "name": "Yellamallappashetti Kere", "bbmp_id": null, "Category": "kere", "area": 1477707.8732227292, "perimeter": 7731.6777391455698, "area_acres": 365.14, "valley": "Hebbal Nagawara Valley", "Corporation": "East", "ward_name": "10 - Medahalli", "subvalley": "HN_2", "area_m": 1475691 }, "geometry": { "type": "MultiPolygon", "coordinates": [ [ [ [ 77.723955459092736, 13.035897269286412, 0.0 ], [ 77.723698477304026, 13.036059072634707, 0.0 ], [ 77.723470049047435, 13.03636364364348, 0.0 ], [ 77.723612816707885, 13.036487375615712, 0.0 ], [ 77.723993530468874, 13.036744357404467, 0.0 ], [ 77.724393279917876, 13.036934714284941, 0.0 ], [ 77.724536047578113, 13.037106035477219, 0.0 ], [ 77.724202923037353, 13.037429642173997, 0.0 ], [ 77.723298727855195, 13.037163142541319, 0.0 ], [ 77.722727657213738, 13.037172660385469, 0.0 ], [ 77.721947194003747, 13.037743731026916, 0.0 ], [ 77.721680694371116, 13.037800838091009, 0.0 ], [ 77.721871051251583, 13.038095891255686, 0.0 ], [ 77.72281331780988, 13.038105409099618, 0.0 ], [ 77.723850762808411, 13.038000712815462, 0.0 ], [ 77.72413629812911, 13.037981677127391, 0.0 ], [ 77.724478940513961, 13.038172034007907, 0.0 ], [ 77.724669297394485, 13.03824817676008, 0.0 ], [ 77.724745440146648, 13.037724695338852, 0.0 ], [ 77.725740372108532, 13.037175198477138, 0.0 ], [ 77.726558906694606, 13.036604127835687, 0.0 ], [ 77.727129977336062, 13.036261485451011, 0.0 ], [ 77.727396476968522, 13.036166307010769, 0.0 ], [ 77.727529726784894, 13.03622341407492, 0.0 ], [ 77.727786708573603, 13.036000442715482, 0.0 ], [ 77.72802465467413, 13.035867192899159, 0.0 ], [ 77.72835777921506, 13.035619728954543, 0.0 ], [ 77.72843392196728, 13.035391300697938, 0.0 ], [ 77.728852707104124, 13.035248533037697, 0.0 ], [ 77.728921711473447, 13.035255671420719, 0.0 ], [ 77.728993095303508, 13.03526637899529, 0.0 ], [ 77.72907875589982, 13.035216410314041, 0.0 ], [ 77.729167985687468, 13.035177149207472, 0.0 ], [ 77.729185831645054, 13.035198564356559, 0.0 ], [ 77.729264353858127, 13.035145026483969, 0.0 ], [ 77.729328599305347, 13.03508791941983, 0.0 ], [ 77.729407121518591, 13.035134318909398, 0.0 ], [ 77.729546319987378, 13.03512718052639, 0.0 ], [ 77.729631980583633, 13.035170010824398, 0.0 ], [ 77.729653395732612, 13.03523425627162, 0.0 ], [ 77.729696226030683, 13.035277086569693, 0.0 ], [ 77.7297069336052, 13.03533776282535, 0.0 ], [ 77.729774748243926, 13.035294932527281, 0.0 ], [ 77.729871116414643, 13.035173580015959, 0.0 ], [ 77.729921085095896, 13.035005828015017, 0.0 ], [ 77.730035299224028, 13.034755984609488, 0.0 ], [ 77.729996038117463, 13.03463463209817, 0.0 ], [ 77.730053145181614, 13.034527556352936, 0.0 ], [ 77.730085267905295, 13.03444546494814, 0.0 ], [ 77.730095975479685, 13.034316974053977, 0.0 ], [ 77.730117390628777, 13.034067130648278, 0.0 ], [ 77.730085267905295, 13.033885101881252, 0.0 ], [ 77.730074560330706, 13.033806579668186, 0.0 ], [ 77.729942500244817, 13.033856548349256, 0.0 ], [ 77.729892531563735, 13.033881532689916, 0.0 ], [ 77.729796163393075, 13.033803010476669, 0.0 ], [ 77.729731917945855, 13.03374590341253, 0.0 ], [ 77.729635549775196, 13.03376731856145, 0.0 ], [ 77.729589150285619, 13.033742334221017, 0.0 ], [ 77.729599857860137, 13.033653104433197, 0.0 ], [ 77.729649826541277, 13.033503198389839, 0.0 ], [ 77.729699795222359, 13.033417537793747, 0.0 ], [ 77.729712287392488, 13.03286966689717, 0.0 ], [ 77.729402957461787, 13.032274801645713, 0.0 ], [ 77.729272087106494, 13.031703731004258, 0.0 ], [ 77.729343470936726, 13.031418195683559, 0.0 ], [ 77.729569519732252, 13.031037481922558, 0.0 ], [ 77.729771773917719, 13.030644870856632, 0.0 ], [ 77.729712287392488, 13.030097594825181, 0.0 ], [ 77.730116795763649, 13.029752572979421, 0.0 ], [ 77.730223871508883, 13.029359961913478, 0.0 ], [ 77.730366639169176, 13.029086323897729, 0.0 ], [ 77.730449920304409, 13.028836480492256, 0.0 ], [ 77.73012869306865, 13.028217820630582, 0.0 ], [ 77.730093001153477, 13.027706236514348, 0.0 ], [ 77.730045411933418, 13.027087576652891, 0.0 ], [ 77.730057309238418, 13.026885322467418, 0.0 ], [ 77.730283358033944, 13.026944808992429, 0.0 ], [ 77.730283358033944, 13.026397532961198, 0.0 ], [ 77.730528145085032, 13.025820811099829, 0.0 ], [ 77.730899341001873, 13.02536395458668, 0.0 ], [ 77.731241983386724, 13.024921374839609, 0.0 ], [ 77.731713116665958, 13.024778607179313, 0.0 ], [ 77.73209858934888, 13.02467866981709, 0.0 ], [ 77.732398401435546, 13.024264643602008, 0.0 ], [ 77.732755320586477, 13.024064768877619, 0.0 ], [ 77.733055132673258, 13.02397910828131, 0.0 ], [ 77.733383498291857, 13.023850617387097, 0.0 ], [ 77.734097336593777, 13.023607912364469, 0.0 ], [ 77.734568469872841, 13.023408037639847, 0.0 ], [ 77.735053879918155, 13.023179609383252, 0.0 ], [ 77.73515381728032, 13.023008288191019, 0.0 ], [ 77.734197273955999, 13.019610417874512, 0.0 ], [ 77.733297837695773, 13.017226197946735, 0.0 ], [ 77.732726767054331, 13.017611670629661, 0.0 ], [ 77.7315132419414, 13.017782991822118, 0.0 ], [ 77.730842233937722, 13.018225571569188, 0.0 ], [ 77.730385377424568, 13.018810918976666, 0.0 ], [ 77.730299716828426, 13.01922494519158, 0.0 ], [ 77.730085565337959, 13.019439096682097, 0.0 ], [ 77.729800030017202, 13.019781739066964, 0.0 ], [ 77.729628708824805, 13.020309979410339, 0.0 ], [ 77.728729272564578, 13.020766835923496, 0.0 ], [ 77.728001157496749, 13.020852496519641, 0.0 ], [ 77.726530650595123, 13.020866773285718, 0.0 ], [ 77.726230838508286, 13.02070972885935, 0.0 ], [ 77.725745428463142, 13.020652621795188, 0.0 ], [ 77.725616937568816, 13.02096671064788, 0.0 ], [ 77.725260018418055, 13.021209415670569, 0.0 ], [ 77.724817438670982, 13.021423567161042, 0.0 ], [ 77.724574733648296, 13.021309353032789, 0.0 ], [ 77.724075046837072, 13.021380736863017, 0.0 ], [ 77.723218440875087, 13.021623441885479, 0.0 ], [ 77.722832968192165, 13.021766209545953, 0.0 ], [ 77.721947808697848, 13.021509227757178, 0.0 ], [ 77.7209484350754, 13.021209415670569, 0.0 ], [ 77.720720006818851, 13.021809039844007, 0.0 ], [ 77.720591515924639, 13.022565708443953, 0.0 ], [ 77.720805667415163, 13.02343659117202, 0.0 ], [ 77.721176863332005, 13.023764956790776, 0.0 ], [ 77.722518879339304, 13.024207536537864, 0.0 ], [ 77.723846618580524, 13.02512124956416, 0.0 ], [ 77.724046493305082, 13.025349677820767, 0.0 ], [ 77.724360582157829, 13.025963578760241, 0.0 ], [ 77.725274295184136, 13.026306221144921, 0.0 ], [ 77.725588384036826, 13.026349051443161, 0.0 ], [ 77.725188634587823, 13.028019433069288, 0.0 ], [ 77.725145804289753, 13.0286047804766, 0.0 ], [ 77.725102973991682, 13.029175851118051, 0.0 ], [ 77.72504586692753, 13.030489313593367, 0.0 ], [ 77.725245741651975, 13.031645731642191, 0.0 ], [ 77.725088697225601, 13.032602274966509, 0.0 ], [ 77.72503159016145, 13.033201899139961, 0.0 ], [ 77.724660394244623, 13.03364447888703, 0.0 ], [ 77.724574733648296, 13.033758693015328, 0.0 ], [ 77.724489073052155, 13.034829450467951, 0.0 ], [ 77.724360582157829, 13.035657502898001, 0.0 ], [ 77.724103600369233, 13.035957314984779, 0.0 ], [ 77.723955459092736, 13.035897269286412, 0.0 ] ] ] ] } },
{ "type": "Feature", "properties": { "fid": 185, "year": "present", "condition": true, "Overlap": 0, "custodian": "Unknown", "status": null, "name": "Basappana katte", "bbmp_id": null, "Category": "gokatte", "area": 24335.227021892089, "perimeter": 693.15393622763145, "area_acres": 6.01, "valley": "Vrishabhavati Valley", "Corporation": "West", "ward_name": "5 - Rajeshwarinagar", "subvalley": "VV_1", "area_m": 24310 }, "geometry": { "type": "MultiPolygon", "coordinates": [ [ [ [ 77.513704288405833, 13.010440212325951, 0.0 ], [ 77.514017441387807, 13.01056823301619, 0.0 ], [ 77.51426278238786, 13.010598618400198, 0.0 ], [ 77.514431046552488, 13.010717121968391, 0.0 ], [ 77.51447801698103, 13.010956936771358, 0.0 ], [ 77.514389693036151, 13.011034242893889, 0.0 ], [ 77.514268178688582, 13.01113371358532, 0.0 ], [ 77.51417996474062, 13.011221939968992, 0.0 ], [ 77.514281848611063, 13.01138477271277, 0.0 ], [ 77.514582103794297, 13.011338175523912, 0.0 ], [ 77.514770108839215, 13.011205295712381, 0.0 ], [ 77.514869239085783, 13.011095120542681, 0.0 ], [ 77.515091095010249, 13.011005597725241, 0.0 ], [ 77.515280311405263, 13.010992840950861, 0.0 ], [ 77.515491691278328, 13.010968947661739, 0.0 ], [ 77.51554550240057, 13.01078276236769, 0.0 ], [ 77.515498531045566, 13.010542947936896, 0.0 ], [ 77.51530589975961, 13.01021717545942, 0.0 ], [ 77.515337106843859, 13.009998445347559, 0.0 ], [ 77.515168181955119, 13.009814420533178, 0.0 ], [ 77.515067069481915, 13.009728030237747, 0.0 ], [ 77.514909832501957, 13.009598498697956, 0.0 ], [ 77.51457440699231, 13.009470694918321, 0.0 ], [ 77.514253532147833, 13.009681312312232, 0.0 ], [ 77.514154181799853, 13.009769646580676, 0.0 ], [ 77.514010834661363, 13.009913014263686, 0.0 ], [ 77.513889100381775, 13.009990644085377, 0.0 ], [ 77.513811583024065, 13.010035081078923, 0.0 ], [ 77.513756779690439, 13.010122983396538, 0.0 ], [ 77.513669886986307, 13.010342253364989, 0.0 ], [ 77.513704288405833, 13.010440212325951, 0.0 ] ] ] ] } },
{ "type": "Feature", "properties": { "fid": 186, "year": "present", "condition": true, "Overlap": 0, "custodian": "Unknown", "status": null, "name": "Amrutnagar Kere", "bbmp_id": null, "Category": "brick kiln", "area": 37096.161061659455, "perimeter": 955.30107254305267, "area_acres": 9.17, "valley": "Suvarnamukhi Valley", "Corporation": "South", "ward_name": "40 - Anjanapura", "subvalley": "SV_1", "area_m": 37055 }, "geometry": { "type": "MultiPolygon", "coordinates": [ [ [ [ 77.559040534907837, 12.847326982706562, 0.0 ], [ 77.559005886246638, 12.847310404105679, 0.0 ], [ 77.559006571501527, 12.847378063276688, 0.0 ], [ 77.558830525280243, 12.847443991939057, 0.0 ], [ 77.558877823159762, 12.847586023779682, 0.0 ], [ 77.55878515406026, 12.84824689505346, 0.0 ], [ 77.558492260189709, 12.848759725978349, 0.0 ], [ 77.558694368227165, 12.84889513112711, 0.0 ], [ 77.559324526190366, 12.848982026250571, 0.0 ], [ 77.559704036424975, 12.849003699135219, 0.0 ], [ 77.559957219086698, 12.848468361058659, 0.0 ], [ 77.560964570419159, 12.84834857509259, 0.0 ], [ 77.561562518271046, 12.84815230217389, 0.0 ], [ 77.561923141164684, 12.847912543841868, 0.0 ], [ 77.561451189985078, 12.847725910595956, 0.0 ], [ 77.560750933915983, 12.847682460486988, 0.0 ], [ 77.559956669258227, 12.847563336284917, 0.0 ], [ 77.559755082840141, 12.847235431790359, 0.0 ], [ 77.559040534907837, 12.847326982706562, 0.0 ] ] ] ] } },
{ "type": "Feature", "properties": { "fid": 187, "year": "present", "condition": true, "Overlap": 0, "custodian": "Bharat Electronics Limited", "status": null, "name": "BEL Kere", "bbmp_id": null, "Category": "kere", "area": 39385.406131416559, "perimeter": 783.36762066242852, "area_acres": 9.73, "valley": "Hebbal Nagawara Valley", "Corporation": "North", "ward_name": "11 - Doddabommasandra", "subvalley": "HN_1", "area_m": 39342 }, "geometry": { "type": "MultiPolygon", "coordinates": [ [ [ [ 77.5645613, 13.0555199, 0.0 ], [ 77.5637491, 13.0555047, 0.0 ], [ 77.5633418, 13.0561487, 0.0 ], [ 77.5630857, 13.0565629, 0.0 ], [ 77.5633905, 13.0570374, 0.0 ], [ 77.563424600000019, 13.0570887, 0.0 ], [ 77.5634628, 13.0571041, 0.0 ], [ 77.5642107, 13.0571311, 0.0 ], [ 77.564614500000019, 13.0571372, 0.0 ], [ 77.5646291, 13.0571299, 0.0 ], [ 77.5649974, 13.0568164, 0.0 ], [ 77.5655118, 13.0563366, 0.0 ], [ 77.5657334, 13.0561192, 0.0 ], [ 77.5657608, 13.0560774, 0.0 ], [ 77.5657778, 13.0560241, 0.0 ], [ 77.5657765, 13.0556168, 0.0 ], [ 77.5657702, 13.0555724, 0.0 ], [ 77.5657407, 13.0555541, 0.0 ], [ 77.5645613, 13.0555199, 0.0 ] ] ] ] } },
{ "type": "Feature", "properties": { "fid": 188, "year": "present", "condition": true, "Overlap": 0, "custodian": "Unknown", "status": null, "name": "Pillappana katte", "bbmp_id": null, "Category": "gokatte", "area": 16972.348144851625, "perimeter": 544.16758707265831, "area_acres": 4.19, "valley": "Vrishabhavati Valley", "Corporation": "West", "ward_name": "29 - Chowdeshwari Nagar", "subvalley": "VV_1", "area_m": 16955 }, "geometry": { "type": "MultiPolygon", "coordinates": [ [ [ [ 77.5163776, 12.9969963, 0.0 ], [ 77.5163927, 12.9970712, 0.0 ], [ 77.5165951, 12.9980913, 0.0 ], [ 77.5166962, 12.9985585, 0.0 ], [ 77.5167263, 12.9986404, 0.0 ], [ 77.5167541, 12.9986937, 0.0 ], [ 77.5167798, 12.998724, 0.0 ], [ 77.5168014, 12.9987391, 0.0 ], [ 77.5168562, 12.9987596, 0.0 ], [ 77.5172657, 12.9987614, 0.0 ], [ 77.5173144, 12.9987495, 0.0 ], [ 77.517359, 12.998728, 0.0 ], [ 77.5173861, 12.9987105, 0.0 ], [ 77.5174054, 12.9986912, 0.0 ], [ 77.5174303, 12.9986412, 0.0 ], [ 77.5174389, 12.9985245, 0.0 ], [ 77.5174032, 12.9978899, 0.0 ], [ 77.5174126, 12.9974672, 0.0 ], [ 77.5174018, 12.9973583, 0.0 ], [ 77.5173854, 12.9972801, 0.0 ], [ 77.5173771, 12.9972381, 0.0 ], [ 77.5173632, 12.9972133, 0.0 ], [ 77.5173435, 12.9971887, 0.0 ], [ 77.5173219, 12.9971717, 0.0 ], [ 77.5172925, 12.9971567, 0.0 ], [ 77.5172455, 12.997138, 0.0 ], [ 77.5163776, 12.9969963, 0.0 ] ] ] ] } },
{ "type": "Feature", "properties": { "fid": 189, "year": "present", "condition": true, "Overlap": 0, "custodian": "Jss Academy Of Technical Education Academic Block", "status": null, "name": "Idly Kere", "bbmp_id": null, "Category": "gokatte", "area": 5697.2742238137871, "perimeter": 305.00173260850266, "area_acres": 1.41, "valley": "Vrishabhavati Valley", "Corporation": "West", "ward_name": "20 - Hemmigepura", "subvalley": "VV_1", "area_m": 5691 }, "geometry": { "type": "MultiPolygon", "coordinates": [ [ [ [ 77.5069961, 12.9037677, 0.0 ], [ 77.506894, 12.9033605, 0.0 ], [ 77.5068725, 12.9033153, 0.0 ], [ 77.5068221, 12.9032093, 0.0 ], [ 77.506777900000017, 12.9031967, 0.0 ], [ 77.5067574, 12.9031926, 0.0 ], [ 77.5062654, 12.903317, 0.0 ], [ 77.5062207, 12.9033283, 0.0 ], [ 77.5061668, 12.9033503, 0.0 ], [ 77.5061452, 12.9033807, 0.0 ], [ 77.5061442, 12.9034192, 0.0 ], [ 77.5061441, 12.9034208, 0.0 ], [ 77.506151800000012, 12.9034503, 0.0 ], [ 77.5062232, 12.9037227, 0.0 ], [ 77.5062356, 12.9037943, 0.0 ], [ 77.5062358, 12.9038173, 0.0 ], [ 77.5063601, 12.9037842, 0.0 ], [ 77.5064839, 12.9040653, 0.0 ], [ 77.5066593, 12.9039445, 0.0 ], [ 77.5066622, 12.9039427, 0.0 ], [ 77.5069009, 12.9038065, 0.0 ], [ 77.506906, 12.903804, 0.0 ], [ 77.5069961, 12.9037677, 0.0 ] ] ] ] } },
{ "type": "Feature", "properties": { "fid": 190, "year": "present", "condition": true, "Overlap": 0, "custodian": "Unknown", "status": null, "name": "BGS Kere", "bbmp_id": null, "Category": "gokatte", "area": 12458.469688077923, "perimeter": 578.49436407596158, "area_acres": 3.08, "valley": "Vrishabhavati Valley", "Corporation": "West", "ward_name": "20 - Hemmigepura", "subvalley": "VV_2", "area_m": 12446 }, "geometry": { "type": "MultiPolygon", "coordinates": [ [ [ [ 77.4990942, 12.8937229, 0.0 ], [ 77.49912740000002, 12.8936927, 0.0 ], [ 77.4991822, 12.8936952, 0.0 ], [ 77.4992736, 12.8936973, 0.0 ], [ 77.4993648, 12.8936755, 0.0 ], [ 77.4994405, 12.8936299, 0.0 ], [ 77.4994948, 12.8935816, 0.0 ], [ 77.4995399, 12.8935184, 0.0 ], [ 77.4995698, 12.8934584, 0.0 ], [ 77.4996146, 12.8933713, 0.0 ], [ 77.4996657, 12.8933081, 0.0 ], [ 77.4996926, 12.893257, 0.0 ], [ 77.4997439, 12.8932027, 0.0 ], [ 77.4997923, 12.8931724, 0.0 ], [ 77.4998498, 12.89313, 0.0 ], [ 77.499892100000011, 12.8931027, 0.0 ], [ 77.4999007, 12.8930458, 0.0 ], [ 77.499873, 12.8930162, 0.0 ], [ 77.4998394, 12.8930076, 0.0 ], [ 77.4997628, 12.8929635, 0.0 ], [ 77.4996894, 12.8929283, 0.0 ], [ 77.4996311, 12.8928841, 0.0 ], [ 77.4995483, 12.8928311, 0.0 ], [ 77.4994859, 12.8927873, 0.0 ], [ 77.4994659, 12.8928139, 0.0 ], [ 77.4994086, 12.8928713, 0.0 ], [ 77.4993814, 12.8928984, 0.0 ], [ 77.4993298, 12.8929168, 0.0 ], [ 77.4992722, 12.8929383, 0.0 ], [ 77.4992329, 12.8929686, 0.0 ], [ 77.4991999, 12.8930167, 0.0 ], [ 77.4991639, 12.8930798, 0.0 ], [ 77.4991402, 12.8931398, 0.0 ], [ 77.4990927, 12.8932717, 0.0 ], [ 77.4990658, 12.8933228, 0.0 ], [ 77.4990268, 12.8933769, 0.0 ], [ 77.498933, 12.8934376, 0.0 ], [ 77.4985541, 12.8936294, 0.0 ], [ 77.4982241, 12.8938328, 0.0 ], [ 77.4981939, 12.893857, 0.0 ], [ 77.4981698, 12.8938811, 0.0 ], [ 77.4981578, 12.8938992, 0.0 ], [ 77.4981215, 12.8939264, 0.0 ], [ 77.4981066, 12.8939594, 0.0 ], [ 77.4981009, 12.8940013, 0.0 ], [ 77.4981106, 12.894055, 0.0 ], [ 77.4981357, 12.8941265, 0.0 ], [ 77.4981696, 12.894174, 0.0 ], [ 77.4982551, 12.8941881, 0.0 ], [ 77.4987157, 12.8942554, 0.0 ], [ 77.4988192, 12.8942544, 0.0 ], [ 77.4988801, 12.8942509, 0.0 ], [ 77.4990685, 12.8942072, 0.0 ], [ 77.4991536, 12.8941855, 0.0 ], [ 77.499205, 12.8941432, 0.0 ], [ 77.4991985, 12.8941104, 0.0 ], [ 77.499155500000015, 12.8940749, 0.0 ], [ 77.4991156, 12.8940424, 0.0 ], [ 77.4990755, 12.893986, 0.0 ], [ 77.4990567, 12.8939324, 0.0 ], [ 77.4990563, 12.8938996, 0.0 ], [ 77.4990771, 12.8938456, 0.0 ], [ 77.4990829, 12.8938186, 0.0 ], [ 77.4990886, 12.8937797, 0.0 ], [ 77.4990942, 12.8937229, 0.0 ] ] ] ] } },
{ "type": "Feature", "properties": { "fid": 191, "year": "present", "condition": true, "Overlap": 0, "custodian": "Unknown", "status": null, "name": "Bangalore Palace Kere", "bbmp_id": null, "Category": "kere", "area": 56645.437521232292, "perimeter": 936.15455967157175, "area_acres": 14.0, "valley": "Vrishabhavati Valley", "Corporation": "West", "ward_name": "51 - Rajamahal", "subvalley": "VV_1", "area_m": 56580 }, "geometry": { "type": "MultiPolygon", "coordinates": [ [ [ [ 77.5871991, 13.0034726, 0.0 ], [ 77.5872229, 13.0034582, 0.0 ], [ 77.587254, 13.0034394, 0.0 ], [ 77.5872926, 13.0034161, 0.0 ], [ 77.5872999, 13.0034078, 0.0 ], [ 77.5873528, 13.0033485, 0.0 ], [ 77.5873933, 13.0032525, 0.0 ], [ 77.5873918, 13.0031151, 0.0 ], [ 77.5873963, 13.0029597, 0.0 ], [ 77.5874005, 13.0027744, 0.0 ], [ 77.5873987, 13.0026011, 0.0 ], [ 77.5873968, 13.0024159, 0.0 ], [ 77.5873879, 13.002153, 0.0 ], [ 77.5873675, 13.0019441, 0.0 ], [ 77.5873415, 13.001783, 0.0 ], [ 77.5873268, 13.0015441, 0.0 ], [ 77.5872815, 13.0012876, 0.0 ], [ 77.5872422, 13.001031, 0.0 ], [ 77.5871547, 13.0008168, 0.0 ], [ 77.5870073, 13.0007047, 0.0 ], [ 77.5869032, 13.0006579, 0.0 ], [ 77.5867998, 13.0006589, 0.0 ], [ 77.5859865, 13.0011598, 0.0 ], [ 77.5855842, 13.0013936, 0.0 ], [ 77.5851849, 13.0016695, 0.0 ], [ 77.5849789, 13.0017823, 0.0 ], [ 77.5849578, 13.0018139, 0.0 ], [ 77.5849149, 13.0019099, 0.0 ], [ 77.584882, 13.0020298, 0.0 ], [ 77.5848886, 13.0022018, 0.0 ], [ 77.5849249, 13.002407, 0.0 ], [ 77.5849894, 13.0025164, 0.0 ], [ 77.5851123, 13.0026155, 0.0 ], [ 77.5852936, 13.0027046, 0.0 ], [ 77.5854406, 13.0027748, 0.0 ], [ 77.5855975, 13.0028593, 0.0 ], [ 77.585769, 13.0029436, 0.0 ], [ 77.5859991, 13.0030322, 0.0 ], [ 77.58629, 13.0031177, 0.0 ], [ 77.586513, 13.0032302, 0.0 ], [ 77.5866674, 13.00331, 0.0 ], [ 77.586756, 13.003388, 0.0 ], [ 77.5868688, 13.003449, 0.0 ], [ 77.5869813, 13.0034885, 0.0 ], [ 77.5870642, 13.0034948, 0.0 ], [ 77.5871251, 13.0034895, 0.0 ], [ 77.5871991, 13.0034726, 0.0 ] ] ] ] } },
{ "type": "Feature", "properties": { "fid": 192, "year": "present", "condition": true, "Overlap": 0, "custodian": "Unknown", "status": null, "name": "Kere (Quarry Kere)", "bbmp_id": null, "Category": "quarry", "area": 60732.634343214333, "perimeter": 1027.3298209810309, "area_acres": 15.01, "valley": "Koramangala Challaghatta Valley", "Corporation": "South", "ward_name": "31 - Kasavanahalli", "subvalley": "KC_2", "area_m": 60655 }, "geometry": { "type": "MultiPolygon", "coordinates": [ [ [ [ 77.6709954, 12.8985154, 0.0 ], [ 77.6715512, 12.8983862, 0.0 ], [ 77.671819400000018, 12.8983146, 0.0 ], [ 77.6718543, 12.8983009, 0.0 ], [ 77.6718833, 12.8982719, 0.0 ], [ 77.6721261, 12.8978315, 0.0 ], [ 77.6721391, 12.897763, 0.0 ], [ 77.672142, 12.8977482, 0.0 ], [ 77.67215010000001, 12.8977051, 0.0 ], [ 77.672139, 12.8973897, 0.0 ], [ 77.67211, 12.8970042, 0.0 ], [ 77.6720695, 12.8968535, 0.0 ], [ 77.6719191, 12.8966925, 0.0 ], [ 77.6718797, 12.8966475, 0.0 ], [ 77.6718548, 12.8965976, 0.0 ], [ 77.6718298, 12.8965405, 0.0 ], [ 77.6717375, 12.8963382, 0.0 ], [ 77.6717268, 12.8962451, 0.0 ], [ 77.6717345, 12.8960515, 0.0 ], [ 77.6717636, 12.8958145, 0.0 ], [ 77.6717899, 12.8957641, 0.0 ], [ 77.671809, 12.8957328, 0.0 ], [ 77.6718283, 12.8957111, 0.0 ], [ 77.6719331, 12.8955976, 0.0 ], [ 77.6719305, 12.895594, 0.0 ], [ 77.6719296, 12.8955928, 0.0 ], [ 77.6718801, 12.8955167, 0.0 ], [ 77.6718562, 12.8954848, 0.0 ], [ 77.6718232, 12.8954442, 0.0 ], [ 77.6718033, 12.8954218, 0.0 ], [ 77.6717902, 12.8954103, 0.0 ], [ 77.6716783, 12.8953098, 0.0 ], [ 77.6716769, 12.8953085, 0.0 ], [ 77.6715217, 12.8951439, 0.0 ], [ 77.671521, 12.8951432, 0.0 ], [ 77.6714635, 12.8950759, 0.0 ], [ 77.6714413, 12.8950544, 0.0 ], [ 77.6714296, 12.8950465, 0.0 ], [ 77.6714241, 12.8950438, 0.0 ], [ 77.6714059, 12.8950392, 0.0 ], [ 77.6713825, 12.8950355, 0.0 ], [ 77.67136, 12.8950339, 0.0 ], [ 77.6713288, 12.8950351, 0.0 ], [ 77.6713171, 12.8950363, 0.0 ], [ 77.6712994, 12.8950391, 0.0 ], [ 77.6712645, 12.8950478, 0.0 ], [ 77.6711557, 12.8950848, 0.0 ], [ 77.6710624, 12.8951284, 0.0 ], [ 77.6710264, 12.8951477, 0.0 ], [ 77.6710242, 12.8951487, 0.0 ], [ 77.6709916, 12.8951619, 0.0 ], [ 77.6709909, 12.8951622, 0.0 ], [ 77.6709898, 12.8951626, 0.0 ], [ 77.6709765, 12.8951668, 0.0 ], [ 77.6709741, 12.8951674, 0.0 ], [ 77.6709506, 12.8951722, 0.0 ], [ 77.6709283, 12.895178, 0.0 ], [ 77.6709206, 12.8951805, 0.0 ], [ 77.6709147, 12.895183, 0.0 ], [ 77.6709033, 12.895189, 0.0 ], [ 77.6708932, 12.8951961, 0.0 ], [ 77.6708504, 12.8952288, 0.0 ], [ 77.6708173, 12.8952554, 0.0 ], [ 77.6707053, 12.8953511, 0.0 ], [ 77.6707048, 12.8953515, 0.0 ], [ 77.6706599, 12.8953873, 0.0 ], [ 77.6706595, 12.8953876, 0.0 ], [ 77.6706189, 12.8954185, 0.0 ], [ 77.6706184, 12.8954189, 0.0 ], [ 77.6705595, 12.8954612, 0.0 ], [ 77.6705592, 12.8954614, 0.0 ], [ 77.6704052, 12.8955673, 0.0 ], [ 77.6704038, 12.8955682, 0.0 ], [ 77.6702689, 12.8956471, 0.0 ], [ 77.67026820000001, 12.8956475, 0.0 ], [ 77.6702457, 12.8956595, 0.0 ], [ 77.6702398, 12.8957213, 0.0 ], [ 77.6702271, 12.8958075, 0.0 ], [ 77.6702244, 12.8959184, 0.0 ], [ 77.6702596, 12.8961189, 0.0 ], [ 77.6703406, 12.8963991, 0.0 ], [ 77.6704642, 12.8968396, 0.0 ], [ 77.670459, 12.8969046, 0.0 ], [ 77.6704441, 12.8969614, 0.0 ], [ 77.670395, 12.8969862, 0.0 ], [ 77.6702483, 12.897098, 0.0 ], [ 77.670504900000012, 12.8983114, 0.0 ], [ 77.6705606, 12.8983975, 0.0 ], [ 77.6705928, 12.8984238, 0.0 ], [ 77.6706436, 12.8984605, 0.0 ], [ 77.6707298, 12.8984997, 0.0 ], [ 77.6708743, 12.8985231, 0.0 ], [ 77.6709406, 12.8985282, 0.0 ], [ 77.6709954, 12.8985154, 0.0 ] ] ] ] } },
{ "type": "Feature", "properties": { "fid": 193, "year": "present", "condition": true, "Overlap": 0, "custodian": "Unknown", "status": null, "name": "Harulur Quarry Kere", "bbmp_id": null, "Category": "quarry", "area": 24596.048282200005, "perimeter": 610.17995739678224, "area_acres": 6.08, "valley": "Koramangala Challaghatta Valley", "Corporation": "South", "ward_name": "32 - Kudlu", "subvalley": "KC_2", "area_m": 24565 }, "geometry": { "type": "MultiPolygon", "coordinates": [ [ [ [ 77.6644263, 12.8927584, 0.0 ], [ 77.6643074, 12.8927776, 0.0 ], [ 77.6642809, 12.8927832, 0.0 ], [ 77.6642798, 12.8927834, 0.0 ], [ 77.6641297, 12.8928099, 0.0 ], [ 77.66398, 12.8928422, 0.0 ], [ 77.6637859, 12.8928907, 0.0 ], [ 77.6637062, 12.8929124, 0.0 ], [ 77.6636588, 12.8929263, 0.0 ], [ 77.6635897, 12.8929494, 0.0 ], [ 77.6635232, 12.8929739, 0.0 ], [ 77.6634398, 12.8930111, 0.0 ], [ 77.663352, 12.893059, 0.0 ], [ 77.6633122, 12.8930838, 0.0 ], [ 77.6633055, 12.8930885, 0.0 ], [ 77.663269500000013, 12.893118, 0.0 ], [ 77.6632602, 12.8931281, 0.0 ], [ 77.6632406, 12.893152, 0.0 ], [ 77.6632273, 12.8931748, 0.0 ], [ 77.6632208, 12.8931921, 0.0 ], [ 77.6632183, 12.8932004, 0.0 ], [ 77.6632119, 12.8932371, 0.0 ], [ 77.6632123, 12.8932731, 0.0 ], [ 77.6632177, 12.8933335, 0.0 ], [ 77.6632351, 12.893446, 0.0 ], [ 77.6633431, 12.8940171, 0.0 ], [ 77.6633455, 12.8940307, 0.0 ], [ 77.6633459, 12.8940333, 0.0 ], [ 77.6633533, 12.8941053, 0.0 ], [ 77.663353500000014, 12.8941086, 0.0 ], [ 77.663353500000014, 12.8941096, 0.0 ], [ 77.6633531, 12.8941304, 0.0 ], [ 77.6633529, 12.8941334, 0.0 ], [ 77.6633478, 12.8941831, 0.0 ], [ 77.6633475, 12.8941854, 0.0 ], [ 77.6633467, 12.894189, 0.0 ], [ 77.6633369, 12.8942241, 0.0 ], [ 77.6633361, 12.8942265, 0.0 ], [ 77.6633358, 12.8942272, 0.0 ], [ 77.6633289, 12.8942454, 0.0 ], [ 77.6634885, 12.8944444, 0.0 ], [ 77.6635135, 12.8944967, 0.0 ], [ 77.6644744, 12.8943665, 0.0 ], [ 77.6647299, 12.8943295, 0.0 ], [ 77.664743, 12.894325, 0.0 ], [ 77.6647502, 12.8943149, 0.0 ], [ 77.6647515, 12.8942977, 0.0 ], [ 77.6646374, 12.8937424, 0.0 ], [ 77.6645062, 12.8928555, 0.0 ], [ 77.6644986, 12.8928317, 0.0 ], [ 77.664476300000018, 12.8927913, 0.0 ], [ 77.6644263, 12.8927584, 0.0 ] ] ] ] } },
{ "type": "Feature", "properties": { "fid": 194, "year": "present", "condition": true, "Overlap": 0, "custodian": "Unknown", "status": null, "name": "Bellihalli kere", "bbmp_id": null, "Category": "kere", "area": 53362.048047516495, "perimeter": 885.65167486045289, "area_acres": 13.19, "valley": "Hebbal Nagawara Valley", "Corporation": "North", "ward_name": "21 - Kogilu", "subvalley": "HN_2", "area_m": 53296 }, "geometry": { "type": "MultiPolygon", "coordinates": [ [ [ [ 77.641876721246561, 13.104439251770998, 0.0 ], [ 77.642125409419009, 13.105165604480527, 0.0 ], [ 77.642387655462528, 13.105421143487716, 0.0 ], [ 77.642606565875042, 13.105468732707948, 0.0 ], [ 77.643187154360589, 13.105535357616191, 0.0 ], [ 77.643653528717664, 13.105592464680342, 0.0 ], [ 77.643900992662282, 13.10563053605642, 0.0 ], [ 77.643992617786637, 13.105487572605741, 0.0 ], [ 77.64415797445082, 13.10544969701988, 0.0 ], [ 77.644338813487195, 13.104850072846491, 0.0 ], [ 77.643996171102515, 13.104069609636499, 0.0 ], [ 77.643793916917048, 13.103641306655502, 0.0 ], [ 77.64313718567945, 13.10346998546305, 0.0 ], [ 77.64266605240023, 13.10348426222896, 0.0 ], [ 77.641895107034372, 13.103341494568715, 0.0 ], [ 77.641652402011744, 13.103784074315799, 0.0 ], [ 77.641876721246561, 13.104439251770998, 0.0 ] ] ] ] } },
{ "type": "Feature", "properties": { "fid": 195, "year": "present", "condition": true, "Overlap": 0, "custodian": "BBMP", "status": null, "name": "Lakshmipura Kere", "bbmp_id": 173, "Category": "kere", "area": 32461.133827112615, "perimeter": 766.51748263323145, "area_acres": 8.02, "valley": "Arkavathi Valley", "Corporation": "North", "ward_name": "65 - Abbigere", "subvalley": "AV_1", "area_m": 32427 }, "geometry": { "type": "MultiPolygon", "coordinates": [ [ [ [ 77.5307087, 13.086376, 0.0 ], [ 77.5307841, 13.0863284, 0.0 ], [ 77.5307852, 13.0863277, 0.0 ], [ 77.5307886, 13.086326, 0.0 ], [ 77.530936200000014, 13.0862623, 0.0 ], [ 77.5310149, 13.0862213, 0.0 ], [ 77.53108850000001, 13.0861675, 0.0 ], [ 77.5313429, 13.0858679, 0.0 ], [ 77.5313849, 13.0858118, 0.0 ], [ 77.5314061, 13.0857745, 0.0 ], [ 77.5314251, 13.0857331, 0.0 ], [ 77.5314344, 13.085706, 0.0 ], [ 77.531442, 13.0856607, 0.0 ], [ 77.5314417, 13.0856268, 0.0 ], [ 77.5314363, 13.0855956, 0.0 ], [ 77.5314269, 13.0855699, 0.0 ], [ 77.5314162, 13.085547, 0.0 ], [ 77.5313698, 13.0854659, 0.0 ], [ 77.5312727, 13.0853094, 0.0 ], [ 77.5311447, 13.0851253, 0.0 ], [ 77.5311441, 13.0851244, 0.0 ], [ 77.5310661, 13.085003, 0.0 ], [ 77.5310658, 13.0850026, 0.0 ], [ 77.5309754, 13.0848566, 0.0 ], [ 77.5309748, 13.0848556, 0.0 ], [ 77.5309208, 13.0847594, 0.0 ], [ 77.5309203, 13.0847585, 0.0 ], [ 77.5308746, 13.0846703, 0.0 ], [ 77.5305819, 13.0841111, 0.0 ], [ 77.5305787, 13.0841055, 0.0 ], [ 77.5305607, 13.0841505, 0.0 ], [ 77.530560500000021, 13.084151, 0.0 ], [ 77.5305222, 13.0842388, 0.0 ], [ 77.5304758, 13.0843405, 0.0 ], [ 77.5304188, 13.0844597, 0.0 ], [ 77.53034, 13.0846173, 0.0 ], [ 77.5303396, 13.084618, 0.0 ], [ 77.5302859, 13.0847148, 0.0 ], [ 77.5302857, 13.0847152, 0.0 ], [ 77.53025, 13.0847744, 0.0 ], [ 77.5302497, 13.0847749, 0.0 ], [ 77.530207, 13.0848406, 0.0 ], [ 77.5302065, 13.0848413, 0.0 ], [ 77.5301473, 13.0849231, 0.0 ], [ 77.5301469, 13.0849236, 0.0 ], [ 77.5300142, 13.0850934, 0.0 ], [ 77.5297913, 13.0853682, 0.0 ], [ 77.5295958, 13.0856065, 0.0 ], [ 77.5295234, 13.0857038, 0.0 ], [ 77.529523, 13.0857042, 0.0 ], [ 77.529485, 13.0857522, 0.0 ], [ 77.5294808, 13.0857573, 0.0 ], [ 77.5294797, 13.0857585, 0.0 ], [ 77.5294686, 13.0857695, 0.0 ], [ 77.5294678, 13.0857704, 0.0 ], [ 77.5294586, 13.0857784, 0.0 ], [ 77.5294581, 13.0857788, 0.0 ], [ 77.5294393, 13.0857939, 0.0 ], [ 77.529438500000012, 13.0857945, 0.0 ], [ 77.5294216, 13.0858066, 0.0 ], [ 77.5294201, 13.0858076, 0.0 ], [ 77.5294186, 13.0858083, 0.0 ], [ 77.5293895, 13.0858218, 0.0 ], [ 77.5293879, 13.0858224, 0.0 ], [ 77.5293453, 13.0858372, 0.0 ], [ 77.5293262, 13.0858441, 0.0 ], [ 77.5293047, 13.0858529, 0.0 ], [ 77.5292899, 13.0858604, 0.0 ], [ 77.5292757, 13.0858687, 0.0 ], [ 77.52926810000001, 13.0858742, 0.0 ], [ 77.5292509, 13.085891, 0.0 ], [ 77.5292434, 13.0859012, 0.0 ], [ 77.5292318, 13.0859236, 0.0 ], [ 77.5292268, 13.0859368, 0.0 ], [ 77.5292216, 13.0859619, 0.0 ], [ 77.529219900000015, 13.0859732, 0.0 ], [ 77.5292155, 13.0860158, 0.0 ], [ 77.5292157, 13.0860499, 0.0 ], [ 77.5292326, 13.0862728, 0.0 ], [ 77.5293263, 13.0863011, 0.0 ], [ 77.5294107, 13.0863215, 0.0 ], [ 77.5294419, 13.086328, 0.0 ], [ 77.5295691, 13.0863438, 0.0 ], [ 77.5297134, 13.0863618, 0.0 ], [ 77.5299114, 13.0863753, 0.0 ], [ 77.5301726, 13.086393, 0.0 ], [ 77.5302199, 13.086393, 0.0 ], [ 77.530437100000015, 13.0863928, 0.0 ], [ 77.5305718, 13.0863915, 0.0 ], [ 77.5307087, 13.086376, 0.0 ] ] ] ] } },
{ "type": "Feature", "properties": { "fid": 196, "year": "present", "condition": true, "Overlap": 0, "custodian": "Aeronautical Development Establishment", "status": null, "name": "ADE kunte", "bbmp_id": null, "Category": "kunte", "area": 2400.5350968856364, "perimeter": 206.32427637624872, "area_acres": 0.59, "valley": "Koramangala Challaghatta Valley", "Corporation": "Central", "ward_name": "15 - Indiranagar", "subvalley": "KC_1", "area_m": 2398 }, "geometry": { "type": "MultiPolygon", "coordinates": [ [ [ [ 77.6478663, 12.9786161, 0.0 ], [ 77.6478248, 12.9786117, 0.0 ], [ 77.6477811, 12.9786241, 0.0 ], [ 77.6477594, 12.9786458, 0.0 ], [ 77.6477332, 12.9787059, 0.0 ], [ 77.6477192, 12.9787634, 0.0 ], [ 77.6477148, 12.9788112, 0.0 ], [ 77.6477153, 12.9788542, 0.0 ], [ 77.6477224, 12.978886, 0.0 ], [ 77.6477549, 12.978916, 0.0 ], [ 77.6478358, 12.9789606, 0.0 ], [ 77.6479216, 12.9790051, 0.0 ], [ 77.6479953, 12.9790546, 0.0 ], [ 77.6480981, 12.9791013, 0.0 ], [ 77.6481716, 12.9791316, 0.0 ], [ 77.6482326, 12.9791406, 0.0 ], [ 77.6482911, 12.97914, 0.0 ], [ 77.6483372, 12.9791228, 0.0 ], [ 77.648388, 12.9790864, 0.0 ], [ 77.648412, 12.9790551, 0.0 ], [ 77.6484166, 12.9790288, 0.0 ], [ 77.6484089, 12.9789858, 0.0 ], [ 77.6483866, 12.9789502, 0.0 ], [ 77.6483448, 12.9789171, 0.0 ], [ 77.648256600000011, 12.978875, 0.0 ], [ 77.6481512, 12.9788211, 0.0 ], [ 77.6480874, 12.9787787, 0.0 ], [ 77.6479917, 12.9787152, 0.0 ], [ 77.6479474, 12.9786774, 0.0 ], [ 77.6478981, 12.9786301, 0.0 ], [ 77.6478663, 12.9786161, 0.0 ] ] ] ] } },
{ "type": "Feature", "properties": { "fid": 197, "year": "present", "condition": true, "Overlap": 0, "custodian": "Unknown", "status": null, "name": "Karagada Kunte", "bbmp_id": null, "Category": "kunte", "area": 2840.373734857887, "perimeter": 242.72131251979124, "area_acres": 0.7, "valley": "Koramangala Challaghatta Valley", "Corporation": "Central", "ward_name": "4 - Sampangirama Nagar", "subvalley": "KC_1", "area_m": 2837 }, "geometry": { "type": "MultiPolygon", "coordinates": [ [ [ [ 77.592391746401105, 12.971348403009456, 0.0 ], [ 77.592403026832329, 12.971337122578234, 0.0 ], [ 77.592411487155744, 12.97132584214701, 0.0 ], [ 77.592419947479172, 12.971314561715781, 0.0 ], [ 77.592431227910396, 12.971306101392367, 0.0 ], [ 77.59243968823381, 12.971294820961143, 0.0 ], [ 77.592450968665034, 12.971286360637725, 0.0 ], [ 77.592462249096258, 12.971277900314304, 0.0 ], [ 77.592473529527481, 12.971266619883083, 0.0 ], [ 77.592484809958705, 12.971258159559662, 0.0 ], [ 77.592493270282134, 12.971246879128435, 0.0 ], [ 77.592501730605548, 12.971232778589409, 0.0 ], [ 77.592504550713358, 12.971218678050377, 0.0 ], [ 77.592507370821153, 12.971204577511342, 0.0 ], [ 77.592507370821153, 12.971190476972314, 0.0 ], [ 77.592498910497739, 12.971179196541083, 0.0 ], [ 77.592490450174324, 12.971167916109861, 0.0 ], [ 77.592476349635291, 12.971159455786449, 0.0 ], [ 77.592467889311877, 12.971148175355221, 0.0 ], [ 77.592453788772843, 12.971139715031805, 0.0 ], [ 77.59243968823381, 12.97113125470838, 0.0 ], [ 77.592428407802586, 12.971122794384968, 0.0 ], [ 77.592411487155744, 12.971114334061545, 0.0 ], [ 77.592397386616724, 12.971108693845938, 0.0 ], [ 77.592380465969882, 12.971103053630326, 0.0 ], [ 77.592366365430848, 12.971094593306903, 0.0 ], [ 77.592355084999625, 12.971086132983485, 0.0 ], [ 77.592343804568401, 12.971077672660069, 0.0 ], [ 77.592332524137177, 12.971069212336651, 0.0 ], [ 77.592324063813763, 12.971057931905428, 0.0 ], [ 77.592315603490334, 12.971046651474207, 0.0 ], [ 77.592304323059111, 12.971038191150784, 0.0 ], [ 77.592295862735696, 12.97102691071956, 0.0 ], [ 77.592284582304472, 12.971015630288338, 0.0 ], [ 77.592273301873249, 12.971004349857107, 0.0 ], [ 77.592264841549834, 12.97099024931808, 0.0 ], [ 77.592253561118611, 12.970978968886854, 0.0 ], [ 77.592242280687387, 12.970964868347822, 0.0 ], [ 77.592233820363958, 12.970953587916597, 0.0 ], [ 77.592222539932735, 12.970942307485373, 0.0 ], [ 77.592211259501511, 12.970931027054146, 0.0 ], [ 77.592202799178096, 12.970919746622926, 0.0 ], [ 77.592191518746873, 12.970908466191704, 0.0 ], [ 77.592180238315649, 12.970897185760473, 0.0 ], [ 77.592168957884425, 12.970888725437055, 0.0 ], [ 77.592160497560997, 12.970874624898025, 0.0 ], [ 77.592152037237582, 12.970863344466805, 0.0 ], [ 77.592140756806359, 12.970852064035579, 0.0 ], [ 77.592129476375135, 12.970840783604359, 0.0 ], [ 77.592118195943911, 12.970829503173126, 0.0 ], [ 77.592106915512687, 12.970818222741904, 0.0 ], [ 77.592095635081463, 12.970806942310679, 0.0 ], [ 77.59208435465024, 12.97079566187945, 0.0 ], [ 77.592075894326825, 12.970784381448231, 0.0 ], [ 77.592067434003397, 12.970773101017008, 0.0 ], [ 77.592058973679983, 12.970759000477972, 0.0 ], [ 77.592050513356568, 12.97074772004675, 0.0 ], [ 77.59204205303314, 12.970736439615518, 0.0 ], [ 77.592027952494121, 12.970725159184301, 0.0 ], [ 77.592019492170692, 12.970711058645271, 0.0 ], [ 77.592011031847278, 12.970699778214044, 0.0 ], [ 77.592002571523864, 12.97068849778282, 0.0 ], [ 77.591994111200435, 12.970677217351598, 0.0 ], [ 77.591982830769211, 12.970665936920373, 0.0 ], [ 77.591974370445797, 12.970654656489151, 0.0 ], [ 77.591963090014573, 12.970643376057923, 0.0 ], [ 77.59194898947554, 12.970632095626698, 0.0 ], [ 77.591937709044316, 12.970623635303275, 0.0 ], [ 77.591926428613093, 12.970615174979862, 0.0 ], [ 77.591915148181869, 12.970606714656444, 0.0 ], [ 77.591901047642835, 12.970606714656439, 0.0 ], [ 77.591886947103802, 12.970606714656441, 0.0 ], [ 77.591870026456974, 12.970606714656437, 0.0 ], [ 77.59185592591794, 12.970615174979862, 0.0 ], [ 77.591850285702321, 12.970629275518894, 0.0 ], [ 77.591841825378907, 12.970640555950112, 0.0 ], [ 77.591833365055493, 12.970651836381345, 0.0 ], [ 77.591824904732078, 12.970663116812567, 0.0 ], [ 77.59181644440865, 12.970674397243792, 0.0 ], [ 77.591807984085236, 12.97068849778282, 0.0 ], [ 77.591799523761821, 12.97070541842966, 0.0 ], [ 77.591791063438393, 12.970722339076493, 0.0 ], [ 77.591788243330598, 12.970736439615523, 0.0 ], [ 77.591782603114979, 12.970753360262361, 0.0 ], [ 77.591779783007169, 12.970767460801397, 0.0 ], [ 77.591776962899374, 12.970781561340425, 0.0 ], [ 77.591776962899374, 12.970795661879455, 0.0 ], [ 77.591774142791564, 12.970809762418488, 0.0 ], [ 77.591771322683755, 12.970823862957518, 0.0 ], [ 77.591771322683755, 12.97083796349655, 0.0 ], [ 77.591771322683755, 12.970854884143384, 0.0 ], [ 77.591771322683755, 12.970868984682415, 0.0 ], [ 77.591771322683755, 12.970883085221447, 0.0 ], [ 77.591771322683755, 12.970897185760471, 0.0 ], [ 77.591774142791564, 12.97091128629951, 0.0 ], [ 77.591776962899374, 12.970925386838537, 0.0 ], [ 77.591776962899374, 12.970939487377565, 0.0 ], [ 77.591779783007169, 12.970956408024406, 0.0 ], [ 77.591782603114979, 12.970970508563431, 0.0 ], [ 77.591791063438393, 12.970984609102468, 0.0 ], [ 77.591793883546202, 12.970998709641494, 0.0 ], [ 77.591805163977426, 12.971009990072719, 0.0 ], [ 77.59181644440865, 12.971018450396144, 0.0 ], [ 77.591827724839874, 12.971029730827363, 0.0 ], [ 77.591841825378907, 12.971038191150784, 0.0 ], [ 77.591853105810131, 12.971046651474206, 0.0 ], [ 77.591864386241355, 12.971055111797622, 0.0 ], [ 77.591875666672578, 12.971063572121034, 0.0 ], [ 77.591889767211612, 12.971069212336651, 0.0 ], [ 77.591903867750645, 12.971074852552263, 0.0 ], [ 77.591920788397474, 12.971080492767877, 0.0 ], [ 77.591937709044316, 12.971086132983485, 0.0 ], [ 77.591954629691159, 12.971091773199102, 0.0 ], [ 77.591968730230178, 12.971097413414714, 0.0 ], [ 77.591980010661416, 12.971105873738134, 0.0 ], [ 77.59198847098483, 12.971117154169356, 0.0 ], [ 77.592391746401105, 12.971348403009456, 0.0 ] ] ] ] } },
{ "type": "Feature", "properties": { "fid": 198, "year": "present", "condition": true, "Overlap": 0, "custodian": "Horitculture Department", "status": null, "name": "Cubbon Park Kunte", "bbmp_id": null, "Category": "kunte", "area": 1207.2872368700337, "perimeter": 169.46632679362295, "area_acres": 0.3, "valley": "Koramangala Challaghatta Valley", "Corporation": "Central", "ward_name": "4 - Sampangirama Nagar", "subvalley": "KC_1", "area_m": 1206 }, "geometry": { "type": "MultiPolygon", "coordinates": [ [ [ [ 77.592868344620328, 12.97174321810232, 0.0 ], [ 77.593226498311708, 12.97201535850561, 0.0 ], [ 77.593356223270803, 12.972052019907094, 0.0 ], [ 77.593423905858145, 12.97202240877513, 0.0 ], [ 77.593418265642526, 12.971973056888526, 0.0 ], [ 77.592934617153773, 12.971579651849565, 0.0 ], [ 77.59286693456643, 12.971609262981529, 0.0 ], [ 77.592842963650085, 12.971657204814226, 0.0 ], [ 77.592868344620328, 12.97174321810232, 0.0 ] ] ] ] } },
{ "type": "Feature", "properties": { "fid": 199, "year": "present", "condition": true, "Overlap": 0, "custodian": "Horitculture Department", "status": null, "name": "Lotus Pond", "bbmp_id": null, "Category": "gokatte", "area": 6492.0768876187503, "perimeter": 363.30495481112081, "area_acres": 1.6, "valley": "Koramangala Challaghatta Valley", "Corporation": "Central", "ward_name": "4 - Sampangirama Nagar", "subvalley": "KC_1", "area_m": 6485 }, "geometry": { "type": "MultiPolygon", "coordinates": [ [ [ [ 77.596125569136447, 12.977506813431134, 0.0 ], [ 77.596509103798084, 12.977354527609597, 0.0 ], [ 77.596678310266455, 12.977326326531536, 0.0 ], [ 77.597053384604664, 12.977388368903274, 0.0 ], [ 77.597118247084211, 12.977337606962761, 0.0 ], [ 77.597160548701297, 12.977230442866132, 0.0 ], [ 77.597160548701297, 12.977111998338277, 0.0 ], [ 77.596827775980174, 12.977055596182154, 0.0 ], [ 77.596695230913284, 12.976931511438679, 0.0 ], [ 77.596387839162418, 12.976925871223065, 0.0 ], [ 77.595956362668076, 12.976990733702607, 0.0 ], [ 77.595804076846548, 12.977157120063179, 0.0 ], [ 77.595809717062153, 12.977334786854957, 0.0 ], [ 77.595945082236852, 12.977484252568692, 0.0 ], [ 77.596125569136447, 12.977506813431134, 0.0 ] ] ] ] } },
{ "type": "Feature", "properties": { "fid": 200, "year": "present", "condition": true, "Overlap": 0, "custodian": "Unknown", "status": null, "name": "Hennur Biodiversity Kunte", "bbmp_id": null, "Category": "gokatte", "area": 10861.497460190207, "perimeter": 437.66687823644617, "area_acres": 2.68, "valley": "Hebbal Nagawara Valley", "Corporation": "North", "ward_name": "24 - HBR Layout", "subvalley": "HN_1", "area_m": 10848 }, "geometry": { "type": "MultiPolygon", "coordinates": [ [ [ [ 77.6271617, 13.0367975, 0.0 ], [ 77.6272942, 13.0365843, 0.0 ], [ 77.6273696, 13.0364509, 0.0 ], [ 77.62741960000001, 13.0363392, 0.0 ], [ 77.6274516, 13.0362529, 0.0 ], [ 77.6275081, 13.0360658, 0.0 ], [ 77.6275284, 13.0359089, 0.0 ], [ 77.627487, 13.0358958, 0.0 ], [ 77.627431, 13.0358793, 0.0 ], [ 77.6274304, 13.0358791, 0.0 ], [ 77.6274298, 13.0358789, 0.0 ], [ 77.6273795, 13.0358589, 0.0 ], [ 77.6273779, 13.0358581, 0.0 ], [ 77.6273766, 13.0358573, 0.0 ], [ 77.627339, 13.0358308, 0.0 ], [ 77.6273383, 13.0358303, 0.0 ], [ 77.6273381, 13.0358301, 0.0 ], [ 77.6272733, 13.0357749, 0.0 ], [ 77.6272202, 13.0357322, 0.0 ], [ 77.6271523, 13.0357012, 0.0 ], [ 77.6270009, 13.0356614, 0.0 ], [ 77.6269999, 13.0356611, 0.0 ], [ 77.6269991, 13.0356608, 0.0 ], [ 77.6269345, 13.0356342, 0.0 ], [ 77.626933, 13.0356335, 0.0 ], [ 77.6268809, 13.0356044, 0.0 ], [ 77.6268546, 13.0355941, 0.0 ], [ 77.6268205, 13.0355857, 0.0 ], [ 77.6267965, 13.0355823, 0.0 ], [ 77.6267379, 13.0355828, 0.0 ], [ 77.6266776, 13.0355863, 0.0 ], [ 77.6266197, 13.0355961, 0.0 ], [ 77.6266626, 13.0358541, 0.0 ], [ 77.6266626, 13.0358546, 0.0 ], [ 77.6266891, 13.0360545, 0.0 ], [ 77.6266892, 13.0360561, 0.0 ], [ 77.6266892, 13.0360565, 0.0 ], [ 77.6266855, 13.0362776, 0.0 ], [ 77.6266854, 13.0362787, 0.0 ], [ 77.6266551, 13.0365834, 0.0 ], [ 77.6266431, 13.0368742, 0.0 ], [ 77.6266476, 13.0368955, 0.0 ], [ 77.6266552, 13.036918, 0.0 ], [ 77.6267605, 13.0370387, 0.0 ], [ 77.6267888, 13.0370725, 0.0 ], [ 77.6268092, 13.0370837, 0.0 ], [ 77.6268392, 13.0370806, 0.0 ], [ 77.6268911, 13.0370444, 0.0 ], [ 77.6271617, 13.0367975, 0.0 ] ] ] ] } },
{ "type": "Feature", "properties": { "fid": 201, "year": "present", "condition": true, "Overlap": 0, "custodian": "Subramanya Swamy Temple", "status": null, "name": "Subramanya Swamy Temple Kalyani", "bbmp_id": null, "Category": "kalyani", "area": 959.56201457045972, "perimeter": 124.22092028017856, "area_acres": 0.24, "valley": "Koramangala Challaghatta Valley", "Corporation": "Central", "ward_name": "24 - Agaram", "subvalley": "KC_1", "area_m": 958 }, "geometry": { "type": "MultiPolygon", "coordinates": [ [ [ [ 77.627810890393008, 12.977538539644064, 0.0 ], [ 77.628115462036078, 12.97753571953626, 0.0 ], [ 77.628112641928269, 12.977270629402476, 0.0 ], [ 77.627805250177403, 12.977281909833705, 0.0 ], [ 77.627810890393008, 12.977538539644064, 0.0 ] ] ] ] } },
{ "type": "Feature", "properties": { "fid": 202, "year": "present", "condition": true, "Overlap": 0, "custodian": "Subramanya Swamy Temple", "status": null, "name": "Subramanya Swamy Temple Kalyani", "bbmp_id": null, "Category": "kalyani", "area": 547.66308326460421, "perimeter": 93.691017645857798, "area_acres": 0.14, "valley": "Koramangala Challaghatta Valley", "Corporation": "Central", "ward_name": "8 - Halasuru", "subvalley": "KC_1", "area_m": 547 }, "geometry": { "type": "MultiPolygon", "coordinates": [ [ [ [ 77.624591032305347, 12.975926143005905, 0.0 ], [ 77.624812410768129, 12.975885251442714, 0.0 ], [ 77.62477715942056, 12.975682203680666, 0.0 ], [ 77.624561421173382, 12.975724505297764, 0.0 ], [ 77.624591032305347, 12.975926143005905, 0.0 ] ] ] ] } },
{ "type": "Feature", "properties": { "fid": 203, "year": "present", "condition": true, "Overlap": 0, "custodian": "Shri Ganapathi Temple", "status": null, "name": "Kalyani Shri Ganapathi Temple", "bbmp_id": null, "Category": "kalyani", "area": 1180.3319716192782, "perimeter": 137.46296544747418, "area_acres": 0.29, "valley": "Koramangala Challaghatta Valley", "Corporation": "Central", "ward_name": "38 - Kanakanapalya", "subvalley": "KC_1", "area_m": 1179 }, "geometry": { "type": "MultiPolygon", "coordinates": [ [ [ [ 77.589288922788086, 12.943325696766864, 0.0 ], [ 77.589587854215537, 12.943252373963904, 0.0 ], [ 77.589508891196957, 12.942947802320843, 0.0 ], [ 77.5892043195539, 12.943018305016002, 0.0 ], [ 77.589288922788086, 12.943325696766864, 0.0 ] ] ] ] } },
{ "type": "Feature", "properties": { "fid": 204, "year": "present", "condition": true, "Overlap": 0, "custodian": "Shri Someshwara Swamy Temple", "status": null, "name": "Shri Someshwara Swamy Temple Varthur Raja Kalyani", "bbmp_id": null, "Category": "kalyani", "area": 334.05667312629521, "perimeter": 73.13542861267122, "area_acres": 0.08, "valley": "Koramangala Challaghatta Valley", "Corporation": "East", "ward_name": "40 - Varthur", "subvalley": "KC_2", "area_m": 334 }, "geometry": { "type": "MultiPolygon", "coordinates": [ [ [ [ 77.749181985127123, 12.94242537734978, 0.0 ], [ 77.749352601649392, 12.942457808589545, 0.0 ], [ 77.749383622835254, 12.942295652390698, 0.0 ], [ 77.749220056582502, 12.942267451312633, 0.0 ], [ 77.749181985127123, 12.94242537734978, 0.0 ] ] ] ] } },
{ "type": "Feature", "properties": { "fid": 205, "year": "present", "condition": true, "Overlap": 0, "custodian": "Unknown", "status": null, "name": "Kalkere Kalyani", "bbmp_id": null, "Category": "kalyani", "area": 2074.6026528775692, "perimeter": 182.47072789258792, "area_acres": 0.51, "valley": "Hebbal Nagawara Valley", "Corporation": "East", "ward_name": "6 - Kalkere", "subvalley": "HN_2", "area_m": 2072 }, "geometry": { "type": "MultiPolygon", "coordinates": [ [ [ [ 77.674418158922961, 13.034453085144689, 0.0 ], [ 77.67487103708892, 13.034492547557491, 0.0 ], [ 77.674904862014174, 13.034101681754507, 0.0 ], [ 77.674489567098504, 13.034058461016679, 0.0 ], [ 77.674418158922961, 13.034453085144689, 0.0 ] ] ] ] } }
]
}
